<?xml version="1.0" encoding="UTF-8"?>
<!DOCTYPE X3D PUBLIC "ISO//Web3D//DTD X3D 3.1//EN" "http://www.web3d.org/specifications/x3d-3.1.dtd">
<X3D version="3.1" xmlns:xsd="http://www.w3.org/2001/XMLSchema-instance" profile="Immersive" xsd:noNamespaceSchemaLocation="http://www.web3d.org/specifications/x3d-3.1.xsd">
 <head>
  <meta content="Modelo_Burney_Queen.x3d" name="title"/>
  <meta content="Generated from Meshlab X3D Exported" name="description"/>
  <meta content="29 enero 2026" name="created"/>
  <meta content="Meshlab X3D Exported, https://www.meshlab.net" name="generator"/>
 </head>
 <Scene>
  <Shape>
   <IndexedFaceSet coordIndex="0 1 2 -1 3 4 5 -1 6 1 0 -1 7 6 8 -1 9 10 11 -1 12 9 11 -1 13 14 15 -1 14 16 17 -1 16 14 13 -1 13 18 16 -1 2 1 19 -1 20 3 21 -1 4 3 20 -1 22 23 24 -1 21 25 26 -1 25 21 3 -1 27 28 22 -1 3 29 25 -1 3 30 29 -1 31 32 33 -1 26 25 34 -1 35 36 12 -1 25 29 34 -1 37 34 29 -1 37 29 38 -1 39 37 38 -1 38 40 39 -1 35 12 41 -1 42 43 44 -1 44 43 45 -1 45 43 46 -1 24 47 22 -1 48 4 20 -1 42 49 48 -1 49 50 4 -1 24 35 41 -1 48 49 4 -1 24 41 47 -1 50 51 5 -1 5 4 50 -1 51 52 5 -1 49 42 44 -1 44 50 49 -1 5 30 3 -1 30 5 52 -1 22 47 53 -1 29 30 54 -1 0 2 55 -1 50 44 56 -1 55 57 0 -1 58 0 57 -1 56 44 45 -1 59 58 57 -1 60 61 62 -1 17 56 45 -1 63 56 17 -1 64 60 62 -1 65 63 17 -1 65 66 67 -1 6 68 1 -1 63 65 67 -1 10 68 6 -1 18 68 10 -1 7 10 6 -1 8 0 58 -1 8 6 0 -1 69 66 65 -1 46 14 45 -1 46 70 14 -1 8 71 7 -1 71 10 7 -1 14 70 72 -1 15 14 72 -1 73 15 72 -1 74 15 73 -1 73 55 74 -1 2 74 55 -1 11 75 12 -1 17 45 14 -1 11 10 71 -1 11 71 76 -1 75 11 76 -1 76 77 75 -1 78 17 16 -1 8 58 79 -1 65 17 78 -1 8 79 71 -1 65 36 69 -1 18 78 16 -1 80 58 59 -1 79 58 80 -1 80 81 79 -1 36 65 78 -1 71 79 82 -1 76 71 82 -1 13 74 19 -1 15 74 13 -1 19 68 13 -1 19 74 2 -1 1 68 19 -1 83 84 85 -1 68 18 13 -1 76 82 86 -1 87 84 83 -1 79 81 88 -1 82 79 88 -1 89 90 91 -1 92 87 83 -1 90 93 91 -1 78 18 9 -1 36 78 9 -1 86 82 88 -1 12 36 9 -1 60 88 94 -1 86 88 60 -1 95 92 96 -1 18 10 9 -1 38 29 54 -1 87 92 95 -1 97 93 90 -1 54 98 38 -1 99 92 83 -1 100 89 101 -1 90 89 100 -1 100 97 90 -1 102 97 100 -1 98 103 38 -1 104 38 103 -1 85 100 101 -1 84 100 85 -1 105 92 99 -1 96 92 106 -1 87 100 84 -1 102 100 87 -1 92 105 106 -1 98 54 107 -1 95 102 87 -1 40 38 104 -1 108 41 12 -1 107 66 98 -1 12 75 108 -1 108 75 77 -1 109 105 99 -1 110 111 112 -1 113 41 108 -1 47 41 113 -1 66 69 23 -1 98 66 23 -1 53 47 113 -1 108 114 113 -1 35 23 69 -1 108 77 115 -1 35 69 36 -1 76 86 77 -1 23 35 24 -1 86 115 77 -1 114 108 115 -1 114 115 116 -1 116 64 114 -1 64 117 114 -1 113 118 53 -1 118 119 53 -1 120 119 118 -1 120 121 122 -1 118 113 114 -1 114 121 118 -1 121 114 117 -1 123 121 117 -1 120 118 121 -1 115 86 60 -1 61 60 94 -1 116 115 60 -1 60 64 116 -1 124 125 126 -1 20 21 127 -1 127 128 20 -1 127 21 129 -1 21 26 129 -1 130 129 26 -1 131 132 133 -1 134 119 120 -1 26 34 135 -1 136 137 138 -1 139 132 131 -1 140 132 139 -1 137 141 138 -1 135 130 26 -1 142 138 141 -1 37 135 34 -1 143 135 37 -1 141 144 142 -1 139 131 145 -1 143 37 39 -1 146 147 148 -1 141 137 149 -1 150 146 148 -1 134 120 122 -1 122 151 134 -1 125 124 152 -1 152 153 125 -1 154 134 155 -1 143 39 156 -1 157 158 159 -1 160 142 144 -1 161 157 162 -1 141 163 144 -1 39 164 156 -1 155 134 151 -1 162 165 161 -1 164 39 40 -1 155 151 166 -1 156 164 167 -1 168 153 169 -1 170 144 163 -1 171 168 169 -1 172 171 169 -1 163 173 170 -1 174 164 40 -1 167 164 174 -1 155 175 154 -1 144 176 160 -1 172 169 177 -1 122 121 178 -1 151 122 178 -1 176 144 170 -1 176 170 179 -1 180 151 178 -1 43 42 181 -1 181 182 43 -1 178 121 183 -1 46 43 182 -1 182 184 46 -1 171 172 185 -1 48 20 128 -1 42 48 181 -1 149 186 141 -1 51 50 187 -1 166 175 155 -1 185 188 171 -1 151 180 166 -1 67 51 187 -1 180 189 166 -1 186 163 141 -1 175 166 189 -1 52 51 67 -1 107 52 67 -1 190 191 192 -1 30 52 107 -1 30 107 54 -1 186 149 193 -1 56 187 50 -1 194 154 175 -1 187 56 63 -1 186 195 163 -1 196 171 188 -1 188 197 196 -1 198 154 194 -1 67 187 63 -1 67 66 107 -1 198 199 200 -1 197 188 201 -1 70 46 184 -1 202 163 203 -1 173 163 202 -1 70 184 72 -1 72 204 73 -1 55 73 205 -1 203 163 195 -1 198 194 206 -1 199 198 206 -1 207 172 177 -1 207 208 172 -1 104 209 40 -1 210 194 175 -1 186 193 195 -1 193 149 211 -1 208 185 172 -1 212 210 175 -1 208 213 185 -1 214 185 213 -1 188 185 214 -1 206 194 210 -1 210 215 206 -1 103 216 104 -1 217 199 206 -1 215 210 212 -1 209 104 216 -1 23 103 98 -1 216 103 23 -1 208 207 119 -1 211 195 193 -1 218 206 215 -1 219 183 123 -1 178 183 219 -1 23 28 216 -1 208 119 134 -1 208 134 213 -1 180 178 219 -1 209 220 40 -1 220 174 40 -1 219 123 221 -1 202 203 222 -1 222 203 223 -1 224 174 220 -1 220 209 225 -1 195 223 203 -1 223 195 226 -1 219 189 180 -1 225 224 220 -1 214 213 154 -1 189 212 175 -1 222 223 227 -1 189 228 212 -1 227 223 226 -1 154 213 134 -1 189 219 229 -1 228 189 229 -1 219 221 230 -1 230 229 219 -1 225 209 216 -1 225 216 231 -1 224 225 231 -1 214 201 188 -1 232 229 230 -1 224 177 152 -1 177 224 231 -1 153 152 177 -1 177 169 153 -1 233 195 211 -1 226 195 233 -1 201 234 235 -1 214 234 201 -1 226 233 236 -1 214 198 234 -1 28 23 22 -1 237 217 238 -1 198 214 154 -1 239 240 217 -1 231 216 28 -1 231 28 27 -1 239 217 237 -1 200 235 234 -1 237 241 239 -1 198 200 234 -1 206 218 238 -1 217 206 238 -1 242 27 22 -1 242 231 27 -1 177 231 242 -1 237 238 218 -1 207 177 242 -1 243 237 218 -1 190 244 245 -1 241 237 243 -1 246 247 248 -1 53 242 22 -1 248 190 245 -1 245 246 248 -1 249 250 251 -1 251 239 241 -1 251 241 252 -1 53 119 242 -1 246 245 253 -1 254 251 252 -1 253 245 244 -1 254 249 251 -1 207 242 119 -1 255 249 254 -1 253 244 256 -1 253 257 258 -1 257 253 259 -1 150 247 246 -1 246 260 150 -1 146 150 260 -1 205 261 55 -1 57 55 261 -1 260 246 253 -1 261 262 57 -1 253 263 260 -1 59 57 262 -1 264 59 262 -1 265 59 264 -1 252 266 254 -1 267 260 263 -1 59 268 80 -1 265 268 59 -1 268 81 80 -1 88 81 93 -1 254 266 269 -1 268 91 81 -1 91 268 265 -1 89 91 265 -1 270 89 265 -1 269 255 254 -1 93 81 91 -1 146 260 267 -1 271 88 93 -1 88 271 94 -1 266 272 269 -1 146 273 147 -1 263 253 258 -1 101 89 270 -1 263 258 274 -1 266 252 275 -1 271 93 97 -1 267 263 274 -1 276 267 274 -1 95 97 102 -1 271 97 95 -1 274 258 277 -1 277 258 257 -1 278 230 279 -1 276 274 277 -1 232 230 278 -1 257 280 277 -1 276 277 280 -1 146 267 276 -1 281 271 95 -1 273 146 276 -1 94 271 281 -1 276 280 273 -1 282 273 280 -1 283 284 255 -1 285 255 272 -1 286 256 240 -1 256 259 253 -1 255 285 283 -1 287 283 285 -1 259 256 286 -1 272 255 269 -1 183 121 123 -1 288 117 64 -1 256 235 200 -1 62 288 64 -1 200 240 256 -1 266 289 272 -1 285 272 289 -1 290 285 289 -1 289 291 290 -1 240 200 199 -1 199 217 240 -1 291 292 290 -1 287 285 290 -1 290 293 287 -1 286 240 239 -1 288 62 294 -1 239 251 286 -1 280 257 295 -1 296 293 290 -1 295 257 259 -1 297 280 295 -1 117 288 123 -1 123 288 221 -1 297 295 250 -1 296 290 292 -1 295 259 286 -1 286 250 295 -1 298 296 292 -1 250 286 251 -1 294 299 288 -1 221 288 299 -1 250 284 297 -1 300 297 284 -1 284 250 249 -1 301 302 293 -1 249 255 284 -1 221 299 230 -1 303 85 101 -1 83 85 303 -1 293 296 301 -1 304 83 303 -1 147 305 148 -1 99 83 304 -1 306 307 308 -1 305 309 306 -1 281 95 310 -1 307 306 309 -1 281 311 94 -1 61 94 311 -1 311 281 310 -1 310 95 96 -1 310 96 106 -1 307 31 312 -1 308 307 312 -1 31 33 312 -1 310 313 311 -1 304 314 99 -1 33 315 312 -1 316 315 33 -1 317 315 316 -1 109 318 105 -1 106 105 318 -1 316 319 317 -1 109 99 314 -1 33 32 316 -1 319 316 32 -1 320 317 319 -1 321 319 32 -1 318 109 322 -1 319 323 320 -1 310 106 318 -1 318 313 310 -1 323 319 321 -1 321 324 323 -1 320 323 325 -1 318 326 313 -1 323 327 325 -1 328 323 324 -1 327 323 328 -1 327 329 325 -1 329 327 328 -1 326 318 322 -1 328 330 329 -1 325 329 331 -1 331 329 332 -1 109 314 333 -1 333 112 109 -1 332 329 330 -1 110 112 333 -1 322 109 112 -1 334 332 330 -1 111 322 112 -1 335 110 333 -1 111 110 335 -1 336 111 335 -1 334 337 332 -1 338 332 337 -1 339 322 111 -1 336 339 111 -1 339 340 322 -1 136 338 149 -1 137 136 149 -1 340 339 341 -1 309 305 147 -1 335 133 336 -1 336 132 339 -1 341 339 132 -1 342 147 273 -1 132 336 133 -1 341 132 140 -1 343 147 342 -1 307 309 344 -1 31 307 344 -1 344 309 343 -1 345 344 343 -1 309 147 343 -1 346 61 311 -1 62 61 346 -1 347 62 346 -1 346 311 313 -1 342 273 282 -1 294 62 347 -1 348 342 282 -1 348 282 349 -1 348 343 342 -1 348 350 343 -1 345 343 350 -1 351 294 347 -1 352 348 349 -1 351 279 294 -1 353 348 352 -1 32 31 344 -1 279 299 294 -1 230 299 279 -1 345 32 344 -1 32 345 354 -1 321 32 355 -1 355 356 321 -1 356 355 357 -1 354 345 350 -1 354 350 358 -1 32 354 355 -1 355 354 358 -1 358 350 348 -1 358 348 353 -1 353 359 358 -1 359 355 358 -1 357 355 359 -1 356 357 360 -1 361 357 359 -1 360 357 361 -1 282 280 297 -1 300 282 297 -1 349 282 300 -1 353 352 362 -1 362 352 363 -1 300 284 283 -1 349 300 283 -1 349 363 352 -1 363 349 283 -1 283 287 363 -1 359 353 362 -1 362 364 359 -1 361 359 364 -1 361 364 365 -1 302 362 363 -1 364 362 302 -1 302 363 287 -1 293 302 287 -1 365 364 366 -1 366 364 302 -1 324 321 367 -1 367 321 356 -1 328 324 367 -1 367 368 328 -1 367 356 360 -1 368 367 360 -1 330 328 368 -1 368 334 330 -1 368 369 334 -1 368 360 370 -1 370 360 361 -1 369 368 370 -1 371 369 370 -1 337 334 369 -1 338 337 149 -1 372 337 369 -1 372 369 373 -1 211 337 372 -1 149 337 211 -1 372 374 211 -1 372 373 374 -1 370 361 365 -1 365 371 370 -1 302 301 366 -1 366 301 375 -1 376 369 371 -1 127 377 128 -1 127 129 378 -1 129 130 378 -1 379 380 381 -1 382 383 384 -1 385 386 387 -1 388 389 390 -1 391 127 378 -1 377 127 391 -1 301 296 392 -1 393 394 395 -1 396 301 392 -1 397 380 379 -1 384 398 382 -1 399 378 130 -1 400 401 402 -1 397 403 380 -1 392 404 396 -1 399 130 135 -1 405 396 404 -1 404 392 296 -1 399 135 406 -1 398 407 382 -1 135 143 406 -1 397 408 409 -1 410 398 384 -1 396 411 387 -1 406 143 412 -1 411 396 405 -1 390 376 413 -1 413 414 390 -1 143 156 412 -1 415 385 387 -1 414 413 386 -1 416 417 156 -1 418 419 395 -1 156 167 416 -1 420 390 414 -1 416 167 421 -1 124 421 167 -1 167 174 124 -1 411 405 415 -1 419 422 395 -1 393 395 422 -1 423 421 124 -1 420 414 424 -1 182 181 425 -1 426 397 409 -1 403 397 426 -1 182 427 184 -1 425 427 182 -1 181 48 128 -1 414 386 385 -1 428 414 385 -1 424 414 428 -1 388 390 420 -1 429 184 427 -1 72 184 429 -1 429 204 72 -1 205 73 204 -1 424 430 431 -1 418 432 433 -1 434 435 393 -1 436 124 174 -1 434 393 422 -1 436 152 124 -1 436 174 224 -1 422 437 434 -1 431 420 424 -1 438 435 434 -1 434 439 438 -1 436 224 152 -1 398 410 440 -1 261 205 441 -1 441 442 261 -1 443 261 442 -1 262 261 443 -1 443 444 262 -1 262 445 264 -1 424 428 446 -1 265 264 445 -1 385 447 428 -1 448 428 447 -1 446 428 448 -1 215 449 218 -1 433 450 418 -1 434 437 451 -1 270 265 445 -1 452 451 437 -1 270 453 101 -1 439 434 454 -1 455 456 457 -1 457 458 455 -1 459 460 438 -1 232 461 229 -1 228 229 461 -1 303 101 453 -1 462 303 453 -1 459 438 439 -1 463 404 298 -1 464 463 298 -1 314 304 465 -1 463 466 404 -1 466 463 467 -1 404 466 405 -1 466 468 405 -1 469 470 459 -1 415 405 468 -1 471 423 126 -1 126 423 124 -1 463 464 472 -1 228 473 212 -1 126 474 471 -1 455 458 475 -1 451 452 476 -1 322 340 326 -1 467 463 472 -1 474 126 125 -1 472 464 477 -1 476 478 451 -1 341 479 340 -1 480 481 455 -1 133 335 482 -1 471 474 483 -1 484 481 480 -1 485 466 467 -1 474 486 483 -1 473 215 212 -1 466 487 468 -1 483 488 489 -1 485 487 466 -1 490 341 140 -1 484 491 433 -1 479 341 490 -1 476 492 478 -1 490 493 479 -1 488 483 486 -1 430 424 446 -1 494 488 486 -1 491 484 480 -1 346 495 347 -1 449 215 473 -1 473 496 449 -1 480 455 475 -1 497 487 485 -1 495 351 347 -1 498 492 476 -1 488 494 499 -1 346 313 495 -1 473 228 500 -1 501 495 313 -1 501 326 340 -1 313 326 501 -1 480 475 502 -1 492 498 400 -1 500 228 461 -1 503 504 505 -1 461 506 500 -1 492 400 507 -1 473 500 508 -1 351 495 509 -1 402 507 400 -1 496 473 508 -1 409 469 426 -1 508 500 506 -1 495 501 510 -1 509 495 510 -1 511 496 508 -1 512 487 497 -1 475 458 513 -1 383 279 351 -1 426 514 515 -1 516 517 138 -1 383 351 509 -1 499 504 503 -1 518 519 520 -1 502 475 513 -1 138 142 516 -1 509 384 383 -1 518 520 521 -1 514 426 522 -1 509 523 384 -1 524 426 469 -1 504 499 191 -1 524 522 426 -1 525 241 243 -1 383 526 279 -1 527 516 142 -1 518 528 519 -1 529 504 191 -1 525 252 241 -1 142 160 527 -1 526 383 382 -1 527 160 530 -1 531 519 532 -1 160 176 530 -1 501 340 533 -1 505 534 535 -1 532 519 528 -1 534 505 504 -1 536 521 537 -1 504 529 534 -1 518 521 536 -1 538 501 533 -1 176 179 539 -1 539 530 176 -1 179 540 539 -1 533 340 479 -1 541 449 496 -1 542 533 479 -1 538 533 542 -1 170 543 179 -1 243 218 541 -1 173 543 170 -1 218 449 541 -1 544 535 534 -1 528 518 536 -1 510 501 538 -1 545 534 529 -1 543 540 179 -1 541 496 511 -1 544 534 545 -1 536 537 546 -1 538 547 510 -1 548 536 546 -1 547 538 542 -1 243 549 525 -1 542 479 550 -1 491 551 433 -1 433 551 450 -1 529 248 545 -1 549 243 541 -1 550 552 542 -1 191 190 529 -1 248 529 190 -1 550 479 493 -1 553 528 536 -1 549 554 525 -1 544 545 555 -1 556 550 493 -1 552 550 556 -1 553 536 548 -1 555 247 557 -1 555 545 248 -1 552 547 542 -1 511 558 541 -1 559 531 560 -1 560 531 532 -1 532 561 560 -1 562 559 560 -1 523 509 510 -1 511 563 558 -1 562 560 564 -1 247 555 248 -1 523 510 547 -1 549 541 558 -1 558 554 549 -1 564 560 561 -1 523 547 410 -1 384 523 410 -1 477 562 564 -1 247 565 557 -1 566 557 565 -1 564 567 477 -1 558 568 554 -1 275 252 525 -1 532 528 553 -1 565 247 150 -1 532 553 569 -1 275 525 570 -1 570 525 554 -1 561 532 569 -1 564 561 571 -1 275 572 266 -1 567 564 571 -1 572 289 266 -1 571 561 569 -1 572 275 570 -1 566 573 574 -1 565 573 566 -1 554 575 570 -1 546 537 576 -1 575 554 568 -1 568 577 575 -1 573 565 150 -1 148 573 150 -1 578 575 577 -1 579 570 575 -1 572 570 579 -1 580 546 576 -1 548 546 580 -1 153 581 125 -1 202 582 173 -1 543 173 582 -1 553 548 583 -1 498 584 401 -1 400 498 401 -1 474 125 581 -1 526 278 279 -1 153 168 581 -1 580 585 548 -1 278 586 232 -1 543 582 587 -1 232 506 461 -1 582 202 222 -1 232 586 588 -1 506 232 588 -1 583 589 553 -1 486 474 581 -1 569 553 589 -1 583 590 589 -1 486 581 168 -1 494 486 591 -1 168 591 486 -1 592 278 526 -1 571 569 589 -1 407 526 382 -1 593 571 589 -1 591 168 171 -1 592 526 407 -1 594 593 589 -1 586 278 592 -1 595 593 594 -1 586 592 596 -1 597 494 591 -1 596 592 598 -1 588 586 596 -1 499 494 597 -1 467 472 485 -1 485 472 477 -1 597 591 171 -1 506 599 508 -1 196 597 171 -1 508 599 600 -1 497 485 601 -1 477 601 485 -1 191 499 597 -1 597 192 191 -1 601 602 497 -1 588 603 599 -1 596 604 588 -1 603 588 604 -1 605 567 571 -1 606 567 605 -1 601 477 567 -1 603 600 599 -1 192 597 196 -1 603 607 600 -1 601 567 606 -1 601 606 602 -1 608 600 607 -1 606 605 609 -1 407 610 592 -1 398 610 407 -1 598 592 610 -1 610 398 611 -1 192 196 197 -1 611 398 440 -1 431 233 388 -1 197 612 192 -1 431 388 420 -1 610 611 613 -1 612 197 201 -1 604 596 598 -1 233 431 236 -1 603 604 598 -1 607 603 614 -1 612 201 235 -1 605 571 593 -1 603 598 614 -1 593 609 605 -1 614 598 615 -1 615 616 614 -1 614 616 617 -1 598 610 613 -1 615 598 613 -1 618 593 595 -1 609 593 618 -1 619 618 595 -1 615 613 620 -1 616 615 621 -1 620 621 615 -1 508 600 511 -1 563 511 600 -1 608 563 600 -1 568 558 622 -1 244 190 192 -1 622 558 563 -1 244 192 612 -1 622 563 608 -1 612 256 244 -1 623 608 624 -1 622 608 623 -1 625 622 623 -1 235 256 612 -1 568 622 625 -1 625 626 568 -1 577 568 626 -1 131 133 627 -1 140 139 628 -1 145 131 627 -1 145 628 139 -1 579 575 578 -1 490 140 628 -1 520 579 578 -1 490 628 629 -1 577 521 578 -1 145 630 628 -1 520 578 521 -1 629 628 630 -1 627 631 145 -1 632 145 631 -1 574 573 148 -1 633 632 631 -1 634 632 633 -1 625 635 626 -1 630 632 636 -1 632 634 636 -1 148 305 574 -1 630 145 632 -1 521 577 626 -1 629 630 637 -1 638 574 305 -1 639 638 305 -1 626 537 521 -1 637 630 640 -1 633 641 634 -1 636 634 642 -1 641 643 634 -1 642 634 643 -1 305 306 639 -1 640 636 642 -1 630 636 640 -1 306 308 644 -1 639 306 644 -1 616 624 617 -1 645 624 616 -1 640 642 646 -1 647 624 645 -1 640 646 648 -1 649 640 648 -1 623 624 647 -1 644 312 650 -1 625 623 647 -1 643 651 642 -1 308 312 644 -1 646 642 651 -1 651 643 652 -1 159 652 653 -1 652 159 651 -1 159 158 651 -1 312 315 650 -1 650 317 654 -1 651 158 646 -1 315 317 650 -1 645 616 621 -1 158 655 646 -1 655 158 656 -1 621 657 645 -1 317 320 654 -1 493 629 658 -1 659 654 320 -1 660 552 661 -1 320 325 659 -1 647 635 625 -1 662 659 325 -1 660 661 663 -1 325 331 662 -1 664 611 440 -1 635 647 645 -1 665 331 332 -1 658 629 637 -1 537 626 635 -1 665 332 666 -1 332 338 666 -1 537 635 576 -1 637 640 649 -1 667 637 649 -1 136 138 517 -1 637 663 658 -1 338 136 666 -1 298 404 296 -1 517 666 136 -1 572 668 289 -1 637 667 663 -1 613 611 669 -1 291 289 668 -1 410 547 552 -1 552 670 410 -1 440 410 670 -1 670 552 660 -1 291 668 671 -1 365 376 371 -1 672 291 671 -1 366 375 365 -1 579 673 572 -1 668 572 673 -1 664 440 670 -1 579 520 673 -1 660 663 670 -1 664 674 675 -1 675 676 664 -1 663 667 677 -1 375 413 365 -1 670 663 678 -1 375 679 413 -1 671 668 673 -1 376 365 413 -1 664 670 674 -1 675 680 676 -1 664 676 611 -1 519 671 673 -1 669 611 676 -1 674 670 678 -1 520 519 673 -1 531 671 519 -1 672 292 291 -1 669 676 681 -1 292 672 298 -1 413 679 386 -1 369 376 373 -1 559 672 671 -1 648 682 649 -1 559 298 672 -1 669 683 613 -1 677 667 684 -1 684 667 649 -1 376 389 373 -1 613 683 620 -1 684 649 682 -1 388 373 389 -1 648 646 655 -1 669 685 683 -1 559 671 531 -1 682 648 655 -1 233 374 388 -1 298 559 562 -1 211 374 233 -1 655 686 682 -1 374 373 388 -1 684 682 687 -1 687 682 686 -1 376 390 389 -1 685 669 681 -1 464 298 562 -1 678 663 677 -1 477 464 562 -1 688 677 684 -1 685 381 683 -1 688 684 394 -1 381 685 408 -1 689 683 381 -1 678 677 688 -1 301 396 690 -1 674 678 688 -1 690 375 301 -1 679 375 690 -1 687 394 684 -1 386 679 690 -1 396 387 690 -1 386 690 387 -1 687 395 394 -1 435 675 674 -1 435 680 675 -1 435 674 688 -1 681 676 680 -1 680 460 681 -1 688 394 393 -1 691 159 653 -1 158 157 656 -1 691 157 159 -1 157 692 656 -1 435 688 393 -1 680 435 693 -1 460 680 693 -1 162 691 694 -1 157 691 162 -1 435 438 693 -1 693 438 460 -1 161 692 157 -1 695 656 692 -1 692 696 695 -1 696 692 456 -1 692 161 456 -1 408 685 681 -1 165 162 694 -1 456 161 457 -1 681 460 470 -1 460 459 470 -1 408 681 470 -1 470 409 408 -1 470 469 409 -1 620 689 621 -1 689 657 621 -1 689 381 657 -1 695 655 656 -1 686 655 695 -1 695 697 686 -1 697 695 484 -1 698 657 381 -1 432 686 697 -1 379 381 408 -1 484 695 696 -1 456 455 696 -1 455 481 696 -1 484 696 481 -1 381 380 698 -1 432 697 484 -1 432 484 433 -1 687 686 432 -1 687 699 395 -1 699 687 432 -1 699 418 395 -1 699 432 418 -1 379 408 397 -1 377 391 700 -1 585 583 548 -1 378 399 391 -1 701 583 585 -1 700 399 702 -1 524 703 704 -1 705 524 704 -1 706 707 708 -1 522 709 710 -1 391 399 700 -1 524 709 522 -1 399 406 702 -1 711 706 708 -1 709 524 705 -1 705 712 709 -1 406 412 713 -1 580 576 714 -1 715 714 576 -1 412 156 716 -1 717 718 706 -1 156 417 716 -1 714 719 580 -1 706 711 717 -1 585 719 701 -1 705 704 707 -1 423 720 421 -1 585 580 719 -1 717 711 721 -1 707 718 705 -1 427 425 722 -1 588 599 506 -1 707 704 723 -1 723 724 707 -1 181 128 725 -1 377 725 128 -1 590 583 701 -1 429 427 726 -1 589 590 594 -1 705 718 712 -1 707 706 718 -1 204 441 205 -1 701 727 590 -1 617 607 614 -1 719 728 701 -1 727 701 728 -1 729 710 709 -1 730 709 712 -1 731 594 590 -1 729 709 730 -1 731 590 727 -1 595 594 731 -1 444 445 262 -1 732 595 731 -1 733 734 735 -1 445 444 736 -1 733 729 730 -1 270 445 736 -1 737 727 738 -1 727 737 731 -1 739 303 462 -1 740 595 732 -1 304 303 739 -1 619 595 740 -1 712 718 717 -1 465 304 739 -1 607 624 608 -1 741 740 732 -1 619 740 741 -1 737 741 732 -1 624 607 617 -1 714 742 743 -1 314 465 744 -1 333 314 744 -1 714 743 719 -1 482 333 744 -1 335 333 482 -1 482 745 133 -1 627 133 745 -1 728 719 743 -1 728 743 746 -1 714 747 742 -1 493 490 629 -1 556 661 552 -1 748 749 742 -1 471 750 423 -1 743 742 749 -1 743 749 751 -1 715 645 657 -1 643 752 652 -1 746 743 751 -1 653 652 752 -1 471 483 753 -1 483 489 753 -1 753 489 754 -1 661 493 658 -1 556 493 661 -1 488 754 489 -1 499 754 488 -1 754 503 755 -1 755 505 756 -1 503 505 755 -1 658 663 661 -1 503 754 499 -1 505 535 756 -1 635 645 715 -1 757 756 535 -1 758 691 653 -1 756 757 759 -1 694 691 758 -1 657 760 715 -1 738 727 728 -1 544 757 535 -1 761 737 738 -1 762 759 757 -1 738 728 763 -1 576 635 715 -1 761 738 764 -1 763 728 746 -1 544 555 762 -1 757 544 762 -1 762 557 765 -1 555 557 762 -1 746 751 766 -1 415 387 411 -1 764 763 746 -1 763 764 738 -1 415 447 385 -1 764 746 766 -1 419 767 422 -1 557 566 768 -1 768 765 557 -1 419 418 450 -1 566 574 769 -1 769 768 566 -1 452 419 450 -1 767 419 452 -1 452 450 551 -1 551 476 452 -1 770 769 574 -1 770 574 638 -1 751 749 771 -1 751 771 766 -1 491 480 502 -1 447 415 468 -1 513 458 772 -1 773 638 639 -1 639 644 773 -1 771 749 774 -1 773 644 775 -1 774 749 776 -1 447 468 487 -1 644 650 775 -1 512 447 487 -1 776 777 774 -1 659 662 778 -1 662 331 779 -1 448 447 512 -1 331 665 779 -1 771 780 766 -1 781 766 780 -1 782 517 783 -1 666 517 782 -1 517 784 783 -1 780 771 774 -1 476 551 498 -1 551 491 498 -1 774 785 780 -1 584 498 491 -1 741 737 761 -1 761 786 741 -1 777 776 787 -1 777 787 735 -1 777 785 774 -1 777 735 788 -1 789 777 788 -1 788 735 790 -1 790 735 734 -1 790 734 791 -1 402 792 507 -1 792 402 793 -1 516 784 517 -1 794 507 792 -1 795 784 516 -1 516 527 795 -1 792 796 794 -1 797 795 527 -1 530 797 527 -1 796 792 793 -1 794 796 723 -1 539 798 530 -1 799 798 539 -1 530 798 797 -1 689 620 683 -1 760 657 698 -1 714 715 760 -1 714 760 747 -1 747 760 698 -1 698 800 747 -1 800 748 747 -1 742 747 748 -1 403 426 801 -1 800 698 380 -1 749 748 800 -1 800 380 802 -1 403 802 380 -1 802 403 801 -1 800 802 776 -1 749 800 776 -1 802 787 776 -1 437 422 767 -1 451 454 434 -1 437 767 452 -1 439 803 459 -1 469 459 803 -1 454 803 439 -1 803 454 804 -1 804 805 803 -1 703 803 805 -1 451 478 454 -1 806 454 478 -1 507 478 492 -1 806 478 507 -1 507 807 806 -1 804 454 806 -1 808 804 806 -1 805 804 808 -1 808 704 805 -1 704 703 805 -1 808 806 807 -1 507 794 807 -1 808 807 794 -1 794 723 808 -1 704 808 723 -1 515 801 426 -1 809 515 514 -1 469 803 703 -1 524 469 703 -1 522 710 514 -1 515 802 801 -1 515 787 802 -1 515 810 787 -1 810 735 787 -1 514 710 809 -1 810 515 809 -1 710 729 809 -1 810 809 729 -1 733 810 729 -1 735 810 733 -1 731 737 732 -1 702 406 811 -1 406 713 811 -1 812 627 745 -1 795 813 784 -1 631 627 812 -1 795 797 814 -1 641 633 815 -1 798 814 797 -1 798 799 816 -1 643 641 815 -1 817 818 708 -1 818 819 708 -1 816 799 820 -1 752 821 653 -1 416 421 720 -1 711 708 819 -1 758 653 821 -1 822 758 821 -1 425 181 722 -1 429 823 204 -1 824 717 721 -1 721 825 824 -1 826 824 825 -1 442 441 827 -1 827 828 442 -1 712 829 730 -1 443 442 828 -1 830 443 828 -1 444 443 830 -1 711 831 721 -1 819 831 711 -1 830 736 444 -1 739 744 465 -1 829 712 717 -1 744 832 482 -1 750 720 423 -1 750 471 833 -1 733 730 834 -1 471 753 833 -1 835 833 753 -1 835 753 836 -1 734 733 834 -1 836 753 754 -1 837 836 754 -1 754 755 837 -1 755 838 837 -1 755 756 838 -1 759 838 756 -1 759 762 839 -1 834 730 829 -1 839 838 759 -1 829 824 834 -1 840 839 762 -1 717 824 829 -1 762 765 840 -1 841 768 842 -1 765 768 841 -1 842 768 843 -1 768 769 843 -1 844 843 769 -1 769 770 844 -1 770 638 844 -1 665 666 845 -1 845 666 782 -1 791 788 790 -1 825 846 826 -1 791 734 834 -1 834 826 791 -1 824 826 834 -1 796 847 723 -1 847 796 848 -1 724 723 847 -1 848 817 847 -1 724 847 817 -1 707 724 708 -1 708 724 817 -1 745 849 812 -1 850 700 851 -1 377 700 850 -1 783 784 813 -1 700 702 811 -1 811 851 700 -1 813 795 852 -1 795 814 852 -1 716 713 412 -1 816 814 798 -1 752 643 815 -1 853 416 854 -1 816 820 855 -1 417 416 853 -1 815 821 752 -1 720 854 416 -1 722 856 427 -1 857 427 856 -1 726 427 857 -1 181 725 722 -1 725 377 850 -1 726 823 429 -1 823 858 204 -1 441 204 858 -1 858 827 441 -1 270 736 859 -1 744 739 860 -1 482 832 861 -1 745 482 861 -1 837 838 862 -1 838 839 863 -1 863 862 838 -1 864 863 839 -1 840 765 841 -1 864 839 840 -1 650 865 775 -1 865 650 866 -1 650 654 866 -1 778 866 654 -1 654 659 778 -1 662 779 778 -1 779 665 845 -1 782 783 867 -1 633 631 868 -1 814 816 869 -1 870 871 815 -1 821 815 871 -1 716 417 853 -1 722 725 872 -1 850 872 725 -1 827 858 873 -1 828 827 873 -1 830 828 874 -1 736 830 875 -1 859 736 875 -1 453 270 859 -1 832 744 860 -1 835 876 833 -1 836 837 877 -1 878 835 836 -1 837 862 879 -1 863 879 862 -1 863 864 880 -1 840 841 881 -1 864 840 881 -1 844 638 882 -1 773 882 638 -1 775 883 773 -1 884 866 778 -1 779 885 778 -1 845 782 867 -1 867 783 886 -1 783 813 886 -1 811 713 887 -1 887 851 811 -1 888 453 859 -1 889 887 713 -1 462 453 888 -1 713 716 889 -1 869 852 814 -1 739 462 888 -1 869 816 890 -1 855 890 816 -1 716 853 889 -1 882 891 844 -1 860 739 892 -1 832 860 893 -1 861 832 893 -1 894 854 720 -1 750 894 720 -1 895 722 896 -1 856 722 895 -1 745 861 897 -1 857 856 895 -1 843 844 891 -1 750 833 876 -1 896 722 872 -1 898 726 857 -1 775 865 899 -1 823 726 898 -1 865 866 899 -1 858 823 898 -1 877 878 836 -1 873 874 828 -1 830 874 900 -1 885 884 778 -1 900 875 830 -1 880 864 901 -1 885 779 902 -1 901 864 881 -1 845 902 779 -1 881 841 903 -1 841 842 903 -1 904 903 842 -1 868 631 812 -1 815 633 868 -1 868 870 815 -1 821 871 905 -1 822 821 905 -1 842 843 904 -1 875 906 859 -1 907 850 851 -1 859 906 908 -1 813 852 886 -1 909 907 851 -1 891 904 843 -1 851 887 909 -1 888 859 908 -1 889 853 910 -1 853 854 894 -1 894 910 853 -1 773 911 882 -1 892 739 888 -1 883 911 773 -1 892 912 860 -1 893 860 912 -1 857 895 913 -1 861 893 897 -1 775 899 883 -1 872 850 914 -1 915 750 916 -1 750 876 916 -1 866 917 899 -1 914 850 907 -1 918 876 835 -1 918 835 878 -1 898 857 913 -1 878 877 919 -1 837 879 877 -1 858 898 920 -1 921 902 845 -1 879 863 880 -1 867 921 845 -1 920 874 873 -1 873 858 920 -1 812 849 922 -1 868 812 922 -1 871 870 923 -1 905 871 923 -1 884 885 924 -1 900 874 925 -1 926 909 887 -1 887 889 926 -1 885 902 924 -1 888 912 892 -1 886 852 927 -1 891 882 928 -1 927 852 869 -1 868 922 929 -1 900 930 875 -1 870 868 929 -1 912 931 893 -1 897 893 931 -1 930 906 875 -1 932 921 867 -1 894 750 915 -1 897 849 745 -1 908 933 888 -1 896 872 914 -1 919 877 879 -1 901 881 934 -1 935 914 907 -1 936 898 913 -1 920 898 936 -1 937 920 936 -1 937 925 920 -1 874 920 925 -1 866 884 917 -1 907 909 935 -1 926 889 938 -1 933 939 888 -1 867 886 932 -1 889 910 938 -1 849 940 922 -1 932 886 927 -1 922 940 941 -1 888 939 912 -1 942 925 937 -1 943 894 944 -1 910 894 943 -1 890 945 869 -1 925 942 946 -1 929 922 941 -1 925 947 900 -1 947 925 946 -1 894 915 948 -1 923 870 929 -1 947 930 900 -1 930 947 949 -1 950 897 931 -1 914 951 896 -1 950 940 897 -1 952 951 914 -1 849 897 940 -1 953 930 949 -1 906 930 953 -1 954 906 953 -1 908 906 954 -1 916 876 918 -1 902 921 955 -1 954 933 908 -1 918 878 956 -1 882 911 957 -1 896 958 895 -1 958 896 951 -1 919 956 878 -1 913 895 958 -1 959 883 899 -1 917 959 899 -1 901 960 880 -1 958 961 913 -1 961 936 913 -1 917 884 962 -1 884 924 962 -1 936 963 964 -1 903 934 881 -1 937 936 964 -1 903 904 965 -1 904 891 966 -1 928 966 891 -1 967 935 909 -1 968 969 970 -1 950 971 940 -1 970 969 972 -1 972 973 974 -1 944 894 948 -1 927 869 945 -1 915 916 975 -1 976 952 914 -1 975 918 977 -1 916 918 975 -1 914 935 976 -1 951 978 958 -1 978 961 958 -1 961 963 936 -1 978 979 961 -1 980 961 979 -1 963 961 980 -1 981 980 979 -1 982 968 983 -1 980 981 963 -1 981 984 985 -1 985 963 981 -1 986 964 963 -1 937 964 942 -1 986 942 964 -1 879 880 960 -1 985 986 963 -1 986 985 987 -1 988 934 989 -1 901 934 988 -1 986 987 990 -1 926 938 909 -1 909 938 991 -1 967 909 991 -1 935 967 976 -1 992 968 970 -1 903 965 934 -1 993 991 938 -1 993 938 910 -1 994 910 943 -1 995 996 997 -1 998 985 984 -1 999 1000 1001 -1 997 999 995 -1 1002 999 997 -1 1003 985 998 -1 995 999 1001 -1 983 968 992 -1 987 985 1003 -1 987 1003 1004 -1 996 995 1005 -1 942 986 990 -1 990 946 942 -1 1005 995 1006 -1 1001 1006 995 -1 947 946 1007 -1 946 990 1007 -1 1005 1006 1008 -1 990 987 1009 -1 990 1010 1007 -1 1011 1001 1000 -1 990 1009 1010 -1 1006 1001 1011 -1 947 1007 949 -1 1012 1013 1006 -1 1014 953 949 -1 953 1014 954 -1 1006 1013 1008 -1 1015 1008 1013 -1 933 954 1016 -1 933 1016 1017 -1 1013 1018 1019 -1 1012 1018 1013 -1 971 1020 941 -1 941 940 971 -1 1013 1019 1015 -1 1004 1009 987 -1 1021 1019 1018 -1 1021 1022 1023 -1 1019 1021 1023 -1 1009 1004 1024 -1 1025 929 941 -1 1026 1022 1027 -1 1028 1004 1029 -1 1030 923 929 -1 1024 1004 1028 -1 1026 1023 1022 -1 1023 1026 969 -1 974 1026 1027 -1 939 933 1017 -1 974 973 1026 -1 928 882 957 -1 939 1031 912 -1 1032 912 1031 -1 931 912 1032 -1 962 1033 917 -1 950 931 1032 -1 962 924 1034 -1 921 932 955 -1 1005 1035 996 -1 1005 1036 1035 -1 1005 1008 1036 -1 1036 1008 1037 -1 1038 1036 1037 -1 1039 1037 1008 -1 1008 1015 1039 -1 1039 1015 1040 -1 1040 1041 1039 -1 1042 1040 1015 -1 1041 1040 1043 -1 1040 1044 1043 -1 982 1044 1040 -1 1040 1042 982 -1 1043 1044 1045 -1 982 1046 1044 -1 1047 1015 1019 -1 1047 1042 1015 -1 1019 1023 1047 -1 969 1047 1023 -1 973 969 1026 -1 1047 969 1042 -1 969 973 972 -1 982 1042 968 -1 1042 969 968 -1 943 944 1048 -1 970 972 1049 -1 950 1050 1051 -1 1051 971 950 -1 994 943 1048 -1 972 974 1052 -1 1051 1053 971 -1 1054 972 1052 -1 1055 951 952 -1 951 1055 978 -1 932 927 1056 -1 915 975 948 -1 1057 977 918 -1 1057 918 956 -1 1058 976 1059 -1 952 976 1058 -1 927 945 1060 -1 1054 1049 972 -1 1061 979 978 -1 1062 979 1061 -1 879 960 919 -1 981 979 1062 -1 1062 1063 981 -1 945 890 1064 -1 960 901 988 -1 967 991 1065 -1 934 965 989 -1 991 993 1066 -1 966 989 965 -1 965 904 966 -1 1059 976 1065 -1 976 967 1065 -1 1067 970 1049 -1 1002 997 1068 -1 910 994 993 -1 997 996 1068 -1 984 981 1063 -1 999 1002 1069 -1 1070 984 1063 -1 982 983 1046 -1 998 984 1070 -1 1000 999 1069 -1 1068 996 1071 -1 1072 998 1073 -1 1003 998 1072 -1 1029 1003 1072 -1 1072 1074 1029 -1 1004 1003 1029 -1 1011 1000 1075 -1 1076 1011 1075 -1 1077 1011 1076 -1 1006 1011 1077 -1 1078 1079 1080 -1 1006 1077 1012 -1 1081 1080 1082 -1 1078 1080 1081 -1 1083 1078 1081 -1 1084 1012 1077 -1 1085 1080 1079 -1 1018 1012 1084 -1 1086 1082 1080 -1 1018 1087 1021 -1 1084 1087 1018 -1 1088 1021 1087 -1 1007 1089 949 -1 1022 1021 1088 -1 1007 1010 1090 -1 1010 1009 1090 -1 1089 1014 949 -1 954 1014 1016 -1 911 959 957 -1 1016 1014 1091 -1 911 883 959 -1 1092 1016 1091 -1 1017 1016 1092 -1 959 917 1093 -1 1094 1029 1074 -1 1028 1029 1094 -1 1034 1033 962 -1 1094 1095 1028 -1 1034 924 1096 -1 924 902 1096 -1 1090 1009 1097 -1 902 955 1098 -1 1024 1097 1009 -1 1097 1024 1099 -1 1100 1099 1024 -1 1100 1024 1028 -1 1035 1101 1102 -1 1036 1101 1035 -1 1103 1038 1037 -1 1081 1082 1104 -1 1104 1105 1081 -1 1101 1036 1106 -1 1106 1107 1101 -1 1104 1082 1086 -1 1106 1038 1108 -1 1036 1038 1106 -1 1109 1108 1038 -1 1110 1104 1086 -1 1105 1104 1111 -1 1039 1103 1037 -1 1111 1104 1110 -1 1103 1039 1112 -1 1113 1103 1112 -1 1041 1112 1039 -1 1017 1114 939 -1 939 1114 1031 -1 1043 1112 1041 -1 1092 1114 1017 -1 1050 1031 1114 -1 1032 1031 1050 -1 1050 950 1032 -1 1053 1020 971 -1 1020 1115 941 -1 1025 941 1115 -1 1115 1116 1025 -1 1030 929 1025 -1 1117 1118 1027 -1 974 1027 1118 -1 1048 944 1119 -1 1120 974 1118 -1 1052 974 1120 -1 944 948 1119 -1 1058 1055 952 -1 928 957 1121 -1 1055 1061 978 -1 1122 1121 957 -1 1055 1058 1123 -1 1123 1061 1055 -1 1124 1058 1059 -1 1123 1124 1063 -1 1058 1124 1123 -1 1093 917 1033 -1 1061 1123 1062 -1 1063 1062 1123 -1 1065 991 1066 -1 1034 1096 1125 -1 1124 1065 1126 -1 902 1098 1096 -1 1059 1065 1124 -1 1070 1063 1124 -1 955 1127 1098 -1 1070 1124 1126 -1 955 932 1128 -1 1065 1066 1126 -1 1102 1071 1035 -1 993 994 1129 -1 998 1070 1130 -1 998 1130 1131 -1 1102 1101 1132 -1 1073 998 1131 -1 1132 1101 1133 -1 1101 1107 1133 -1 1107 1106 1134 -1 1072 1135 1074 -1 1113 1109 1038 -1 1038 1103 1113 -1 1106 1108 1136 -1 1134 1106 1136 -1 1085 1079 1137 -1 1043 1138 1112 -1 1139 1138 1043 -1 1140 1107 1134 -1 1141 1080 1085 -1 1142 1079 1078 -1 1078 1083 1142 -1 1143 1080 1141 -1 1144 1080 1143 -1 1144 1086 1080 -1 1054 1052 1145 -1 1007 1146 1089 -1 1049 1054 1147 -1 1007 1090 1146 -1 1148 1146 1090 -1 1149 1089 1146 -1 1014 1089 1149 -1 1091 1014 1149 -1 1092 1091 1150 -1 1151 1092 1150 -1 1067 1049 1152 -1 1152 1153 1067 -1 1097 1148 1090 -1 1148 1097 1154 -1 1097 1155 1154 -1 1099 1155 1097 -1 1100 1028 1095 -1 1095 1156 1100 -1 1083 1081 1157 -1 1157 1081 1105 -1 1158 1157 1105 -1 1159 1086 1144 -1 1110 1086 1159 -1 1105 1160 1158 -1 1111 1160 1105 -1 1111 1161 1160 -1 1162 1111 1110 -1 1161 1111 1162 -1 1099 1100 1163 -1 1155 1099 1164 -1 1163 1164 1099 -1 1114 1092 1151 -1 1056 1128 932 -1 1165 1050 1114 -1 1060 1056 927 -1 1060 945 1064 -1 1051 1050 1166 -1 1166 1167 1051 -1 1053 1051 1167 -1 1119 975 1168 -1 948 975 1119 -1 1168 975 977 -1 1169 956 919 -1 919 960 1169 -1 1169 960 1170 -1 960 988 1170 -1 1171 1170 988 -1 988 989 1171 -1 989 966 1172 -1 1173 1068 1174 -1 1002 1068 1173 -1 1174 1068 1071 -1 1069 1002 1175 -1 996 1035 1071 -1 1176 1000 1069 -1 1075 1000 1176 -1 1084 1077 1177 -1 1177 1087 1084 -1 1088 1087 1178 -1 1117 1027 1022 -1 1115 1020 1179 -1 1119 1180 1048 -1 1181 1180 1119 -1 1120 1145 1052 -1 928 1121 1182 -1 1183 1066 993 -1 1126 1184 1070 -1 1122 959 1185 -1 957 959 1122 -1 1184 1126 1186 -1 1185 959 1093 -1 1184 1130 1070 -1 1093 1033 1187 -1 1187 1033 1034 -1 1186 1066 1188 -1 1126 1066 1186 -1 1096 1098 1127 -1 1183 1188 1066 -1 1127 955 1189 -1 1048 1190 994 -1 955 1128 1189 -1 1129 994 1190 -1 993 1129 1183 -1 1190 1048 1180 -1 1191 1192 1193 -1 1194 1073 1131 -1 1193 1195 1191 -1 1196 1191 1195 -1 1073 1194 1072 -1 1194 1135 1072 -1 1197 1135 1194 -1 1071 1102 1198 -1 1198 1102 1199 -1 1135 1197 1200 -1 1132 1199 1102 -1 1085 1137 1201 -1 1109 1136 1108 -1 1202 1136 1109 -1 1197 1203 1142 -1 1138 1202 1109 -1 1109 1113 1138 -1 1079 1203 1137 -1 1142 1203 1079 -1 1201 1141 1085 -1 1202 1138 1204 -1 1112 1138 1113 -1 1140 1133 1107 -1 1140 1205 1133 -1 1142 1200 1197 -1 1200 1142 1083 -1 1143 1141 1206 -1 1134 1136 1207 -1 1206 1208 1143 -1 1138 1139 1204 -1 1140 1134 1207 -1 1143 1208 1198 -1 1144 1143 1209 -1 1143 1198 1209 -1 1146 1210 1149 -1 1210 1148 1211 -1 1146 1148 1210 -1 1154 1211 1148 -1 1212 1149 1210 -1 1091 1149 1212 -1 1054 1145 1147 -1 1147 1152 1049 -1 1150 1091 1212 -1 1135 1213 1094 -1 1094 1074 1135 -1 1213 1200 1214 -1 1135 1200 1213 -1 1095 1094 1213 -1 1156 1095 1213 -1 1156 1163 1100 -1 1200 1083 1215 -1 1215 1214 1200 -1 1215 1083 1157 -1 1157 1158 1216 -1 1215 1157 1216 -1 1159 1209 1217 -1 1144 1209 1159 -1 1198 1217 1209 -1 1217 1198 1199 -1 1216 1158 1218 -1 1160 1218 1158 -1 1159 1219 1110 -1 1162 1110 1219 -1 1219 1159 1217 -1 1220 1162 1219 -1 1164 1163 1221 -1 1221 1163 1222 -1 1223 1218 1160 -1 1161 1223 1160 -1 1151 1224 1114 -1 1165 1114 1224 -1 1050 1165 1225 -1 1166 1050 1225 -1 1226 1053 1167 -1 1168 1181 1119 -1 1020 1053 1179 -1 1227 1181 1168 -1 1168 977 1227 -1 977 1057 1227 -1 1227 1057 1228 -1 1229 1228 1057 -1 1057 956 1229 -1 956 1169 1229 -1 1230 1169 1170 -1 1170 1171 1231 -1 1231 1230 1170 -1 1231 989 1232 -1 1171 989 1231 -1 1172 1232 989 -1 966 928 1172 -1 1182 1172 928 -1 1176 1069 1175 -1 1208 1174 1071 -1 1175 1002 1173 -1 1198 1208 1071 -1 1176 1233 1075 -1 1075 1234 1076 -1 1077 1076 1234 -1 1177 1077 1234 -1 1087 1177 1235 -1 1178 1087 1235 -1 1178 1236 1088 -1 1022 1088 1237 -1 1117 1022 1237 -1 1238 1239 1056 -1 1064 1240 1060 -1 1180 1181 1241 -1 1176 1175 1242 -1 1176 1242 1233 -1 1153 1152 1243 -1 1244 1153 1243 -1 1186 1188 1245 -1 1130 1186 1245 -1 1184 1186 1130 -1 1208 1246 1174 -1 1247 1246 1208 -1 1174 1246 1173 -1 1245 1188 1248 -1 1233 1249 1075 -1 1250 1249 1233 -1 1234 1075 1249 -1 1249 1251 1234 -1 1190 1252 1129 -1 1252 1183 1129 -1 1234 1251 1177 -1 1180 1253 1190 -1 1235 1177 1251 -1 1180 1241 1253 -1 1253 1241 1254 -1 1190 1253 1252 -1 1236 1178 1235 -1 1252 1253 1255 -1 1236 1237 1088 -1 1255 1253 1256 -1 1118 1117 1257 -1 1256 1253 1254 -1 1120 1118 1257 -1 1258 1188 1183 -1 1188 1258 1248 -1 1182 1121 1259 -1 1252 1258 1183 -1 1121 1122 1259 -1 1260 1261 1255 -1 1261 1260 1201 -1 1187 1185 1093 -1 1130 1245 1131 -1 1125 1187 1034 -1 1262 1131 1245 -1 1245 1248 1262 -1 1131 1262 1194 -1 1125 1096 1263 -1 1194 1262 1197 -1 1096 1127 1263 -1 1264 1262 1248 -1 1262 1264 1203 -1 1264 1201 1137 -1 1189 1128 1265 -1 1203 1264 1137 -1 1239 1265 1128 -1 1262 1203 1197 -1 1201 1260 1141 -1 1260 1206 1141 -1 1247 1206 1260 -1 1266 1195 1193 -1 1267 1196 1195 -1 1208 1206 1247 -1 1210 1211 1212 -1 1191 1268 1192 -1 1211 1154 1269 -1 1212 1211 1270 -1 1270 1269 1271 -1 1211 1269 1270 -1 1212 1270 1150 -1 1150 1270 1272 -1 1273 1191 1274 -1 1268 1191 1273 -1 1151 1150 1272 -1 1275 1196 1267 -1 1275 1274 1191 -1 1196 1275 1191 -1 1276 1156 1213 -1 1214 1276 1213 -1 1277 1275 1267 -1 1278 1275 1277 -1 1275 1278 1279 -1 1128 1056 1239 -1 1274 1279 1280 -1 1275 1279 1274 -1 1279 1278 1281 -1 1056 1060 1282 -1 1282 1238 1056 -1 1276 1214 1215 -1 1216 1276 1215 -1 1240 1282 1060 -1 1199 1132 1283 -1 1064 1284 1240 -1 1276 1216 1218 -1 1136 1285 1207 -1 1285 1202 1204 -1 1136 1202 1285 -1 1283 1132 1286 -1 1132 1133 1286 -1 1287 1286 1133 -1 1217 1283 1219 -1 1217 1199 1283 -1 1133 1205 1287 -1 1283 1220 1219 -1 1269 1154 1155 -1 1285 1204 1288 -1 1288 1204 1139 -1 1207 1289 1140 -1 1289 1285 1290 -1 1207 1285 1289 -1 1289 1291 1140 -1 1155 1164 1269 -1 1288 1290 1285 -1 1292 1287 1205 -1 1293 1292 1205 -1 1140 1293 1205 -1 1291 1293 1140 -1 1222 1163 1156 -1 1164 1294 1269 -1 1289 1290 1291 -1 1294 1221 1295 -1 1164 1221 1294 -1 1147 1145 1296 -1 1243 1147 1296 -1 1152 1147 1243 -1 1220 1283 1286 -1 1162 1297 1161 -1 1162 1220 1297 -1 1223 1161 1298 -1 1298 1299 1223 -1 1161 1297 1298 -1 1300 1298 1297 -1 1272 1301 1151 -1 1224 1151 1301 -1 1302 1165 1224 -1 1225 1165 1302 -1 1303 1166 1225 -1 1181 1227 1241 -1 1227 1304 1241 -1 1228 1304 1227 -1 1304 1228 1305 -1 1306 1228 1229 -1 1305 1306 1307 -1 1228 1306 1305 -1 1308 1306 1229 -1 1169 1308 1229 -1 1306 1308 1307 -1 1309 1308 1169 -1 1230 1309 1169 -1 1308 1309 1310 -1 1310 1307 1308 -1 1230 1231 1309 -1 1311 1309 1231 -1 1312 1231 1232 -1 1312 1311 1231 -1 1313 1312 1232 -1 1232 1172 1313 -1 1314 1313 1172 -1 1172 1182 1314 -1 1254 1241 1304 -1 1254 1304 1315 -1 1304 1305 1315 -1 1316 1173 1246 -1 1317 1242 1316 -1 1175 1173 1316 -1 1316 1242 1175 -1 1305 1307 1318 -1 1242 1319 1233 -1 1261 1248 1258 -1 1320 1319 1310 -1 1264 1248 1201 -1 1201 1248 1261 -1 1255 1258 1252 -1 1258 1255 1261 -1 1319 1320 1250 -1 1250 1233 1319 -1 1247 1321 1246 -1 1244 1243 1322 -1 1255 1256 1260 -1 1260 1256 1321 -1 1321 1247 1260 -1 1251 1249 1250 -1 1250 1320 1323 -1 1323 1251 1250 -1 1270 1324 1272 -1 1310 1325 1320 -1 1276 1326 1156 -1 1326 1222 1156 -1 1327 1271 1269 -1 1328 1320 1325 -1 1325 1329 1328 -1 1294 1327 1269 -1 1270 1271 1324 -1 1324 1271 1330 -1 1271 1327 1330 -1 1329 1331 1332 -1 1327 1294 1295 -1 1328 1329 1332 -1 1222 1333 1221 -1 1333 1222 1326 -1 1295 1221 1333 -1 1334 1295 1333 -1 1326 1276 1218 -1 1326 1218 1335 -1 1218 1223 1335 -1 1320 1336 1323 -1 1328 1336 1320 -1 1328 1337 1336 -1 1220 1286 1287 -1 1338 1336 1337 -1 1339 1338 1337 -1 1335 1223 1299 -1 1335 1299 1340 -1 1298 1340 1299 -1 1338 1341 1342 -1 1339 1341 1338 -1 1343 1297 1220 -1 1220 1287 1343 -1 1272 1324 1301 -1 1301 1324 1344 -1 1323 1235 1251 -1 1301 1344 1224 -1 1236 1235 1323 -1 1302 1344 1345 -1 1224 1344 1302 -1 1338 1323 1336 -1 1323 1338 1346 -1 1347 1302 1345 -1 1303 1225 1302 -1 1303 1302 1347 -1 1348 1236 1323 -1 1323 1346 1348 -1 1236 1348 1237 -1 1349 1166 1303 -1 1167 1166 1349 -1 1226 1167 1349 -1 1350 1237 1348 -1 1342 1346 1338 -1 1298 1351 1340 -1 1117 1237 1350 -1 1257 1117 1350 -1 1298 1300 1351 -1 1120 1257 1352 -1 1120 1353 1145 -1 1352 1353 1120 -1 1296 1145 1353 -1 1325 1310 1309 -1 1311 1325 1309 -1 1354 1355 1182 -1 1329 1325 1311 -1 1182 1259 1354 -1 1356 1311 1312 -1 1259 1122 1357 -1 1357 1354 1259 -1 1329 1356 1331 -1 1311 1356 1329 -1 1313 1356 1312 -1 1358 1356 1313 -1 1122 1185 1357 -1 1356 1358 1331 -1 1185 1187 1359 -1 1359 1357 1185 -1 1314 1358 1313 -1 1331 1358 1355 -1 1360 1359 1187 -1 1358 1314 1355 -1 1187 1125 1360 -1 1314 1182 1355 -1 1125 1263 1360 -1 1263 1127 1189 -1 1254 1315 1317 -1 1361 1362 1363 -1 1318 1315 1305 -1 1256 1254 1317 -1 1266 1193 1362 -1 1266 1364 1195 -1 1256 1317 1321 -1 1267 1195 1364 -1 1321 1317 1316 -1 1246 1321 1316 -1 1317 1315 1242 -1 1365 1363 1362 -1 1192 1362 1193 -1 1315 1318 1242 -1 1365 1362 1192 -1 1268 1365 1192 -1 1366 1365 1268 -1 1268 1367 1366 -1 1319 1318 1310 -1 1282 1240 1368 -1 1318 1307 1310 -1 1273 1274 1369 -1 1370 1369 1274 -1 1368 1240 1371 -1 1274 1280 1372 -1 1372 1370 1274 -1 1318 1319 1242 -1 1277 1373 1278 -1 1278 1373 1281 -1 1281 1374 1279 -1 1240 1284 1371 -1 1375 1343 1287 -1 1287 1292 1375 -1 1292 1293 1376 -1 1293 1291 1376 -1 1296 1322 1243 -1 1377 1378 1379 -1 1379 1380 1377 -1 1381 1377 1380 -1 1382 1378 1377 -1 1382 1377 1383 -1 1377 1381 1383 -1 1326 1384 1333 -1 1333 1384 1334 -1 1355 1385 1386 -1 1384 1326 1335 -1 1387 1384 1335 -1 1340 1387 1335 -1 1386 1388 1389 -1 1332 1337 1328 -1 1322 1390 1244 -1 1347 1345 1391 -1 1392 1393 1394 -1 1265 1239 1395 -1 1239 1238 1396 -1 1397 1393 1389 -1 1361 1394 1393 -1 1393 1397 1361 -1 1396 1395 1239 -1 1238 1282 1396 -1 1349 1303 1347 -1 1282 1368 1396 -1 1392 1394 1398 -1 1394 1361 1363 -1 1355 1332 1331 -1 1394 1363 1398 -1 1389 1388 1397 -1 1324 1330 1399 -1 1368 1371 1400 -1 1330 1327 1295 -1 1399 1330 1401 -1 1330 1295 1401 -1 1402 1361 1397 -1 1324 1399 1344 -1 1403 1404 1378 -1 1379 1378 1404 -1 1355 1386 1389 -1 1389 1332 1355 -1 1405 1379 1404 -1 1380 1379 1405 -1 1361 1402 1362 -1 1406 1380 1405 -1 1334 1384 1407 -1 1266 1362 1402 -1 1401 1295 1408 -1 1295 1334 1408 -1 1409 1410 1411 -1 1408 1334 1407 -1 1402 1412 1266 -1 1410 1409 1413 -1 1414 1375 1292 -1 1332 1389 1393 -1 1364 1266 1412 -1 1345 1344 1399 -1 1413 1415 1416 -1 1403 1417 1415 -1 1378 1417 1403 -1 1417 1378 1382 -1 1418 1417 1382 -1 1337 1332 1419 -1 1415 1417 1416 -1 1412 1420 1364 -1 1339 1419 1341 -1 1337 1419 1339 -1 1384 1387 1407 -1 1364 1420 1267 -1 1421 1416 1417 -1 1417 1418 1421 -1 1410 1413 1422 -1 1422 1423 1410 -1 1422 1413 1416 -1 1420 1424 1277 -1 1425 1387 1340 -1 1383 1418 1382 -1 1277 1267 1420 -1 1351 1425 1340 -1 1426 1427 1398 -1 1398 1363 1426 -1 1365 1426 1363 -1 1332 1393 1419 -1 1366 1427 1426 -1 1426 1365 1366 -1 1392 1341 1419 -1 1419 1393 1392 -1 1366 1367 1428 -1 1341 1392 1342 -1 1367 1429 1430 -1 1431 1342 1392 -1 1268 1429 1367 -1 1431 1392 1398 -1 1372 1280 1432 -1 1433 1429 1268 -1 1273 1433 1268 -1 1433 1273 1369 -1 1346 1342 1434 -1 1277 1424 1373 -1 1373 1424 1435 -1 1342 1431 1434 -1 1436 1434 1431 -1 1435 1437 1281 -1 1281 1373 1435 -1 1346 1434 1348 -1 1438 1348 1434 -1 1374 1281 1437 -1 1280 1279 1374 -1 1348 1438 1350 -1 1410 1439 1411 -1 1410 1423 1439 -1 1431 1398 1427 -1 1375 1414 1343 -1 1296 1440 1322 -1 1257 1438 1352 -1 1350 1438 1257 -1 1353 1440 1296 -1 1352 1441 1353 -1 1440 1390 1322 -1 1355 1354 1385 -1 1388 1386 1385 -1 1442 1385 1354 -1 1354 1357 1442 -1 1385 1442 1388 -1 1443 1388 1442 -1 1444 1442 1357 -1 1444 1443 1442 -1 1359 1444 1357 -1 1445 1444 1359 -1 1444 1445 1446 -1 1359 1360 1445 -1 1447 1445 1360 -1 1263 1447 1360 -1 1448 1447 1263 -1 1449 1448 1263 -1 1263 1189 1449 -1 1189 1265 1449 -1 1395 1449 1265 -1 1449 1395 1450 -1 1347 1451 1349 -1 1434 1436 1438 -1 1440 1452 1390 -1 1438 1436 1352 -1 1401 1453 1399 -1 1427 1436 1431 -1 1388 1443 1454 -1 1454 1397 1388 -1 1397 1454 1402 -1 1436 1427 1455 -1 1453 1456 1399 -1 1453 1408 1456 -1 1443 1444 1457 -1 1408 1453 1401 -1 1455 1352 1436 -1 1455 1427 1458 -1 1459 1450 1395 -1 1458 1352 1455 -1 1352 1458 1441 -1 1459 1396 1460 -1 1395 1396 1459 -1 1353 1461 1440 -1 1441 1461 1353 -1 1441 1458 1462 -1 1368 1460 1396 -1 1441 1462 1461 -1 1450 1459 1463 -1 1443 1457 1454 -1 1446 1457 1444 -1 1463 1459 1464 -1 1460 1368 1465 -1 1460 1465 1464 -1 1390 1452 1466 -1 1454 1457 1467 -1 1459 1460 1464 -1 1468 1454 1467 -1 1469 1448 1449 -1 1470 1469 1449 -1 1412 1454 1468 -1 1471 1405 1404 -1 1450 1470 1449 -1 1457 1446 1467 -1 1472 1467 1446 -1 1446 1445 1472 -1 1368 1400 1473 -1 1473 1465 1368 -1 1399 1391 1345 -1 1464 1465 1471 -1 1399 1456 1391 -1 1465 1473 1471 -1 1473 1400 1474 -1 1474 1471 1473 -1 1467 1472 1475 -1 1475 1468 1467 -1 1451 1347 1391 -1 1468 1475 1476 -1 1412 1402 1454 -1 1477 1390 1466 -1 1412 1468 1420 -1 1406 1405 1471 -1 1471 1474 1406 -1 1468 1476 1420 -1 1409 1478 1415 -1 1413 1409 1415 -1 1403 1415 1478 -1 1424 1420 1476 -1 1423 1422 1479 -1 1427 1366 1428 -1 1479 1422 1480 -1 1428 1458 1427 -1 1422 1421 1481 -1 1416 1421 1422 -1 1421 1482 1481 -1 1422 1481 1480 -1 1482 1421 1418 -1 1418 1383 1482 -1 1428 1462 1458 -1 1462 1428 1483 -1 1428 1367 1430 -1 1430 1483 1428 -1 1484 1480 1481 -1 1481 1482 1484 -1 1430 1429 1485 -1 1429 1433 1486 -1 1486 1485 1429 -1 1433 1487 1486 -1 1488 1487 1433 -1 1369 1488 1433 -1 1369 1370 1488 -1 1445 1447 1489 -1 1472 1445 1490 -1 1490 1475 1472 -1 1491 1476 1475 -1 1475 1490 1491 -1 1445 1489 1490 -1 1490 1489 1492 -1 1489 1448 1492 -1 1447 1448 1489 -1 1493 1492 1448 -1 1492 1493 1494 -1 1476 1491 1424 -1 1491 1490 1495 -1 1490 1492 1495 -1 1491 1495 1424 -1 1424 1495 1435 -1 1495 1492 1496 -1 1496 1492 1494 -1 1496 1435 1495 -1 1435 1496 1437 -1 1493 1469 1497 -1 1448 1469 1493 -1 1469 1470 1497 -1 1483 1430 1498 -1 1430 1485 1498 -1 1470 1450 1497 -1 1463 1497 1450 -1 1497 1499 1493 -1 1497 1463 1499 -1 1500 1494 1493 -1 1499 1500 1493 -1 1280 1374 1432 -1 1411 1439 1501 -1 1501 1439 1502 -1 1502 1439 1503 -1 1439 1423 1503 -1 1503 1423 1504 -1 1504 1423 1479 -1 1440 1461 1452 -1 1505 1506 1507 -1 1508 1509 1409 -1 1409 1411 1508 -1 1372 1510 1370 -1 1478 1409 1509 -1 1511 1512 1513 -1 1510 1372 1432 -1 1370 1510 1488 -1 1511 1505 1507 -1 1507 1512 1511 -1 1480 1514 1479 -1 1515 1487 1488 -1 1488 1516 1515 -1 1506 1517 1518 -1 1519 1494 1520 -1 1496 1494 1519 -1 1520 1494 1521 -1 1466 1522 1477 -1 1494 1500 1521 -1 1523 1520 1521 -1 1518 1507 1506 -1 1477 1522 1513 -1 1522 1511 1513 -1 1524 1518 1525 -1 1499 1526 1521 -1 1527 1524 1525 -1 1500 1499 1521 -1 1374 1437 1519 -1 1526 1463 1528 -1 1499 1463 1526 -1 1437 1496 1519 -1 1464 1528 1463 -1 1404 1528 1464 -1 1464 1471 1404 -1 1478 1404 1403 -1 1528 1404 1478 -1 1523 1501 1529 -1 1530 1523 1529 -1 1502 1529 1501 -1 1508 1501 1523 -1 1501 1508 1411 -1 1504 1479 1531 -1 1461 1462 1532 -1 1461 1533 1452 -1 1462 1483 1532 -1 1461 1532 1533 -1 1452 1533 1522 -1 1532 1483 1534 -1 1452 1522 1466 -1 1483 1498 1534 -1 1534 1533 1532 -1 1534 1505 1533 -1 1534 1498 1506 -1 1506 1505 1534 -1 1535 1485 1486 -1 1487 1535 1486 -1 1535 1487 1536 -1 1485 1535 1537 -1 1536 1487 1515 -1 1498 1485 1537 -1 1498 1537 1517 -1 1517 1506 1498 -1 1517 1537 1538 -1 1517 1538 1518 -1 1538 1525 1518 -1 1505 1522 1533 -1 1522 1505 1511 -1 1432 1539 1510 -1 1516 1510 1539 -1 1510 1516 1488 -1 1514 1480 1540 -1 1527 1525 1541 -1 1514 1540 1542 -1 1543 1527 1541 -1 1544 1540 1480 -1 1480 1545 1544 -1 1480 1484 1545 -1 1535 1546 1537 -1 1535 1536 1546 -1 1508 1523 1521 -1 1536 1515 1547 -1 1546 1536 1548 -1 1539 1432 1374 -1 1538 1537 1546 -1 1546 1548 1538 -1 1525 1538 1548 -1 1548 1536 1547 -1 1549 1374 1519 -1 1525 1548 1541 -1 1519 1520 1549 -1 1550 1521 1526 -1 1521 1550 1508 -1 1509 1508 1550 -1 1526 1528 1550 -1 1478 1550 1528 -1 1509 1550 1478 -1 1530 1549 1520 -1 1549 1530 1551 -1 1520 1523 1530 -1 1529 1551 1530 -1 1502 1503 1552 -1 1552 1529 1502 -1 1503 1504 1552 -1 1504 1531 1552 -1 1479 1514 1531 -1 1553 1531 1514 -1 1540 1544 1554 -1 1516 1539 1555 -1 1556 1554 1557 -1 1374 1549 1558 -1 1554 1544 1559 -1 1559 1557 1554 -1 1560 1558 1549 -1 1539 1374 1561 -1 1542 1553 1514 -1 1558 1561 1374 -1 1562 1559 1544 -1 1551 1560 1549 -1 1529 1563 1551 -1 1554 1542 1540 -1 1544 1545 1562 -1 1529 1552 1563 -1 1552 1531 1564 -1 1542 1554 1556 -1 1516 1565 1515 -1 1562 1545 1566 -1 1565 1547 1515 -1 1548 1547 1541 -1 1541 1547 1567 -1 1567 1543 1541 -1 1527 1543 1568 -1 1568 1543 1569 -1 1569 1570 1568 -1 1557 1571 1556 -1 1571 1557 1572 -1 1573 1572 1557 -1 1561 1555 1539 -1 1555 1565 1516 -1 1563 1560 1551 -1 1547 1565 1574 -1 1574 1567 1547 -1 1552 1575 1563 -1 1575 1552 1564 -1 1564 1553 1576 -1 1531 1553 1564 -1 1556 1553 1542 -1 1576 1553 1556 -1 1556 1577 1576 -1 1577 1571 1578 -1 1559 1573 1557 -1 1577 1556 1571 -1 1579 1567 1580 -1 1543 1567 1579 -1 1569 1543 1579 -1 1559 1562 1581 -1 1572 1573 1582 -1 1555 1583 1565 -1 1561 1584 1555 -1 1559 1581 1585 -1 1586 1559 1585 -1 1558 1587 1561 -1 1585 1581 1588 -1 1587 1558 1589 -1 1584 1561 1587 -1 1589 1558 1560 -1 1560 1563 1589 -1 1589 1563 1590 -1 1575 1590 1563 -1 1575 1591 1590 -1 1565 1583 1574 -1 1564 1591 1575 -1 1564 1592 1591 -1 1580 1567 1574 -1 1576 1592 1564 -1 1593 1592 1576 -1 1576 1577 1593 -1 1577 1578 1593 -1 1578 1571 1594 -1 1578 1595 1596 -1 1595 1578 1594 -1 1579 1580 1597 -1 1569 1579 1598 -1 1570 1569 1598 -1 1571 1572 1594 -1 1573 1559 1586 -1 1599 1582 1573 -1 1600 1599 1573 -1 1584 1583 1555 -1 1601 1583 1584 -1 1602 1584 1587 -1 1589 1602 1587 -1 1599 1600 1603 -1 1599 1604 1582 -1 1601 1574 1583 -1 1604 1599 1603 -1 1590 1605 1589 -1 1606 1602 1607 -1 1601 1584 1606 -1 1589 1605 1602 -1 1584 1602 1606 -1 1602 1605 1608 -1 1605 1590 1608 -1 1591 1609 1608 -1 1574 1601 1580 -1 1610 1580 1601 -1 1590 1591 1608 -1 1609 1591 1592 -1 1580 1610 1611 -1 1610 1601 1606 -1 1593 1609 1592 -1 1609 1593 1612 -1 1613 1612 1578 -1 1613 1596 1614 -1 1613 1578 1596 -1 1595 1614 1596 -1 1612 1593 1578 -1 1594 1572 1615 -1 1582 1615 1572 -1 1616 1595 1594 -1 1597 1617 1579 -1 1580 1611 1618 -1 1618 1597 1580 -1 1619 1617 1597 -1 1618 1619 1597 -1 1598 1579 1617 -1 1570 1598 1620 -1 1618 1621 1619 -1 1610 1622 1611 -1 1618 1611 1621 -1 1621 1611 1622 -1 1595 1623 1614 -1 1623 1595 1616 -1 1606 1624 1625 -1 1626 1615 1627 -1 1615 1582 1627 -1 1610 1606 1625 -1 1586 1600 1573 -1 1628 1610 1625 -1 1600 1586 1629 -1 1608 1607 1602 -1 1582 1630 1627 -1 1629 1603 1600 -1 1631 1603 1629 -1 1604 1630 1582 -1 1607 1608 1609 -1 1612 1607 1609 -1 1631 1604 1603 -1 1624 1607 1613 -1 1606 1607 1624 -1 1613 1607 1612 -1 1613 1614 1624 -1 1624 1614 1632 -1 1594 1633 1616 -1 1615 1634 1594 -1 1594 1634 1633 -1 1620 1617 1635 -1 1598 1617 1620 -1 1617 1619 1636 -1 1636 1635 1617 -1 1619 1621 1636 -1 1622 1610 1628 -1 1632 1614 1637 -1 1614 1638 1637 -1 1623 1638 1614 -1 1637 1638 1639 -1 1640 1623 1616 -1 1640 1616 1633 -1 1625 1624 1641 -1 1628 1625 1641 -1 1632 1641 1624 -1 1634 1642 1633 -1 1626 1642 1634 -1 1622 1628 1643 -1 1644 1622 1643 -1 1615 1626 1634 -1 1586 1645 1629 -1 1585 1645 1586 -1 1588 1645 1585 -1 1646 1626 1647 -1 1626 1627 1647 -1 1642 1626 1646 -1 1633 1642 1640 -1 1627 1630 1647 -1 1640 1642 1648 -1 1646 1647 1630 -1 1642 1646 1648 -1 1629 1645 1649 -1 1649 1645 1588 -1 1588 1650 1649 -1 1631 1629 1649 -1 1651 1632 1637 -1 1641 1632 1651 -1 1651 1637 1639 -1 1641 1643 1628 -1 1643 1641 1651 -1 1643 1651 1644 -1 1652 1653 1654 -1 1655 1656 1657 -1 1658 1659 1660 -1 1661 1662 1663 -1 1652 1664 1665 -1 1666 1656 1667 -1 1668 1652 1654 -1 1669 1662 1670 -1 1662 1669 1663 -1 1671 1672 1673 -1 1673 1672 1674 -1 1664 1652 1668 -1 1668 1671 1664 -1 1672 1671 1675 -1 1676 1672 1675 -1 1677 1669 1678 -1 1679 1680 1681 -1 1671 1668 1682 -1 1679 1672 1683 -1 1680 1679 1683 -1 1680 1684 1681 -1 1683 1672 1676 -1 1682 1668 1685 -1 1678 1686 1677 -1 1684 1680 1687 -1 1682 1675 1671 -1 1678 1688 1689 -1 1686 1678 1689 -1 1666 1690 1691 -1 1682 1685 1692 -1 1689 1693 1686 -1 1693 1694 1686 -1 1675 1682 1692 -1 1695 1691 1690 -1 1690 1666 1667 -1 1675 1692 1696 -1 1677 1697 1698 -1 1684 1699 1700 -1 1686 1694 1677 -1 1677 1694 1697 -1 1655 1697 1694 -1 1657 1697 1655 -1 1665 1701 1702 -1 1703 1702 1701 -1 1666 1657 1656 -1 1703 1704 1689 -1 1693 1689 1704 -1 1704 1703 1705 -1 1704 1705 1706 -1 1704 1706 1693 -1 1707 1653 1708 -1 1701 1665 1664 -1 1674 1701 1664 -1 1705 1703 1701 -1 1705 1701 1709 -1 1709 1701 1674 -1 1708 1665 1710 -1 1674 1664 1673 -1 1702 1710 1665 -1 1673 1664 1671 -1 1708 1652 1665 -1 1653 1652 1708 -1 1674 1672 1679 -1 1709 1674 1679 -1 1679 1681 1709 -1 1711 1709 1681 -1 1712 1711 1681 -1 1694 1713 1655 -1 1693 1713 1694 -1 1714 1655 1713 -1 1693 1706 1715 -1 1716 1693 1715 -1 1693 1716 1713 -1 1658 1713 1716 -1 1656 1655 1714 -1 1717 1656 1714 -1 1667 1656 1717 -1 1714 1713 1658 -1 1658 1660 1714 -1 1717 1714 1660 -1 1716 1715 1712 -1 1716 1712 1700 -1 1712 1684 1700 -1 1684 1712 1681 -1 1699 1716 1700 -1 1654 1718 1719 -1 1720 1721 1722 -1 1723 1718 1654 -1 1724 1725 1726 -1 1727 1720 1728 -1 1729 1725 1724 -1 1720 1722 1730 -1 1731 1732 1724 -1 1728 1720 1730 -1 1733 1732 1731 -1 1734 1735 1736 -1 1737 1738 1739 -1 1734 1736 1740 -1 1741 1734 1740 -1 1719 1734 1741 -1 1742 1743 1744 -1 1745 1746 1747 -1 1748 1741 1749 -1 1745 1727 1728 -1 1728 1750 1745 -1 1746 1745 1750 -1 1751 1749 1752 -1 1753 1737 1754 -1 1738 1737 1753 -1 1755 1756 1757 -1 1758 1756 1755 -1 1719 1759 1654 -1 1738 1753 1760 -1 1761 1762 1763 -1 1760 1753 1764 -1 1763 1765 1761 -1 1766 1758 1767 -1 1756 1758 1766 -1 1719 1741 1748 -1 1768 1761 1765 -1 1759 1719 1748 -1 1769 1738 1760 -1 1770 1771 1772 -1 1765 1763 1773 -1 1685 1759 1748 -1 1774 1771 1775 -1 1763 1769 1760 -1 1776 1771 1774 -1 1772 1771 1776 -1 1776 1729 1772 -1 1729 1776 1725 -1 1668 1654 1759 -1 1685 1668 1759 -1 1777 1776 1774 -1 1725 1776 1777 -1 1726 1725 1777 -1 1749 1751 1748 -1 1778 1760 1764 -1 1773 1763 1760 -1 1773 1760 1778 -1 1779 1780 1768 -1 1748 1751 1781 -1 1692 1685 1748 -1 1692 1748 1781 -1 1773 1778 1782 -1 1783 1780 1779 -1 1764 1784 1785 -1 1781 1751 1786 -1 1786 1751 1787 -1 1765 1788 1768 -1 1692 1781 1696 -1 1789 1781 1786 -1 1732 1729 1724 -1 1696 1781 1789 -1 1779 1768 1788 -1 1779 1788 1790 -1 1791 1732 1792 -1 1793 1794 1795 -1 1796 1794 1797 -1 1797 1798 1796 -1 1795 1794 1796 -1 1792 1799 1791 -1 1773 1782 1800 -1 1785 1791 1799 -1 1800 1801 1773 -1 1802 1796 1798 -1 1798 1803 1802 -1 1801 1765 1773 -1 1778 1764 1785 -1 1804 1805 513 -1 1787 1806 1786 -1 1782 1778 1785 -1 1806 1787 1807 -1 1789 1786 1806 -1 1800 1782 1785 -1 1765 1801 1788 -1 1800 1785 1799 -1 1795 1796 1808 -1 1801 1800 1809 -1 1808 1796 1810 -1 1807 1811 1806 -1 1800 1799 1812 -1 1811 1807 1808 -1 1809 1813 1801 -1 1806 1814 1789 -1 1696 1789 1814 -1 1801 1815 1788 -1 1809 1800 1812 -1 1814 1806 1816 -1 1733 1817 1818 -1 1815 1801 1813 -1 1732 1733 1792 -1 1816 1806 1811 -1 1792 1733 1819 -1 1733 1818 1819 -1 1819 1818 1820 -1 1819 1821 1792 -1 1820 1822 1819 -1 1822 1820 1823 -1 1790 1788 1824 -1 1822 1823 1825 -1 1826 1825 1823 -1 1810 1811 1808 -1 1825 1827 1822 -1 1828 1825 1826 -1 1828 1829 1825 -1 1827 1825 1829 -1 1824 1788 1815 -1 1824 1815 1830 -1 1831 1832 1833 -1 1821 1834 1792 -1 1799 1792 1834 -1 1813 1809 1835 -1 1834 1836 1799 -1 1834 1821 1819 -1 1835 1837 1838 -1 1839 1799 1836 -1 1779 1790 1783 -1 1813 1835 1838 -1 1839 1836 1840 -1 1840 1836 1841 -1 1838 1842 1813 -1 1843 1783 1790 -1 1799 1839 1812 -1 1844 1812 1839 -1 1837 1835 1845 -1 1835 1812 1844 -1 1809 1812 1835 -1 1846 1710 1702 -1 1847 1746 1750 -1 1838 1837 1848 -1 1840 1844 1839 -1 1838 1849 1842 -1 1848 1849 1838 -1 1703 1846 1702 -1 1850 1846 1703 -1 1851 1847 1750 -1 1815 1852 1830 -1 1847 1851 1853 -1 1845 1835 1844 -1 1815 1813 1842 -1 1852 1815 1842 -1 1834 1819 1822 -1 1842 1854 1852 -1 1709 1711 1705 -1 1834 1822 1841 -1 1706 1705 1711 -1 1836 1834 1841 -1 1827 1841 1822 -1 1855 1790 1824 -1 1706 1711 1715 -1 1715 1711 1712 -1 1840 1841 1856 -1 1856 1857 1840 -1 1855 1824 1858 -1 1858 1824 1830 -1 1841 1827 1859 -1 1849 1854 1842 -1 1855 1858 1860 -1 1856 1841 1859 -1 1857 1856 1861 -1 1862 1863 1864 -1 1854 1865 1852 -1 1866 1863 1862 -1 1856 1859 1861 -1 1862 1867 1866 -1 1867 1862 1868 -1 1869 1844 1840 -1 1869 1840 1857 -1 1857 1870 1869 -1 1871 1872 1866 -1 1872 1871 1873 -1 1871 1866 1867 -1 1845 1844 1869 -1 1837 1845 1848 -1 1845 1869 1874 -1 1871 1867 1875 -1 1870 1874 1869 -1 1874 1848 1845 -1 1857 1861 1870 -1 1874 1870 1876 -1 1849 1848 1877 -1 1876 1870 1878 -1 1879 1742 1744 -1 1827 1829 1880 -1 1877 1848 1874 -1 1829 1828 1881 -1 1882 1828 1826 -1 1881 1828 1882 -1 1877 1874 1876 -1 584 1805 1883 -1 1877 1884 1849 -1 1880 1829 1881 -1 1881 1885 1880 -1 1886 1881 1882 -1 1885 1881 1886 -1 1877 1887 1884 -1 1888 1883 1805 -1 1849 1889 1854 -1 1661 1854 1889 -1 1885 1886 1890 -1 1889 1849 1884 -1 401 584 1883 -1 1661 1889 1662 -1 1865 1854 1661 -1 1891 1885 1890 -1 1892 1865 1661 -1 1890 1893 1891 -1 401 1883 1894 -1 1889 1884 1887 -1 1859 1827 1880 -1 401 1894 1895 -1 1880 1896 1859 -1 1889 1887 1670 -1 1889 1670 1662 -1 1861 1859 1896 -1 1873 1871 1897 -1 1897 1871 1898 -1 1899 1861 1896 -1 1900 1867 1868 -1 1875 1867 1900 -1 1901 1858 1830 -1 1860 1858 1901 -1 1885 1902 1880 -1 1896 1880 1902 -1 1875 1898 1871 -1 1901 1903 1860 -1 1875 1900 1904 -1 1830 1852 1865 -1 1901 1830 1865 -1 1875 1904 1905 -1 1899 1896 1906 -1 1898 1875 1907 -1 1861 1899 1870 -1 1878 1870 1899 -1 1908 1878 1899 -1 1892 1901 1865 -1 1909 1910 1911 -1 1901 1892 1912 -1 1903 1742 1879 -1 1876 1878 1908 -1 1913 1911 1910 -1 1914 1911 1913 -1 1908 1899 1906 -1 1903 1743 1742 -1 1906 1915 1908 -1 1901 1912 1903 -1 1903 1912 1743 -1 1912 1832 1743 -1 1898 1916 1917 -1 1832 1831 1743 -1 1906 1896 1918 -1 1918 1896 1902 -1 1902 1885 1891 -1 1661 1663 1892 -1 1902 1891 1919 -1 1919 1920 1902 -1 1902 1920 1918 -1 1912 1892 1921 -1 1919 1922 1920 -1 1663 1923 1892 -1 1921 1892 1923 -1 1923 1698 1921 -1 1906 1918 1924 -1 1925 1906 1924 -1 1921 1832 1912 -1 1906 1926 1915 -1 1926 1906 1925 -1 1924 1918 1920 -1 1920 1927 1924 -1 1925 1928 1926 -1 1928 1925 1710 -1 1833 1832 1921 -1 1929 1930 1757 -1 1756 1931 1757 -1 1877 1876 1932 -1 1932 1876 1908 -1 1932 1908 1915 -1 1887 1877 1932 -1 1929 1757 1933 -1 1932 1670 1887 -1 1933 1757 1931 -1 1670 1932 1934 -1 1932 1915 1934 -1 1931 1756 1935 -1 1756 1766 1935 -1 1670 1934 1678 -1 1936 1931 1935 -1 1933 1931 1936 -1 1935 1766 1762 -1 1761 1935 1762 -1 1670 1678 1669 -1 1761 1936 1935 -1 1761 1780 1936 -1 1761 1768 1780 -1 1926 1934 1915 -1 1721 1933 1936 -1 1678 1934 1688 -1 1688 1934 1850 -1 1934 1926 1928 -1 1850 1934 1928 -1 1846 1928 1710 -1 1850 1928 1846 -1 1722 1721 1936 -1 1780 1722 1936 -1 1780 1783 1722 -1 1689 1688 1850 -1 1689 1850 1703 -1 1923 1663 1669 -1 1923 1669 1677 -1 1698 1923 1677 -1 1833 1921 1937 -1 1937 1921 1698 -1 1657 1937 1698 -1 1698 1697 1657 -1 1666 1937 1657 -1 1691 1937 1666 -1 1893 1938 1891 -1 1891 1938 1919 -1 1939 1938 1893 -1 1919 1938 1939 -1 1939 1940 1941 -1 1941 1942 1939 -1 1941 1940 1943 -1 1944 1941 1943 -1 1942 1941 1944 -1 1944 1943 1945 -1 1942 1944 1718 -1 1944 1945 1946 -1 1947 1944 1946 -1 1718 1944 1947 -1 1946 1735 1947 -1 1734 1947 1735 -1 1734 1719 1947 -1 1922 1919 1939 -1 1922 1948 1920 -1 1927 1920 1948 -1 1948 1922 1949 -1 1939 1942 1922 -1 1922 1942 1707 -1 1949 1922 1707 -1 1708 1949 1707 -1 1949 1927 1948 -1 1949 1710 1927 -1 1925 1924 1927 -1 1927 1710 1925 -1 1710 1949 1708 -1 1707 1942 1723 -1 1723 1942 1718 -1 1653 1707 1723 -1 1653 1723 1654 -1 1947 1719 1718 -1 1883 1888 1950 -1 1894 1883 1950 -1 1736 1735 1951 -1 1951 1952 1736 -1 1953 1954 1955 -1 1740 1736 1952 -1 1956 1953 1955 -1 1957 1740 1952 -1 1958 1954 1953 -1 1890 1886 1959 -1 1953 1960 1958 -1 1961 1740 1957 -1 1962 1740 1961 -1 1740 1962 1741 -1 1963 1964 1958 -1 1965 1893 1966 -1 1749 1741 1962 -1 1961 1967 1962 -1 1749 1962 1967 -1 1752 1749 1967 -1 1960 1963 1958 -1 1959 1968 1890 -1 1969 1752 1970 -1 1971 1953 1956 -1 1956 1972 1971 -1 1751 1752 1969 -1 1973 1974 1975 -1 1960 1976 1963 -1 1977 1969 1970 -1 1973 1975 1978 -1 1894 1950 1979 -1 1893 1965 1939 -1 1969 1980 1751 -1 1960 1953 1971 -1 1981 1960 1971 -1 1976 1960 1981 -1 1940 1939 1965 -1 1893 1890 1968 -1 1982 1973 1983 -1 1751 1980 1984 -1 1984 1787 1751 -1 1973 1982 1985 -1 1986 1971 1972 -1 1987 1985 1982 -1 1988 1989 1873 -1 1793 1969 1977 -1 1990 1982 1983 -1 1991 1969 1793 -1 1980 1969 1991 -1 1992 1988 1993 -1 1971 1994 1981 -1 1794 1793 1977 -1 1797 1794 1977 -1 1978 1983 1973 -1 1977 1995 1797 -1 1996 1993 1988 -1 1994 1971 1986 -1 1966 1893 1968 -1 1997 1998 1978 -1 1983 1978 1998 -1 1798 1797 1995 -1 1999 1943 1940 -1 2000 1798 1995 -1 1945 1943 1999 -1 1999 2001 1945 -1 2002 1945 2001 -1 1996 1988 1873 -1 1946 1945 2002 -1 1964 1963 2003 -1 2004 1982 1990 -1 2005 1798 2000 -1 2006 1992 1993 -1 1803 1798 2005 -1 1951 1946 2002 -1 1735 1946 1951 -1 2007 2006 1993 -1 2008 2009 2003 -1 1990 2010 2004 -1 2008 2011 2012 -1 1984 1980 1991 -1 1993 2013 2007 -1 1984 1991 1795 -1 1795 1787 1984 -1 2011 2008 2014 -1 1795 1991 1793 -1 1930 2015 1757 -1 2013 1993 1996 -1 1795 1807 1787 -1 1807 1795 1808 -1 2016 2012 2011 -1 2015 2017 2016 -1 2015 2016 2018 -1 2019 2017 2015 -1 2018 1755 2015 -1 1873 1897 1996 -1 1755 1757 2015 -1 2011 2018 2016 -1 2018 2011 2014 -1 2020 1998 1997 -1 1758 2018 2014 -1 2014 1767 1758 -1 1755 2018 1758 -1 2021 1929 1933 -1 2022 2013 1996 -1 2023 1767 2014 -1 2024 2025 2026 -1 1897 1917 1996 -1 2027 2028 2029 -1 1767 2023 2030 -1 1917 1897 1898 -1 2022 1996 1917 -1 2031 2032 2033 -1 1917 2034 2022 -1 2035 2033 2032 -1 2023 2035 2032 -1 2032 2036 2023 -1 2028 2037 2029 -1 2032 2031 2038 -1 1950 2039 2007 -1 2007 2040 1950 -1 2026 2037 2041 -1 2030 2023 2036 -1 2042 2041 1929 -1 2043 2019 2028 -1 1737 1739 2036 -1 2037 2028 2019 -1 2030 2036 1739 -1 2040 2007 2013 -1 2040 2013 2022 -1 2044 2030 1739 -1 2015 1930 2019 -1 1979 1950 2040 -1 1930 2037 2019 -1 2040 2045 1979 -1 1930 2041 2037 -1 2042 1929 2021 -1 2030 2044 1767 -1 772 1804 513 -1 1805 502 513 -1 2046 1894 1979 -1 2046 1979 2045 -1 2040 2047 2045 -1 1929 2041 1930 -1 2048 2044 1739 -1 1766 1767 2044 -1 1766 2044 1762 -1 2022 2047 2040 -1 491 502 1805 -1 1762 2044 2048 -1 1762 2048 1769 -1 584 491 1805 -1 2022 2049 2047 -1 1775 2050 2051 -1 2052 2050 2038 -1 2031 2052 2038 -1 2053 2026 2041 -1 2054 2038 1770 -1 2024 2026 2053 -1 2038 2050 1775 -1 1775 1771 2038 -1 1770 2038 1771 -1 2049 2055 2047 -1 1774 1775 2051 -1 2051 2056 1774 -1 1872 1989 1866 -1 1873 1989 1872 -1 2041 2042 2053 -1 2057 2042 2021 -1 2058 2047 2055 -1 2042 2057 2059 -1 2042 2059 2053 -1 1864 2060 1862 -1 1868 1862 2060 -1 1777 1774 2056 -1 2061 1777 2056 -1 1900 1868 2060 -1 1777 2061 1726 -1 1804 772 2062 -1 1998 2063 1983 -1 2064 1900 2060 -1 1804 2062 2065 -1 1726 2061 1731 -1 1724 1726 1731 -1 1907 1875 1905 -1 2061 1817 1731 -1 1817 2061 2066 -1 1983 2063 1990 -1 1731 1817 1733 -1 1805 1804 2006 -1 2032 2038 2054 -1 2067 1900 2064 -1 1909 2067 2068 -1 2054 2069 2032 -1 2010 1990 2063 -1 2036 2032 2069 -1 1737 2036 2069 -1 1904 1900 2067 -1 2065 1992 1804 -1 2069 1754 1737 -1 1992 2065 1989 -1 1989 1988 1992 -1 2070 2063 2071 -1 2010 2063 2070 -1 1998 2020 2024 -1 2067 2072 1904 -1 2024 2071 1998 -1 2054 2073 2069 -1 2063 1998 2071 -1 1770 2074 2054 -1 1905 1904 2072 -1 2067 1909 2072 -1 2073 2054 2074 -1 1907 1905 2072 -1 2006 1804 1992 -1 2069 2073 1754 -1 2073 2075 1754 -1 2074 1770 1772 -1 2075 2073 2074 -1 2074 2076 2075 -1 2077 2071 2024 -1 2039 2006 2007 -1 1910 2068 2078 -1 1753 1754 2075 -1 2068 1910 1909 -1 1753 2075 1784 -1 1784 2075 2076 -1 1784 1764 1753 -1 1888 1805 2006 -1 2078 2079 1910 -1 2070 2071 2077 -1 1888 2006 2039 -1 1739 1738 2048 -1 1950 1888 2039 -1 2080 2004 2010 -1 1769 2048 1738 -1 1911 2081 1909 -1 2072 1909 2081 -1 1769 1763 1762 -1 2070 2082 2010 -1 2074 1772 1729 -1 1729 2076 2074 -1 2081 1911 2083 -1 1791 1729 1732 -1 2076 1729 1791 -1 1785 1784 2076 -1 1913 1910 2079 -1 2076 1791 1785 -1 2084 1817 2066 -1 1818 1817 2084 -1 2084 2085 1818 -1 2086 1913 2079 -1 1914 1913 2086 -1 1820 1818 2085 -1 1954 1914 2086 -1 2085 2087 1820 -1 2057 2021 1720 -1 1823 1820 2087 -1 2087 2088 1823 -1 1826 1823 2088 -1 2083 1911 1914 -1 1720 2021 1721 -1 2089 1826 2088 -1 2089 2090 1826 -1 2091 1826 2090 -1 1882 1826 2091 -1 2091 2092 1882 -1 1886 1882 2092 -1 1959 1886 2092 -1 1958 1914 1954 -1 2083 1914 1958 -1 1964 2083 1958 -1 2077 2024 2053 -1 2021 1933 1721 -1 1898 1907 1916 -1 2053 2093 2077 -1 2094 1917 1916 -1 2034 1917 2094 -1 2053 2059 2093 -1 1916 1907 2095 -1 2095 2096 1916 -1 2072 2095 1907 -1 2097 2095 2072 -1 2096 2095 2097 -1 2094 1916 2096 -1 2059 2098 2093 -1 2099 2070 2077 -1 2082 2070 2099 -1 2059 2057 2098 -1 2099 2077 2093 -1 2100 2094 2096 -1 2093 2101 2099 -1 2049 2022 2034 -1 2049 2034 2102 -1 2103 2049 2102 -1 2049 2103 2055 -1 2101 2093 2104 -1 2098 2104 2093 -1 2094 2105 2034 -1 2105 2094 2100 -1 2102 2034 2105 -1 2105 2100 2106 -1 2098 2057 1720 -1 2027 2102 2105 -1 2103 2102 2027 -1 2106 2027 2105 -1 2107 2098 1720 -1 2106 2028 2027 -1 2097 2072 2081 -1 2098 2107 2104 -1 2081 2108 2097 -1 1747 2104 2107 -1 2109 2097 2108 -1 402 401 1895 -1 2081 2110 2108 -1 2096 2097 2109 -1 402 1895 2111 -1 793 402 2111 -1 2112 2096 2109 -1 1895 1894 2046 -1 2113 2111 1895 -1 2112 2109 2114 -1 2012 2109 2108 -1 2113 2115 2111 -1 2114 2109 2012 -1 2116 793 2111 -1 2116 2111 2115 -1 2081 2083 1964 -1 2110 2081 1964 -1 2108 2110 2009 -1 1964 2003 2110 -1 2104 2117 2101 -1 796 793 2116 -1 2118 1975 2116 -1 2012 2108 2009 -1 848 1975 1974 -1 1895 2046 2113 -1 2046 2045 2119 -1 2009 2110 2003 -1 2119 2113 2046 -1 2119 2120 2113 -1 2012 2009 2008 -1 2100 2096 2112 -1 2115 2113 2120 -1 2106 2100 2112 -1 2115 2121 2118 -1 2119 2045 2047 -1 2047 2058 2119 -1 2112 2122 2106 -1 2120 2119 2058 -1 2120 2058 2123 -1 2114 2124 2112 -1 2122 2112 2124 -1 1747 2125 2104 -1 2120 2121 2115 -1 2122 2043 2106 -1 2120 2123 2126 -1 2121 2120 2126 -1 2117 2104 2125 -1 2028 2106 2043 -1 2118 2116 2115 -1 1975 2118 2127 -1 2017 2114 2012 -1 1978 1975 2127 -1 2124 2114 2017 -1 2127 2118 2121 -1 2017 2012 2016 -1 1978 2127 1997 -1 1997 2127 2121 -1 2043 2122 2124 -1 2017 2019 2124 -1 2043 2124 2019 -1 1720 1727 2107 -1 1747 2107 1727 -1 1727 1745 1747 -1 1730 1722 1783 -1 1750 1728 1730 -1 1783 1750 1730 -1 1750 1783 1843 -1 1843 1790 1855 -1 1750 1843 1851 -1 1855 2128 1843 -1 2128 1855 1860 -1 1851 1843 2128 -1 2128 1879 1851 -1 2128 1903 1879 -1 1903 2128 1860 -1 2129 2060 2130 -1 1952 1951 2131 -1 2064 2060 2129 -1 2132 2064 2129 -1 1968 1959 2133 -1 2134 1966 2135 -1 2133 2135 1968 -1 1966 1968 2135 -1 2067 2064 2132 -1 1965 1966 2134 -1 2136 1965 2134 -1 2067 2132 2068 -1 817 848 1974 -1 2068 2132 2137 -1 2078 2068 2137 -1 818 817 1974 -1 2078 2138 2079 -1 2086 2079 2138 -1 1985 1974 1973 -1 818 1974 1985 -1 819 818 1985 -1 1985 1987 819 -1 1961 2139 1967 -1 1965 2136 1940 -1 2136 2140 1940 -1 1940 2140 1999 -1 2141 1967 2139 -1 1752 1967 2141 -1 1970 1752 2141 -1 1951 2002 2142 -1 2060 1864 2130 -1 2143 819 1987 -1 2144 1987 1982 -1 2144 2143 1987 -1 2144 1982 2004 -1 2005 2000 2145 -1 2146 2005 2145 -1 2080 2144 2004 -1 2123 2058 2055 -1 2055 2147 2123 -1 2148 2126 2123 -1 2148 2123 2147 -1 2147 2149 2148 -1 2147 2055 2103 -1 2150 2147 2103 -1 2029 2103 2027 -1 2150 2103 2029 -1 2149 2147 2150 -1 2148 2149 2150 -1 2148 2020 2126 -1 1997 2126 2020 -1 2020 2148 2150 -1 2150 2025 2020 -1 2025 2150 2026 -1 2020 2025 2024 -1 2037 2150 2029 -1 2026 2150 2037 -1 2151 1954 2086 -1 1955 1954 2151 -1 2151 2152 1955 -1 2152 1956 1955 -1 2153 1972 2154 -1 1986 1972 2153 -1 2153 2155 1986 -1 1994 1986 2155 -1 2155 2052 1994 -1 1994 2052 2031 -1 2155 2050 2052 -1 1963 2156 2003 -1 2008 2003 2156 -1 848 796 2116 -1 2156 1963 1976 -1 2008 2156 2014 -1 1976 2035 2156 -1 2014 2156 2035 -1 2023 2014 2035 -1 1981 2033 1976 -1 2035 1976 2033 -1 2033 1981 1994 -1 2033 1994 2031 -1 848 2116 1975 -1 2157 2050 2155 -1 2051 2050 2157 -1 2157 2158 2051 -1 2158 2056 2051 -1 2056 2158 2159 -1 2159 2160 2056 -1 2160 2066 2056 -1 2061 2056 2066 -1 2085 2084 2161 -1 2126 1997 2121 -1 2162 2163 2085 -1 2087 2085 2163 -1 2088 2087 2164 -1 2164 2165 2088 -1 2089 2088 2165 -1 2092 2166 1959 -1 2167 2066 2160 -1 2167 2084 2066 -1 2162 2085 2161 -1 2087 2163 2168 -1 2090 2089 2169 -1 2133 1959 2166 -1 2129 2130 2170 -1 2137 2132 2171 -1 2140 2136 2172 -1 2138 2078 2137 -1 2137 2173 2138 -1 2151 2086 2138 -1 2002 2001 2174 -1 2174 2175 2002 -1 2142 2002 2175 -1 2131 1951 2142 -1 1957 1952 2131 -1 2131 2176 1957 -1 1957 2176 1961 -1 1961 2176 2139 -1 1970 2141 2177 -1 2177 2178 1970 -1 2178 1977 1970 -1 1995 1977 2179 -1 2000 1995 2180 -1 2181 2145 2182 -1 2000 2182 2145 -1 2146 2145 2183 -1 2152 2154 1956 -1 1972 1956 2154 -1 2153 2154 2184 -1 2153 2185 2155 -1 2185 2157 2155 -1 2158 2157 2186 -1 2160 2159 2187 -1 2167 2161 2084 -1 2162 2161 2188 -1 2087 2168 2164 -1 2152 2151 2189 -1 2164 2190 2165 -1 2154 2152 2191 -1 2089 2165 2190 -1 2192 2153 2184 -1 2185 2153 2192 -1 2169 2193 2090 -1 2091 2090 2193 -1 2185 2186 2157 -1 2171 2129 2170 -1 2132 2129 2171 -1 2194 2091 2193 -1 2092 2091 2194 -1 2137 2171 2173 -1 2133 2166 2195 -1 2138 2173 2151 -1 2135 2133 2196 -1 2172 2134 2197 -1 2136 2134 2172 -1 2134 2135 2197 -1 2140 2172 2198 -1 1999 2140 2199 -1 2174 1999 2199 -1 2001 1999 2174 -1 2175 2200 2142 -1 2201 2142 2200 -1 2131 2142 2201 -1 2176 2131 2202 -1 2141 2139 2203 -1 2203 2177 2141 -1 2204 1977 2178 -1 2179 1977 2204 -1 2000 2180 2182 -1 2183 2145 2181 -1 2163 2162 2205 -1 2168 2163 2205 -1 2190 2164 2168 -1 2190 2206 2089 -1 2169 2089 2206 -1 2193 2169 2207 -1 2180 1995 2179 -1 2207 2194 2193 -1 2181 2182 2180 -1 2191 2152 2189 -1 2154 2191 2184 -1 2196 2133 2195 -1 2192 2208 2185 -1 2186 2185 2208 -1 2196 2197 2135 -1 2197 2209 2172 -1 2186 2210 2158 -1 2159 2158 2210 -1 2187 2159 2210 -1 2209 2198 2172 -1 2198 2199 2140 -1 2187 2211 2160 -1 2212 2160 2211 -1 2167 2160 2212 -1 2188 2167 2212 -1 2161 2167 2188 -1 2151 2173 2189 -1 2213 2131 2201 -1 2202 2131 2213 -1 2139 2176 2202 -1 2162 2214 2205 -1 2168 2205 2215 -1 2179 2204 2216 -1 2183 2181 2217 -1 2206 2218 2169 -1 2207 2169 2218 -1 2219 2207 2218 -1 2207 2220 2194 -1 2092 2194 2221 -1 2166 2092 2221 -1 2166 2221 2195 -1 2191 2222 2184 -1 2192 2184 2222 -1 2223 2192 2222 -1 2208 2192 2223 -1 2224 2171 2170 -1 2173 2171 2224 -1 2224 2225 2173 -1 2198 2209 2226 -1 2227 2198 2226 -1 2199 2198 2227 -1 2187 2210 2228 -1 2200 2229 2201 -1 2213 2201 2229 -1 2188 2212 2230 -1 2162 2188 2214 -1 2231 2139 2232 -1 2203 2139 2231 -1 2168 2233 2190 -1 2233 2206 2190 -1 2203 2234 2177 -1 2221 2194 2220 -1 2235 2189 2236 -1 2191 2189 2235 -1 2195 2221 2237 -1 2223 2222 2238 -1 2195 2237 2239 -1 2196 2195 2239 -1 2197 2196 2239 -1 2204 2178 2240 -1 2216 2204 2240 -1 2186 2208 2241 -1 2199 2227 2242 -1 2174 2199 2242 -1 2216 2243 2179 -1 2175 2174 2242 -1 2200 2175 2242 -1 2228 2210 2244 -1 2179 2245 2180 -1 2229 2246 2213 -1 2211 2187 2228 -1 2202 2213 2246 -1 2245 2217 2180 -1 2181 2180 2217 -1 2230 2212 2211 -1 2183 2217 2247 -1 2214 2188 2230 -1 2224 2170 2248 -1 2173 2225 2236 -1 2189 2173 2236 -1 2249 2202 2250 -1 2139 2202 2249 -1 2232 2139 2249 -1 2231 2234 2203 -1 2240 2177 2234 -1 2178 2177 2240 -1 2235 2222 2191 -1 2251 2179 2243 -1 2245 2179 2251 -1 2252 2208 2223 -1 2210 2186 2244 -1 2215 2233 2168 -1 2228 2244 2253 -1 2225 2224 2254 -1 2233 2255 2206 -1 2220 2256 2221 -1 2237 2221 2256 -1 2237 2257 2239 -1 2257 2258 2239 -1 2197 2239 2258 -1 2209 2197 2258 -1 2259 2209 2258 -1 2226 2209 2259 -1 2227 2226 2260 -1 2227 2261 2242 -1 2200 2242 2262 -1 2229 2200 2262 -1 2262 2246 2229 -1 2202 2246 2250 -1 2260 2226 2259 -1 2260 2263 2227 -1 2261 2227 2263 -1 2242 2261 2264 -1 2262 2242 2264 -1 2265 2262 2264 -1 2266 2262 2265 -1 2246 2262 2266 -1 2254 2224 2248 -1 2266 2250 2246 -1 2267 2249 2250 -1 2268 2249 2267 -1 2232 2249 2268 -1 2269 2232 2268 -1 2270 2236 2271 -1 2231 2232 2269 -1 2235 2236 2270 -1 2216 2240 2272 -1 2243 2216 2272 -1 2223 2238 2273 -1 2252 2223 2273 -1 2274 2245 2251 -1 2217 2245 2274 -1 2208 2252 2241 -1 2275 2247 2217 -1 2244 2186 2241 -1 2253 2244 2241 -1 2211 2228 2276 -1 2277 2211 2276 -1 2230 2211 2277 -1 2214 2277 2278 -1 2230 2277 2214 -1 2279 2214 2278 -1 2205 2214 2279 -1 2280 2205 2279 -1 2215 2205 2280 -1 2206 2219 2218 -1 2281 2219 2282 -1 2219 2281 2207 -1 2220 2207 2281 -1 2281 2256 2220 -1 2237 2256 2283 -1 2257 2237 2283 -1 2284 2259 2258 -1 2260 2259 2285 -1 2261 2286 2264 -1 2286 2287 2264 -1 2265 2264 2287 -1 2287 2288 2265 -1 2265 2289 2266 -1 2288 2289 2265 -1 2290 2266 2289 -1 2250 2266 2290 -1 2267 2250 2290 -1 2291 2267 2290 -1 2268 2267 2291 -1 2292 2268 2291 -1 2268 2292 2269 -1 2293 2269 2292 -1 2231 2269 2293 -1 2236 2225 2271 -1 2234 2231 2293 -1 2240 2234 2294 -1 2294 2272 2240 -1 2243 2272 2295 -1 2251 2296 2297 -1 2274 2251 2297 -1 2295 2296 2243 -1 2251 2243 2296 -1 2275 2217 2274 -1 2274 2298 2275 -1 2299 2275 2298 -1 2222 2235 2238 -1 2238 2300 2273 -1 2252 2301 2241 -1 2253 2241 2301 -1 2302 2303 2253 -1 2228 2253 2303 -1 2276 2228 2303 -1 2303 2304 2276 -1 2277 2276 2304 -1 2305 2277 2304 -1 2278 2277 2305 -1 2306 2215 2280 -1 2233 2215 2306 -1 2255 2233 2306 -1 2206 2255 2307 -1 2307 2308 2206 -1 2219 2206 2308 -1 2308 2282 2219 -1 2309 2256 2310 -1 2310 2256 2281 -1 2283 2256 2309 -1 2258 2257 2284 -1 2311 2305 2312 -1 2278 2305 2311 -1 2311 2313 2278 -1 2279 2278 2313 -1 2280 2279 2313 -1 2307 2255 2306 -1 2310 2281 2282 -1 2314 2283 2309 -1 2257 2283 2314 -1 2259 2284 2315 -1 2315 2257 2314 -1 2285 2259 2315 -1 2284 2257 2315 -1 2260 2285 2316 -1 2263 2260 2316 -1 2316 2286 2263 -1 2263 2286 2261 -1 2288 2317 2289 -1 2290 2289 2317 -1 2291 2290 2317 -1 2293 2292 2318 -1 2294 2293 2318 -1 2234 2293 2294 -1 2272 2294 2319 -1 2295 2272 2319 -1 2297 2298 2274 -1 2320 2235 2270 -1 2235 2320 2238 -1 2300 2238 2320 -1 2253 2301 2302 -1 2303 2302 2321 -1 2312 2303 2321 -1 2304 2303 2312 -1 2305 2304 2312 -1 2322 2323 2324 -1 2325 2324 2323 -1 2326 2327 2328 -1 2326 2329 2327 -1 2324 2325 2330 -1 2329 2331 2327 -1 2332 2331 2329 -1 2333 2334 2325 -1 2335 2320 2270 -1 2285 2315 2336 -1 2336 2337 2285 -1 2316 2285 2337 -1 2330 2325 2338 -1 2273 2300 2339 -1 2252 2273 2339 -1 2286 2316 2337 -1 2340 2252 2339 -1 2301 2252 2340 -1 2341 2342 2332 -1 2337 2343 2286 -1 2344 2286 2343 -1 2327 2331 2345 -1 2287 2286 2344 -1 2288 2287 2344 -1 2344 2346 2288 -1 2346 2317 2288 -1 2347 2324 2348 -1 2291 2317 2346 -1 2349 2312 2350 -1 2311 2312 2349 -1 2313 2311 2349 -1 2318 2291 2346 -1 2292 2291 2318 -1 2349 2351 2313 -1 2280 2313 2351 -1 2352 2280 2351 -1 2306 2280 2352 -1 2307 2306 2352 -1 2353 2354 2318 -1 2294 2318 2354 -1 2352 2308 2307 -1 2319 2294 2354 -1 2355 2348 2324 -1 2319 2356 2295 -1 2296 2295 2356 -1 2357 2296 2358 -1 2297 2296 2357 -1 2328 2359 2360 -1 2361 2332 2342 -1 2362 2347 2348 -1 2345 2328 2327 -1 2363 2297 2357 -1 2298 2297 2363 -1 2324 2330 2355 -1 2328 2345 2322 -1 2364 2365 2366 -1 2359 2328 2367 -1 2347 2367 2328 -1 2368 2369 2370 -1 2322 2347 2328 -1 2371 2368 2370 -1 2347 2322 2324 -1 2372 2368 2371 -1 2341 2364 2366 -1 2369 2368 2373 -1 2373 2374 2369 -1 2355 2330 2375 -1 2376 2375 2330 -1 2225 2254 2377 -1 2271 2225 2377 -1 2375 2376 2378 -1 2302 2301 2340 -1 2340 2379 2302 -1 2380 2302 2379 -1 2321 2302 2380 -1 2381 2271 2377 -1 2381 2335 2271 -1 2380 2350 2321 -1 2312 2321 2350 -1 2270 2271 2335 -1 2308 2382 2282 -1 2382 2310 2282 -1 2309 2310 2383 -1 2314 2309 2383 -1 2383 2384 2314 -1 2315 2314 2384 -1 2336 2315 2384 -1 2364 2341 2329 -1 2341 2332 2329 -1 2338 2376 2330 -1 2385 2376 2338 -1 2386 2385 2338 -1 2376 2385 2378 -1 2331 2332 2361 -1 2385 2386 2387 -1 2385 2387 2388 -1 2387 2389 2388 -1 2388 2389 2390 -1 2390 2389 2391 -1 2392 2331 2361 -1 2362 2348 2393 -1 2393 2394 2362 -1 2395 2394 2393 -1 2393 2348 2396 -1 2393 2396 2397 -1 2375 2348 2355 -1 2348 2375 2396 -1 2396 2375 2398 -1 2398 2375 2378 -1 2392 2361 2333 -1 2398 2378 2399 -1 2400 2394 2395 -1 2397 2395 2393 -1 2395 2397 2401 -1 2396 2402 2397 -1 2396 2399 2403 -1 2398 2399 2396 -1 2331 2392 2345 -1 2403 2370 2396 -1 2402 2401 2397 -1 2370 2402 2396 -1 2323 2345 2392 -1 2370 2403 2404 -1 2370 2404 2371 -1 2388 2378 2385 -1 2388 2390 2405 -1 2406 2405 2390 -1 2378 2388 2405 -1 2378 2405 2407 -1 2408 2405 2406 -1 2378 2407 2399 -1 2399 2407 2409 -1 2407 2405 2408 -1 2409 2407 2408 -1 2403 2399 2410 -1 2410 2399 2409 -1 2403 2410 2404 -1 2392 2333 2323 -1 2323 2333 2325 -1 2345 2323 2322 -1 2340 2411 2379 -1 2412 2413 2414 -1 2411 2415 2416 -1 2416 2379 2411 -1 2415 2417 2416 -1 2415 2418 2417 -1 2419 2420 2421 -1 2420 2422 2421 -1 2380 2416 2423 -1 2379 2416 2380 -1 2412 2400 2420 -1 2401 2402 2422 -1 2422 2420 2401 -1 2420 2419 2412 -1 2412 2419 2413 -1 2424 2394 2400 -1 2416 2425 2423 -1 2426 2422 2369 -1 2350 2423 2427 -1 2428 2424 2414 -1 2380 2423 2350 -1 2419 2421 2429 -1 2400 2395 2401 -1 2427 2423 2430 -1 2377 2431 2381 -1 2423 2425 2430 -1 2374 2432 2429 -1 2421 2422 2426 -1 2421 2426 2429 -1 2427 2430 2433 -1 2434 2413 2435 -1 2412 2414 2424 -1 2424 2400 2412 -1 2429 2426 2374 -1 2436 2433 2430 -1 2413 2419 2432 -1 2432 2419 2429 -1 2381 2431 2437 -1 2401 2420 2400 -1 2432 2435 2413 -1 2381 2437 2335 -1 2335 2437 2438 -1 2369 2422 2402 -1 2402 2370 2369 -1 2426 2369 2374 -1 2434 2439 2440 -1 2439 2434 2435 -1 2418 2441 2417 -1 2435 2432 2442 -1 2432 2374 2373 -1 2329 2441 2364 -1 2442 2432 2373 -1 2335 2438 2443 -1 2443 2320 2335 -1 2439 2435 2444 -1 2416 2417 2425 -1 2442 2444 2435 -1 2445 2346 2446 -1 2318 2346 2445 -1 2353 2318 2445 -1 2326 2425 2417 -1 2443 2438 2447 -1 2353 2448 2354 -1 2449 2354 2448 -1 2450 2447 2438 -1 2319 2354 2449 -1 2417 2441 2326 -1 2441 2329 2326 -1 2451 2320 2443 -1 2300 2320 2451 -1 2447 2450 2452 -1 2356 2319 2449 -1 2453 2356 2449 -1 2358 2356 2453 -1 2296 2356 2358 -1 2339 2300 2451 -1 2451 2454 2339 -1 2406 2390 2455 -1 2454 2411 2340 -1 2340 2339 2454 -1 2406 2456 2408 -1 2430 2425 2326 -1 2430 2326 2436 -1 2438 2457 2450 -1 2457 2365 2450 -1 2458 2408 2456 -1 2350 2427 2349 -1 2349 2427 2459 -1 2427 2433 2459 -1 2409 2408 2458 -1 2460 2459 2433 -1 2351 2459 2461 -1 2349 2459 2351 -1 2461 2459 2460 -1 2452 2450 2462 -1 2450 2365 2462 -1 2351 2461 2352 -1 2352 2461 2463 -1 2308 2352 2463 -1 2463 2464 2308 -1 2463 2465 2464 -1 2436 2326 2360 -1 2360 2466 2436 -1 2328 2360 2326 -1 2466 2460 2436 -1 2364 2462 2365 -1 2359 2467 2360 -1 2467 2466 2360 -1 2462 2418 2452 -1 2468 2410 2409 -1 2418 2462 2441 -1 2469 2466 2470 -1 2410 2471 2404 -1 2390 2391 2455 -1 2467 2470 2466 -1 2462 2364 2441 -1 2467 2359 2472 -1 2471 2410 2468 -1 2467 2472 2473 -1 2470 2474 2469 -1 2474 2470 2475 -1 2473 2475 2470 -1 2473 2470 2467 -1 2468 2476 2471 -1 2367 2472 2359 -1 2477 2471 2476 -1 2472 2367 2347 -1 2472 2347 2362 -1 2371 2471 2477 -1 2362 2473 2472 -1 2404 2471 2371 -1 2308 2464 2382 -1 2382 2478 2310 -1 2383 2310 2478 -1 2478 2479 2383 -1 2384 2383 2479 -1 2479 2480 2384 -1 2384 2480 2336 -1 2474 2475 2465 -1 2473 2481 2475 -1 2481 2473 2428 -1 2424 2428 2473 -1 2362 2424 2473 -1 2424 2362 2394 -1 2336 2482 2337 -1 2482 2336 2480 -1 2337 2482 2483 -1 2483 2343 2337 -1 2344 2343 2484 -1 2446 2346 2344 -1 2413 2485 2414 -1 2454 2415 2411 -1 2455 2486 2406 -1 2487 2488 2485 -1 2456 2406 2486 -1 2489 2487 2485 -1 2490 2409 2458 -1 2414 2491 2492 -1 2485 2491 2414 -1 2486 2455 2493 -1 2434 2485 2413 -1 2489 2494 2487 -1 2436 2460 2433 -1 2489 2485 2434 -1 2460 2469 2461 -1 2460 2466 2469 -1 2440 2489 2434 -1 2463 2461 2469 -1 2490 2468 2409 -1 2468 2490 2495 -1 2495 2476 2468 -1 2469 2474 2463 -1 2494 2489 2496 -1 2440 2496 2489 -1 2495 2477 2476 -1 2465 2463 2474 -1 2496 2440 2497 -1 2440 2439 2497 -1 2464 2498 2382 -1 2446 2499 2500 -1 2464 2465 2498 -1 2481 2498 2465 -1 2446 2500 2501 -1 2498 2481 2502 -1 2478 2382 2498 -1 2502 2478 2498 -1 2500 2503 2501 -1 2501 2445 2446 -1 2445 2501 2504 -1 2501 2503 2504 -1 2445 2505 2353 -1 2445 2504 2505 -1 2505 2448 2353 -1 2505 2504 2506 -1 2506 2448 2505 -1 2478 2507 2479 -1 2478 2502 2507 -1 2428 2507 2502 -1 2479 2507 2508 -1 2448 2506 2509 -1 2509 2506 2510 -1 2455 2391 2511 -1 2448 2509 2449 -1 2510 2512 2509 -1 2508 2507 2492 -1 2500 2496 2503 -1 2496 2497 2503 -1 2480 2479 2508 -1 2508 2513 2480 -1 2508 2492 2513 -1 2504 2503 2514 -1 2513 2492 2515 -1 2503 2497 2514 -1 2491 2515 2492 -1 2481 2465 2475 -1 2516 2517 2497 -1 2502 2481 2428 -1 2517 2514 2497 -1 2497 2439 2516 -1 2444 2516 2439 -1 2428 2492 2507 -1 2492 2428 2414 -1 2514 2506 2504 -1 2506 2514 2510 -1 2510 2514 2518 -1 2482 2480 2513 -1 2514 2517 2518 -1 2515 2482 2513 -1 2515 2491 2488 -1 2517 2519 2518 -1 2482 2515 2488 -1 2482 2520 2483 -1 2520 2488 2487 -1 2482 2488 2520 -1 2521 2510 2518 -1 2447 2451 2443 -1 2343 2483 2520 -1 2519 2521 2518 -1 2520 2484 2343 -1 2520 2487 2494 -1 2451 2447 2522 -1 2494 2484 2520 -1 2452 2522 2447 -1 2494 2499 2484 -1 2344 2484 2499 -1 2454 2451 2522 -1 2446 2344 2499 -1 2418 2522 2452 -1 2522 2415 2454 -1 2494 2496 2499 -1 2415 2522 2418 -1 2499 2496 2500 -1 2449 2509 2512 -1 2512 2453 2449 -1 2453 2523 2358 -1 2523 2512 2524 -1 2453 2512 2523 -1 2485 2488 2491 -1 2525 2524 2512 -1 2523 2526 2357 -1 2357 2358 2523 -1 2524 2526 2523 -1 2512 2510 2521 -1 2512 2521 2525 -1 2525 2521 2527 -1 2511 2528 2455 -1 2486 2529 2456 -1 2456 2529 2458 -1 2458 2529 2530 -1 2455 2528 2493 -1 2493 2528 2531 -1 2532 2531 2528 -1 2533 2493 2531 -1 2486 2493 2533 -1 2531 2532 2534 -1 2535 2536 2532 -1 2532 2536 2534 -1 2533 2529 2486 -1 2533 2531 2537 -1 2529 2533 2537 -1 2531 2534 2537 -1 2529 2537 2530 -1 2530 2490 2458 -1 2538 2539 2540 -1 2541 2542 2543 -1 2544 2545 2546 -1 2543 2542 2547 -1 2546 2545 2548 -1 2549 2550 2551 -1 2552 2544 2546 -1 2551 2550 2553 -1 2554 2555 2556 -1 2557 2558 2553 -1 2556 2559 2554 -1 2556 2560 2559 -1 2561 2562 2563 -1 2560 2564 2559 -1 2565 2566 2567 -1 2568 2569 2570 -1 2567 2571 2565 -1 2546 2548 2572 -1 2561 2571 2567 -1 2564 2560 2573 -1 2552 2546 2574 -1 2575 2576 2577 -1 2564 2578 2559 -1 2567 2579 2561 -1 2576 2575 2580 -1 2546 2572 2574 -1 2577 2576 2581 -1 2564 2582 2578 -1 2542 2578 2582 -1 2568 2570 2583 -1 2563 2584 2561 -1 2571 2561 2584 -1 2580 2585 2576 -1 2582 2564 2573 -1 2586 2587 2568 -1 2568 2583 2586 -1 2588 2576 2585 -1 2582 2589 2542 -1 2582 2590 2589 -1 2562 2591 2563 -1 2592 2560 2593 -1 2591 2594 2563 -1 2595 2591 2562 -1 2596 2591 2595 -1 2560 2592 2597 -1 2598 2560 2597 -1 2599 2583 1695 -1 2557 2600 2558 -1 2557 2574 2600 -1 2573 2560 2598 -1 2601 2558 2600 -1 2596 2602 2591 -1 2594 2591 2602 -1 2603 2598 2604 -1 2579 2603 2604 -1 2554 2559 2580 -1 2605 2580 2559 -1 2573 2603 2582 -1 2585 2580 2605 -1 2573 2598 2603 -1 2603 2590 2582 -1 2584 2563 2606 -1 2563 2607 2606 -1 2588 2585 2541 -1 2579 2566 2603 -1 2605 2541 2585 -1 2558 2601 2596 -1 2594 2607 2563 -1 2601 2602 2596 -1 2567 2566 2579 -1 2603 2566 2590 -1 2594 2602 2608 -1 2594 2608 2607 -1 2566 2565 2590 -1 2559 2578 2605 -1 2599 1695 1690 -1 2541 2605 2578 -1 2601 2539 2602 -1 2539 2609 2602 -1 2610 2607 2611 -1 2541 2578 2542 -1 2608 2602 2609 -1 2547 2542 2589 -1 2612 2608 2609 -1 2608 2611 2607 -1 2547 2589 2613 -1 2613 2589 2590 -1 2590 2614 2613 -1 2539 2538 2609 -1 2601 2600 2539 -1 2540 2539 2600 -1 2615 2599 1690 -1 2612 2609 2538 -1 2615 2616 2599 -1 2538 2617 2612 -1 2565 2614 2590 -1 2538 2540 2617 -1 2618 2586 2599 -1 2619 2586 2618 -1 2618 2599 2616 -1 2614 2565 2620 -1 2615 1690 2621 -1 2620 2565 2571 -1 2615 2622 2623 -1 2571 2624 2620 -1 2616 2615 2623 -1 2620 2624 2625 -1 2626 2616 2623 -1 2618 2616 2626 -1 2624 2571 2584 -1 2619 2587 2586 -1 2627 2619 2618 -1 2628 2619 2627 -1 2624 2584 2606 -1 2629 2630 2625 -1 2627 2631 2628 -1 2618 2626 2627 -1 2626 2632 2627 -1 2606 2625 2624 -1 2625 2606 2633 -1 1667 2621 1690 -1 2631 2627 2632 -1 2629 2625 2633 -1 2621 1667 1717 -1 2607 2610 2606 -1 2606 2610 2633 -1 2621 1717 2634 -1 2635 2636 2637 -1 2632 2638 2631 -1 2635 2631 2638 -1 2621 2622 2615 -1 2636 2545 2544 -1 2626 2623 2639 -1 2636 2544 2549 -1 2550 2549 2544 -1 2636 2635 2545 -1 2626 2639 2640 -1 2626 2640 2632 -1 2640 2638 2632 -1 2641 2640 2642 -1 2638 2545 2635 -1 2638 2640 2641 -1 2545 2638 2641 -1 2641 2548 2545 -1 2640 2639 2642 -1 2643 2644 2645 -1 2645 2646 2643 -1 2647 2648 2549 -1 2550 2544 2552 -1 2649 2650 2651 -1 2643 2646 2652 -1 2653 2654 2655 -1 2549 2648 2636 -1 2656 2651 2588 -1 1744 2646 2645 -1 2656 2649 2651 -1 2657 2655 2658 -1 2553 2550 2552 -1 2658 2655 2659 -1 2656 2588 2660 -1 2661 2647 2549 -1 2553 2558 2595 -1 2661 2662 2663 -1 2662 2661 2551 -1 2662 2664 2663 -1 1743 2665 1744 -1 2666 2667 2668 -1 2669 2656 2660 -1 2670 2671 2672 -1 2553 2552 2557 -1 2661 2549 2551 -1 2673 2667 2674 -1 2673 2674 2675 -1 2676 2677 2652 -1 2646 2676 2652 -1 2553 2662 2551 -1 2557 2552 2574 -1 2672 2678 2679 -1 2595 2662 2553 -1 2672 2671 2680 -1 2604 2681 2682 -1 2646 1744 2665 -1 2558 2596 2595 -1 2683 2660 2541 -1 2611 2684 2610 -1 2669 2660 2683 -1 2646 2685 2676 -1 2680 2678 2672 -1 2669 2683 2686 -1 2579 2604 2682 -1 2687 2676 2685 -1 2543 2683 2541 -1 2608 2612 2688 -1 2663 2682 2681 -1 2611 2608 2688 -1 2686 2683 2543 -1 2543 2689 2686 -1 2663 2664 2682 -1 2665 2690 2646 -1 2659 2691 2679 -1 2688 2692 2611 -1 2579 2682 2562 -1 2562 2561 2579 -1 2562 2682 2664 -1 2665 1743 2693 -1 2693 1743 1831 -1 2694 2695 2696 -1 2697 2694 2696 -1 2659 2679 2678 -1 2612 2698 2688 -1 2662 2595 2664 -1 2617 2698 2612 -1 2659 2678 2699 -1 2595 2562 2664 -1 2698 2692 2688 -1 2699 2700 2659 -1 2701 2659 2700 -1 2690 2665 2702 -1 2703 2704 2705 -1 2693 2702 2665 -1 2680 2671 2706 -1 2689 2543 2707 -1 2547 2707 2543 -1 2705 2704 2708 -1 2696 2695 2709 -1 2613 2707 2547 -1 2710 2680 2706 -1 2678 2680 2710 -1 2708 2711 2712 -1 2613 2713 2707 -1 2685 2646 2690 -1 2613 2614 2713 -1 2712 2705 2708 -1 2687 2685 2690 -1 2696 2714 2697 -1 2705 2712 2715 -1 2703 2705 2715 -1 2716 2717 2718 -1 2555 2719 2703 -1 2696 2720 2714 -1 2721 2706 2697 -1 2687 2690 2722 -1 2721 2710 2706 -1 2723 2710 2721 -1 2724 2725 2676 -1 2726 2687 2722 -1 2699 2678 2710 -1 2555 2703 2593 -1 2727 2614 2620 -1 2709 2695 2725 -1 2699 2710 2723 -1 2723 2728 2699 -1 2729 2713 2727 -1 2727 2713 2614 -1 2715 2593 2703 -1 2700 2699 2730 -1 2730 2699 2728 -1 2727 2731 2729 -1 2724 2676 2687 -1 2723 2721 2732 -1 2593 2556 2555 -1 2732 2728 2723 -1 2728 2732 2733 -1 2592 2593 2715 -1 2730 2728 2733 -1 2702 2569 2690 -1 2687 2726 2724 -1 2727 2620 2734 -1 2659 2701 2658 -1 2734 2620 2625 -1 2709 2725 2724 -1 2666 2657 2658 -1 2625 2630 2734 -1 2712 2735 2715 -1 2722 2690 2569 -1 2726 2736 2724 -1 2731 2727 2734 -1 2715 2735 2737 -1 2738 2722 2739 -1 2731 2734 2630 -1 2666 2658 2740 -1 2712 2741 2742 -1 2742 2735 2712 -1 2743 2666 2740 -1 2740 2658 2701 -1 2709 2720 2696 -1 2667 2666 2743 -1 1831 2702 2693 -1 2674 2667 2743 -1 2737 2735 2744 -1 2745 2746 2743 -1 2740 2745 2743 -1 1833 2702 1831 -1 2746 2745 2747 -1 2674 2743 2746 -1 2674 2746 2748 -1 2746 2747 2749 -1 2748 2746 2749 -1 2701 2700 2750 -1 2633 2610 2751 -1 2684 2751 2610 -1 2700 2752 2750 -1 2581 2750 2752 -1 2701 2750 2740 -1 2709 2753 2720 -1 2750 2745 2740 -1 2724 2753 2709 -1 2753 2724 2736 -1 2733 2752 2730 -1 2700 2730 2752 -1 2592 2715 2737 -1 2592 2737 2597 -1 2581 2752 2577 -1 2754 2630 2629 -1 2755 2745 2750 -1 2755 2747 2745 -1 2755 2750 2581 -1 2570 2702 1833 -1 2629 2633 2756 -1 2757 2629 2756 -1 2754 2629 2757 -1 2749 2747 2758 -1 2747 2755 2758 -1 2755 2759 2758 -1 2570 1833 2760 -1 2755 2581 2759 -1 2756 2633 2751 -1 2576 2759 2581 -1 2751 2761 2756 -1 2650 2759 2576 -1 2597 2737 2681 -1 2757 2756 2761 -1 2762 2757 2761 -1 2684 2763 2751 -1 2764 2697 2714 -1 2721 2697 2764 -1 2732 2721 2764 -1 2760 2583 2570 -1 2714 2765 2764 -1 2556 2593 2560 -1 2611 2763 2684 -1 2733 2732 2766 -1 2763 2611 2692 -1 2766 2732 2764 -1 2569 2702 2570 -1 2598 2597 2604 -1 2604 2597 2681 -1 2766 2764 2765 -1 2739 2722 2569 -1 2765 2767 2766 -1 2720 2765 2714 -1 2765 2720 2768 -1 2769 2672 2770 -1 2719 2765 2768 -1 2739 2569 2568 -1 2679 2770 2672 -1 2720 2753 2768 -1 2704 2768 2753 -1 2771 2647 2744 -1 2704 2719 2768 -1 2772 2770 2773 -1 2774 2744 2647 -1 2719 2555 2767 -1 2719 2767 2765 -1 2771 2775 2647 -1 2554 2767 2555 -1 2770 2776 2773 -1 2647 2775 2648 -1 2773 2776 2654 -1 2703 2719 2704 -1 2776 2655 2654 -1 2752 2733 2766 -1 2752 2766 2575 -1 2774 2737 2744 -1 2681 2737 2774 -1 2575 2577 2752 -1 2679 2691 2770 -1 2575 2766 2767 -1 2776 2770 2691 -1 2767 2580 2575 -1 2722 2738 2726 -1 2736 2726 2738 -1 2588 2650 2576 -1 2651 2650 2588 -1 2691 2659 2776 -1 2655 2776 2659 -1 2554 2580 2767 -1 1851 1744 1853 -1 2541 2660 2588 -1 2774 2663 2681 -1 2647 2661 2774 -1 2663 2774 2661 -1 1744 1851 1879 -1 2775 2636 2648 -1 2654 2653 2777 -1 2778 2738 2739 -1 2777 2653 2779 -1 2780 2717 2716 -1 2736 2738 2778 -1 2717 2780 2781 -1 2781 2782 2717 -1 2781 2783 2784 -1 2782 2781 2784 -1 2784 2785 2782 -1 2717 2786 2718 -1 2718 2786 2670 -1 2717 2782 2787 -1 2786 2717 2787 -1 2753 2736 2788 -1 2787 2782 2785 -1 2786 2671 2670 -1 2671 2786 2787 -1 2789 2753 2788 -1 2704 2753 2789 -1 2785 2784 2790 -1 2704 2789 2708 -1 2790 2694 2785 -1 2788 2736 2778 -1 2706 2787 2785 -1 2671 2787 2706 -1 2788 2711 2789 -1 2706 2785 2694 -1 2789 2711 2708 -1 2694 2697 2706 -1 2791 1847 2792 -1 2792 1847 1853 -1 2644 2792 1853 -1 2792 2793 2791 -1 2792 2652 2793 -1 2643 2792 2644 -1 2652 2792 2643 -1 2794 2677 2795 -1 2778 2739 2796 -1 2794 2793 2677 -1 2677 2793 2652 -1 2796 2739 2568 -1 2677 2797 2795 -1 2587 2796 2568 -1 2797 2677 2676 -1 2797 2676 2725 -1 2645 1853 1744 -1 2644 1853 2645 -1 2798 2778 2796 -1 2778 2798 2788 -1 2788 2741 2711 -1 2741 2712 2711 -1 2741 2788 2798 -1 2741 2798 2799 -1 2742 2741 2799 -1 2742 2799 2800 -1 2760 1833 1937 -1 2760 1937 1691 -1 1691 1695 2760 -1 2583 2760 1695 -1 2586 2583 2599 -1 2796 2801 2798 -1 2801 2796 2587 -1 2628 2587 2619 -1 2801 2587 2628 -1 2799 2798 2801 -1 2801 2800 2799 -1 2742 2800 2771 -1 2800 2801 2637 -1 2637 2801 2628 -1 2800 2775 2771 -1 2800 2636 2775 -1 2636 2800 2637 -1 2631 2637 2628 -1 2635 2637 2631 -1 2802 2803 2804 -1 2656 2805 2649 -1 2806 2807 2808 -1 2809 2810 2811 -1 2812 2805 2813 -1 2656 2813 2805 -1 2656 2669 2813 -1 2803 2814 2815 -1 2816 2814 2803 -1 2817 2818 2673 -1 2673 2819 2817 -1 2820 2812 2821 -1 2758 2822 2749 -1 2791 2823 1746 -1 2824 2729 2731 -1 2821 2812 2813 -1 2825 2823 2791 -1 2826 2817 2819 -1 2822 2758 2827 -1 2827 2758 2759 -1 2828 2829 2823 -1 2830 2826 2819 -1 2827 2759 2650 -1 2827 2650 2831 -1 2825 2828 2823 -1 2819 2673 2675 -1 2791 1746 1847 -1 2832 2833 2834 -1 2819 2675 2748 -1 2833 2832 2815 -1 2835 2819 2748 -1 2830 2819 2835 -1 2669 2836 2813 -1 2837 2826 2830 -1 2828 2809 2829 -1 2675 2674 2748 -1 2830 2838 2837 -1 2828 2839 2809 -1 2840 2837 2838 -1 2809 2783 2810 -1 2836 2821 2813 -1 2821 2836 2841 -1 2783 2809 2839 -1 2748 2842 2835 -1 2843 2808 2844 -1 2749 2842 2748 -1 2839 2790 2783 -1 2844 2808 2807 -1 2808 2772 2806 -1 2838 2830 2845 -1 2846 2835 2847 -1 2828 2794 2839 -1 2847 2835 2842 -1 2794 2828 2825 -1 2845 2830 2835 -1 2848 2838 2845 -1 2843 2772 2808 -1 2772 2843 2849 -1 2669 2686 2836 -1 2845 2835 2846 -1 2850 2815 2814 -1 2848 2845 2846 -1 2686 2851 2836 -1 2780 2783 2781 -1 2852 2846 2847 -1 2806 2773 2853 -1 2848 2846 2852 -1 2772 2773 2806 -1 2833 2815 2850 -1 2848 2852 2854 -1 2855 2824 2856 -1 2856 2824 2731 -1 2836 2851 2857 -1 2842 2749 2822 -1 2822 2858 2842 -1 2855 2856 2859 -1 2838 2860 2840 -1 2861 2842 2858 -1 2784 2783 2790 -1 2689 2851 2686 -1 2862 2863 2864 -1 2860 2865 2840 -1 2865 2860 2866 -1 2847 2842 2861 -1 2860 2838 2848 -1 2862 2864 2867 -1 2868 2856 2731 -1 2849 2769 2770 -1 2790 2839 2795 -1 2869 2847 2861 -1 2772 2849 2770 -1 2862 2870 2871 -1 2851 2689 2872 -1 2860 2873 2866 -1 2650 2649 2831 -1 2873 2874 2866 -1 2875 2831 2649 -1 2851 2872 2857 -1 2861 2858 2875 -1 2866 2876 2865 -1 2649 2805 2875 -1 2861 2875 2805 -1 2791 2793 2825 -1 2862 2877 2870 -1 2794 2825 2793 -1 2653 2878 2779 -1 2839 2794 2795 -1 2856 2868 2879 -1 2877 2880 2870 -1 2847 2881 2852 -1 2881 2847 2869 -1 2854 2852 2881 -1 2735 2742 2744 -1 2867 2832 2834 -1 2744 2742 2771 -1 2834 2877 2867 -1 2695 2795 2797 -1 2790 2795 2694 -1 2869 2861 2805 -1 2695 2694 2795 -1 2869 2812 2881 -1 2812 2869 2805 -1 2882 2856 2879 -1 2867 2877 2862 -1 2883 2881 2812 -1 2695 2797 2725 -1 2848 2854 2860 -1 2689 2707 2872 -1 2873 2860 2854 -1 2655 2657 2653 -1 2707 2713 2872 -1 2713 2884 2872 -1 2857 2872 2884 -1 2885 2886 2854 -1 2887 2888 2870 -1 2873 2854 2886 -1 2889 2866 2874 -1 2080 2010 2890 -1 2890 2010 2082 -1 2889 2874 2891 -1 2892 2888 2887 -1 2653 2668 2878 -1 2080 2890 2893 -1 2887 2870 2880 -1 2873 2894 2874 -1 2895 2878 2668 -1 2668 2653 2657 -1 2885 2854 2881 -1 2883 2885 2881 -1 2818 2895 2668 -1 2884 2713 2729 -1 2894 2873 2886 -1 2868 2731 2630 -1 2844 2892 2887 -1 2896 2886 2885 -1 2812 2820 2883 -1 2673 2818 2668 -1 2668 2657 2666 -1 2887 2843 2844 -1 2897 2890 2082 -1 2843 2887 2880 -1 2673 2668 2667 -1 2898 2884 2824 -1 2824 2884 2729 -1 2754 2757 2899 -1 2849 2843 2880 -1 2849 2880 2900 -1 2833 2716 2834 -1 2877 2834 2716 -1 2716 2900 2877 -1 2082 2804 2897 -1 2804 2082 2099 -1 2099 2802 2804 -1 2780 2716 2833 -1 2099 2101 2802 -1 2718 2900 2716 -1 2901 2902 2903 -1 2868 2904 2879 -1 2877 2900 2880 -1 2902 2901 2905 -1 2849 2900 2769 -1 2906 2905 2901 -1 2900 2907 2769 -1 2905 2906 2908 -1 2882 2879 2904 -1 2630 2904 2868 -1 2718 2907 2900 -1 2630 2899 2904 -1 2630 2754 2899 -1 2718 2670 2907 -1 2670 2672 2907 -1 2769 2907 2672 -1 2909 2905 2871 -1 2863 2905 2908 -1 2871 2905 2863 -1 2863 2908 2864 -1 2802 2101 2910 -1 2910 2101 2117 -1 2803 2802 2910 -1 2871 2863 2862 -1 2888 2871 2870 -1 2807 2911 2892 -1 2892 2844 2807 -1 2893 2890 2912 -1 2912 2890 2913 -1 2913 2890 2897 -1 2117 2125 2910 -1 2913 2897 2914 -1 2914 2897 2804 -1 2915 2913 2914 -1 2910 2125 2823 -1 2908 2916 2915 -1 2915 2917 2908 -1 2917 2864 2908 -1 2817 2895 2818 -1 2867 2864 2917 -1 2914 2917 2915 -1 2917 2914 2832 -1 2867 2917 2832 -1 2914 2815 2832 -1 2815 2914 2803 -1 2914 2804 2803 -1 2823 2125 1747 -1 2823 1747 1746 -1 2816 2803 2910 -1 2816 2910 2918 -1 2816 2811 2814 -1 2918 2910 2823 -1 2918 2829 2816 -1 2811 2816 2829 -1 2829 2918 2823 -1 2850 2814 2810 -1 2780 2833 2850 -1 2810 2814 2811 -1 2780 2850 2810 -1 2780 2810 2783 -1 2829 2809 2811 -1 2896 2883 2919 -1 2920 2921 2898 -1 2922 2923 2921 -1 2894 2924 2925 -1 2827 2926 2822 -1 2858 2822 2926 -1 2926 2827 2831 -1 2924 2894 2886 -1 2922 2921 2920 -1 2926 2831 2875 -1 2858 2926 2875 -1 831 819 2143 -1 831 2927 721 -1 825 721 2927 -1 2920 2898 2855 -1 2894 2891 2874 -1 2855 2898 2824 -1 2143 2927 831 -1 2865 2876 2928 -1 2924 2886 2896 -1 2919 2929 2896 -1 2924 2896 2929 -1 2894 2925 2891 -1 2859 2920 2855 -1 2928 2876 2889 -1 2930 2143 2144 -1 2927 2143 2930 -1 2930 846 2927 -1 846 2930 2931 -1 2889 2876 2866 -1 2889 2891 2928 -1 2893 2144 2080 -1 2144 2893 2930 -1 2893 2912 2930 -1 2919 2883 2820 -1 2883 2896 2885 -1 2821 2932 2820 -1 2933 826 846 -1 846 825 2927 -1 2933 846 2934 -1 2820 2935 2919 -1 2929 2919 2935 -1 2934 2903 2936 -1 2936 2933 2934 -1 2903 2934 2937 -1 2935 2820 2932 -1 2932 2938 2935 -1 2934 846 2931 -1 2932 2821 2841 -1 2931 2930 2912 -1 2934 2931 2937 -1 2939 2932 2841 -1 2937 2931 2940 -1 2939 2841 2941 -1 2940 2931 2912 -1 2940 2906 2937 -1 2938 2932 2939 -1 2912 2916 2940 -1 2916 2912 2913 -1 2906 2940 2916 -1 2939 2942 2938 -1 2937 2906 2903 -1 2901 2903 2906 -1 2939 2941 2942 -1 2841 2836 2943 -1 2941 2841 2943 -1 2906 2916 2908 -1 2913 2915 2916 -1 2943 2836 2857 -1 2943 2923 2941 -1 2941 2944 2942 -1 2941 2923 2945 -1 2944 2941 2945 -1 2857 2921 2943 -1 2921 2923 2943 -1 2923 2922 2945 -1 2921 2857 2884 -1 2921 2884 2898 -1 2935 2938 2929 -1 2946 2947 2948 -1 2949 2947 2946 -1 2950 2951 2952 -1 2950 2952 2953 -1 2954 2955 2956 -1 2956 2957 2954 -1 2956 2958 2957 -1 2959 2954 2957 -1 2960 2950 2961 -1 2958 2962 2957 -1 2963 2957 2962 -1 2953 2964 2965 -1 2953 2965 2966 -1 2967 2968 2969 -1 2966 2965 2970 -1 2970 2971 2966 -1 2968 2967 2972 -1 2972 2973 2974 -1 2967 2973 2972 -1 2973 2967 2975 -1 2975 2976 2973 -1 2971 2977 2966 -1 2975 2967 2969 -1 2978 2966 2977 -1 2956 2979 2980 -1 2981 2966 2978 -1 2980 2958 2956 -1 2980 2982 2958 -1 2983 2984 2979 -1 2984 2980 2979 -1 2984 2985 2980 -1 2981 2984 2983 -1 2986 2962 2958 -1 2978 2987 2981 -1 2984 2981 2987 -1 2985 2982 2980 -1 2982 2985 2988 -1 2985 2984 2987 -1 2988 2985 2987 -1 2963 2969 2968 -1 2969 2963 2989 -1 2969 2989 2990 -1 2971 2970 2991 -1 2992 2990 2989 -1 2971 2991 2993 -1 2977 2971 2993 -1 2978 2977 2993 -1 2994 2978 2993 -1 2990 2995 2969 -1 2969 2995 2975 -1 2995 2976 2975 -1 2995 2990 2996 -1 2996 2990 2992 -1 2994 2993 2997 -1 2997 2998 2994 -1 2987 2978 2994 -1 2987 2994 2998 -1 2999 3000 3001 -1 3000 2946 3001 -1 2946 2948 3002 -1 3002 3001 2946 -1 3002 3003 3004 -1 2948 3003 3002 -1 2947 3003 2948 -1 3005 3003 2947 -1 3003 3006 3004 -1 3006 3003 3005 -1 3007 3005 2947 -1 3004 3006 3008 -1 3006 3009 3008 -1 3010 3006 3005 -1 3009 3006 3010 -1 3010 3005 3007 -1 3007 3011 3010 -1 3012 3013 3007 -1 3011 3007 3013 -1 3012 3014 3013 -1 3010 3015 3009 -1 3016 3015 3010 -1 3017 3015 3016 -1 3018 3017 3016 -1 3019 3010 3011 -1 3016 3010 3019 -1 3018 3016 3019 -1 3020 3017 3018 -1 3018 3021 3020 -1 3022 3020 3021 -1 3021 3018 3023 -1 3021 3024 3022 -1 3022 3024 3025 -1 3021 3023 3024 -1 3023 3026 3024 -1 3027 3025 3024 -1 3024 2952 3027 -1 3026 2952 3024 -1 2951 3027 2952 -1 3028 2951 2950 -1 3029 2950 2960 -1 3028 2950 3029 -1 3030 3029 3031 -1 3031 3029 2960 -1 3032 2956 2955 -1 2956 3032 2979 -1 3019 3023 3018 -1 3019 3033 3023 -1 3019 3011 3013 -1 3033 3019 3013 -1 3034 3023 3033 -1 3013 3035 3033 -1 3013 3014 3035 -1 3034 3033 3035 -1 3026 3023 3034 -1 3026 2964 2952 -1 2964 2953 2952 -1 3026 3034 3036 -1 2964 3026 3036 -1 2965 2964 3036 -1 2965 3036 3037 -1 2970 2965 3037 -1 3038 3039 3040 -1 3041 3042 3043 -1 2950 2953 2961 -1 2961 3044 2960 -1 3044 2961 3045 -1 2999 3001 3046 -1 3047 3044 3045 -1 3043 3048 3049 -1 3001 3002 3050 -1 3051 3043 3049 -1 2966 2961 2953 -1 3045 2961 2966 -1 3050 3002 3052 -1 3047 3045 2981 -1 3002 3004 3052 -1 2981 3045 2966 -1 2960 3053 3031 -1 3054 3031 3053 -1 3053 2960 3044 -1 3051 3055 3056 -1 3054 3053 2983 -1 3055 3051 3057 -1 3004 3058 3052 -1 3053 3044 3047 -1 3047 2983 3053 -1 3058 3008 3059 -1 3060 3061 3062 -1 3004 3008 3058 -1 3008 3009 3059 -1 2983 3047 2981 -1 3059 3009 3063 -1 3061 3060 3064 -1 3065 3066 3067 -1 3065 3068 3069 -1 3068 3065 3067 -1 3067 3070 3068 -1 3071 2991 3040 -1 2993 2991 3071 -1 3071 3040 3039 -1 3072 3071 3039 -1 3073 3067 3066 -1 3070 3067 3073 -1 2997 2993 3071 -1 2998 3074 2987 -1 2988 2987 3074 -1 3075 2988 3074 -1 3075 3074 3076 -1 3075 3076 3077 -1 3009 3015 3063 -1 2997 3078 2998 -1 3079 3063 3015 -1 3015 3017 3079 -1 3080 3079 3017 -1 2998 3076 3074 -1 3017 3020 3080 -1 3080 3020 3081 -1 3020 3022 3081 -1 2998 3078 3076 -1 3082 3081 3022 -1 3022 3025 3082 -1 3077 3076 3078 -1 3078 3083 3077 -1 3082 3025 3084 -1 3025 3027 3084 -1 3027 2951 3084 -1 3085 3084 2951 -1 2951 3028 3086 -1 3086 3085 2951 -1 3086 3028 3087 -1 3028 3029 3087 -1 3087 3029 3088 -1 3029 3030 3088 -1 3030 3089 3090 -1 3088 3030 3090 -1 3089 3091 3090 -1 3032 3091 3089 -1 3054 3089 3030 -1 3031 3054 3030 -1 3032 3089 3054 -1 2955 3091 3032 -1 3054 2979 3032 -1 3054 2983 2979 -1 3035 3092 3034 -1 3034 3037 3036 -1 3014 3092 3035 -1 3093 3034 3092 -1 3037 3034 3093 -1 2991 3037 3093 -1 2970 3037 2991 -1 3072 3039 3094 -1 3095 3072 3094 -1 2991 3093 3040 -1 3094 3039 3096 -1 3040 3093 3038 -1 3072 3095 3071 -1 2997 3071 3095 -1 3095 3097 2997 -1 3097 3095 3098 -1 3078 2997 3097 -1 3099 3078 3097 -1 3099 3083 3078 -1 3100 3091 2955 -1 3100 2954 3101 -1 2955 2954 3100 -1 2954 2959 3101 -1 3101 2959 3102 -1 2959 3103 3102 -1 3103 2959 2957 -1 3103 2957 2963 -1 3102 3103 3104 -1 3104 2972 3105 -1 3104 3103 2968 -1 2972 3104 2968 -1 2963 2968 3103 -1 3105 2972 2974 -1 2974 2973 3106 -1 3106 2976 3107 -1 2973 2976 3106 -1 2976 3108 3107 -1 2988 3109 2982 -1 2982 3109 3110 -1 2986 2958 2982 -1 2986 2982 3110 -1 2962 2989 2963 -1 2989 2962 2986 -1 3111 2989 2986 -1 3111 2986 3112 -1 2992 2989 3111 -1 3109 2988 3075 -1 3113 3109 3075 -1 3110 3109 3113 -1 3113 3075 3077 -1 3077 3114 3113 -1 3110 3113 3114 -1 3115 3110 3114 -1 3114 3077 3083 -1 3041 3115 3114 -1 3041 3114 3042 -1 3110 3112 2986 -1 3112 3110 3115 -1 3112 3115 3041 -1 3041 3116 3112 -1 3116 3117 3112 -1 3111 3112 3118 -1 3118 3119 3111 -1 3118 3112 3117 -1 3041 3043 3116 -1 3051 3116 3043 -1 3118 3117 3056 -1 3117 3116 3051 -1 3051 3056 3117 -1 2976 2995 3108 -1 2995 3120 3121 -1 2996 3120 2995 -1 3119 2996 2992 -1 3111 3119 2992 -1 3120 2996 3119 -1 3119 3122 3120 -1 3120 3122 3123 -1 3124 3120 3123 -1 3118 3125 3119 -1 3119 3125 3122 -1 3122 3125 3126 -1 3118 3127 3125 -1 3127 3118 3128 -1 3128 3118 3056 -1 3129 3130 3131 -1 3132 3131 3130 -1 3048 3042 3132 -1 3043 3042 3048 -1 3048 3132 3133 -1 3134 3073 3135 -1 3070 3073 3134 -1 3048 3133 3136 -1 3099 3097 3137 -1 3049 3048 3136 -1 3057 3051 3049 -1 3049 3138 3057 -1 3129 3099 3139 -1 3046 3001 3140 -1 3138 3049 3136 -1 3136 3141 3138 -1 3001 3050 3140 -1 3142 3094 3143 -1 3052 3058 3144 -1 3058 3059 3144 -1 3144 3059 3145 -1 3063 3146 3059 -1 3059 3146 3145 -1 3079 3146 3063 -1 3145 3146 3079 -1 3062 3138 3147 -1 3132 3130 3148 -1 3080 3145 3079 -1 3133 3132 3148 -1 3148 3130 3149 -1 3145 3080 3150 -1 3150 3080 3151 -1 3136 3133 3152 -1 3133 3153 3152 -1 3080 3081 3151 -1 3141 3136 3152 -1 3154 3081 3082 -1 3082 3084 3154 -1 3148 3153 3133 -1 3084 3085 3155 -1 3156 3157 3149 -1 3154 3084 3158 -1 3148 3149 3157 -1 3084 3155 3158 -1 3153 3148 3157 -1 3086 3155 3085 -1 3152 3153 3159 -1 3086 3087 3160 -1 3160 3155 3086 -1 3161 3100 3162 -1 3163 3158 3155 -1 3091 3100 3161 -1 3159 3153 3157 -1 3099 3137 3139 -1 3088 3164 3087 -1 3165 3164 3088 -1 3100 3101 3162 -1 3159 3157 3166 -1 3162 3101 3167 -1 3159 3168 3152 -1 3088 3090 3165 -1 3169 3165 3090 -1 3090 3091 3169 -1 3169 3091 3161 -1 3170 3139 3171 -1 3101 3102 3167 -1 3172 3167 3102 -1 3130 3139 3170 -1 3139 3130 3129 -1 3138 3141 3173 -1 3147 3138 3173 -1 3104 3172 3102 -1 3105 3172 3104 -1 3141 3152 3168 -1 3170 3149 3130 -1 3168 3174 3141 -1 2974 3106 3175 -1 3174 3176 3141 -1 3175 3106 3107 -1 3107 3108 3177 -1 3173 3141 3176 -1 3147 3173 3176 -1 3176 3178 3147 -1 3177 3108 3179 -1 3176 3174 3180 -1 3181 3056 3055 -1 3121 3108 2995 -1 3179 3121 3182 -1 3108 3121 3179 -1 3055 3057 3183 -1 3181 3055 3183 -1 3181 3183 3184 -1 3185 3181 3186 -1 3187 3181 3185 -1 3181 3184 3186 -1 3121 3120 3124 -1 3182 3124 3188 -1 3183 3057 3138 -1 3121 3124 3182 -1 3171 3189 3170 -1 3149 3170 3189 -1 3183 3138 3062 -1 3184 3183 3062 -1 3061 3184 3062 -1 3062 3147 3060 -1 3149 3189 3156 -1 3126 3123 3122 -1 3184 3061 3190 -1 3061 3064 3190 -1 3147 3191 3060 -1 3191 3064 3060 -1 3124 3123 3126 -1 3124 3126 3188 -1 3147 3192 3191 -1 3192 3193 3191 -1 3190 3064 3194 -1 3064 3191 3194 -1 3191 3193 3194 -1 3195 3188 3126 -1 3192 3147 3178 -1 3069 3192 3178 -1 3193 3192 3069 -1 3069 3068 3193 -1 3125 3196 3126 -1 3197 3069 3178 -1 3065 3069 3197 -1 3198 3065 3197 -1 3066 3065 3198 -1 3126 3196 3195 -1 3199 3194 3193 -1 3193 3068 3199 -1 3068 3070 3200 -1 3200 3199 3068 -1 3142 3098 3094 -1 3127 3196 3125 -1 3134 3200 3070 -1 3166 3156 3201 -1 3157 3156 3166 -1 3196 3127 3128 -1 3094 3098 3095 -1 3128 3187 3196 -1 3202 3203 3166 -1 3166 3203 3159 -1 3203 3168 3159 -1 3181 3128 3056 -1 3187 3128 3181 -1 3204 3168 3203 -1 3142 3137 3098 -1 3205 3203 3202 -1 3097 3098 3137 -1 3204 3203 3205 -1 3196 3187 3185 -1 3206 3204 3205 -1 3099 3129 3083 -1 3083 3042 3114 -1 3131 3042 3083 -1 3083 3129 3131 -1 3206 3205 3207 -1 3206 3207 3208 -1 3209 3208 3207 -1 3174 3168 3204 -1 3174 3204 3210 -1 3211 3174 3210 -1 3210 3204 3206 -1 3212 3211 3210 -1 3213 3206 3208 -1 3210 3206 3213 -1 3131 3132 3042 -1 3214 3213 3208 -1 3213 3214 3215 -1 3073 3066 3198 -1 3135 3073 3198 -1 3156 3189 3201 -1 3216 3197 3217 -1 3218 3219 3134 -1 3218 3134 3216 -1 3135 3216 3134 -1 3220 3221 3222 -1 3221 3223 3222 -1 3224 3161 3162 -1 3180 3225 3176 -1 3178 3176 3225 -1 3226 3178 3225 -1 3162 3167 3227 -1 3227 3224 3162 -1 3228 3229 3185 -1 3186 3228 3185 -1 3046 3140 3230 -1 3140 3050 3231 -1 3232 3186 3184 -1 3052 3231 3050 -1 3232 3190 3233 -1 3184 3190 3232 -1 3052 3144 3234 -1 3190 3194 3233 -1 3233 3194 3235 -1 3145 3150 3236 -1 3178 3226 3197 -1 3197 3226 3217 -1 3105 3237 3172 -1 3199 3235 3194 -1 3151 3081 3238 -1 3105 2974 3239 -1 2974 3175 3239 -1 3235 3199 3240 -1 3081 3154 3238 -1 3200 3240 3199 -1 3200 3134 3219 -1 3211 3180 3174 -1 3238 3158 3241 -1 3154 3158 3238 -1 3175 3107 3242 -1 3107 3177 3243 -1 3243 3242 3107 -1 3244 3241 3158 -1 3245 3243 3177 -1 3244 3158 3163 -1 3177 3179 3245 -1 3245 3182 3246 -1 3179 3182 3245 -1 3163 3155 3160 -1 3246 3182 3247 -1 3182 3188 3247 -1 3248 3211 3212 -1 3087 3164 3160 -1 3249 3247 3188 -1 3188 3195 3249 -1 3250 3249 3195 -1 3164 3165 3251 -1 3195 3196 3250 -1 3165 3169 3252 -1 3252 3251 3165 -1 3169 3253 3252 -1 3229 3196 3185 -1 3196 3229 3250 -1 3253 3169 3254 -1 3212 3210 3213 -1 3169 3161 3254 -1 3209 3214 3208 -1 3215 3212 3213 -1 3220 3212 3215 -1 3220 3215 3221 -1 3255 3223 3221 -1 3197 3216 3198 -1 3198 3216 3135 -1 3256 3248 3212 -1 3250 3229 3257 -1 3257 3229 3228 -1 3228 3186 3258 -1 3232 3258 3186 -1 3220 3256 3212 -1 820 3046 3230 -1 3259 3256 3220 -1 3144 3145 3260 -1 3217 3226 3261 -1 3240 3200 3262 -1 3200 3219 3262 -1 3145 3236 3260 -1 3217 3261 3216 -1 3211 3225 3180 -1 3263 3225 3211 -1 3226 3225 3263 -1 3264 3254 3161 -1 3263 3261 3226 -1 3216 3265 3218 -1 3261 3265 3216 -1 3266 3236 3150 -1 3224 3264 3161 -1 3263 3211 3248 -1 3150 3151 3266 -1 3266 3151 3238 -1 3248 3256 3263 -1 3219 3218 3265 -1 3167 3172 3227 -1 3172 3237 3227 -1 3263 3256 3267 -1 3261 3263 3267 -1 3105 3239 3237 -1 3256 3259 3267 -1 3160 3164 3268 -1 3239 3175 3269 -1 3175 3242 3269 -1 3164 3251 3268 -1 3270 3259 3220 -1 3242 3243 3271 -1 3222 3270 3220 -1 3243 3245 3272 -1 3273 3272 3245 -1 3246 3273 3245 -1 3246 3247 3274 -1 3275 3276 3222 -1 3222 3223 3275 -1 3251 3252 3277 -1 3228 3258 3278 -1 3277 3253 3279 -1 3219 3265 3280 -1 3252 3253 3277 -1 3230 855 820 -1 3253 3254 3279 -1 3261 3281 3265 -1 3230 3140 3282 -1 3265 3281 3280 -1 3140 3231 3282 -1 3281 3261 3267 -1 3232 3233 3283 -1 3052 3234 3231 -1 3233 3235 3284 -1 3235 3240 3284 -1 3262 3219 3285 -1 3219 3280 3285 -1 3240 3262 3284 -1 3280 3281 3286 -1 3281 3267 3259 -1 3259 3287 3281 -1 3281 3287 3286 -1 3259 3270 3287 -1 3276 3270 3222 -1 3241 3288 3238 -1 3289 3287 3270 -1 3276 3289 3270 -1 3241 3244 3290 -1 3275 3291 3276 -1 3292 3244 3163 -1 3292 3163 3293 -1 3293 3163 3294 -1 3163 3160 3294 -1 3268 3251 3277 -1 3160 3268 3294 -1 3224 3227 3295 -1 3295 3227 3296 -1 3237 3296 3227 -1 3239 3269 3297 -1 3246 3274 3273 -1 3250 3298 3249 -1 3232 3283 3299 -1 3284 3283 3233 -1 3274 3247 3300 -1 3247 3249 3300 -1 3298 3300 3249 -1 3250 3257 3298 -1 3301 3280 3286 -1 3302 3301 3286 -1 3296 3237 3303 -1 3286 3287 3302 -1 3303 3304 3305 -1 3306 3303 3305 -1 3296 3303 3306 -1 3230 3282 3307 -1 3303 3237 3308 -1 3287 3289 3302 -1 3309 3308 3237 -1 3228 3278 3257 -1 3237 3239 3309 -1 3276 3291 3289 -1 3310 3278 3258 -1 3239 3297 3309 -1 3311 3291 3275 -1 3299 3310 3258 -1 3234 3312 3231 -1 3258 3232 3299 -1 3234 3260 3313 -1 3144 3260 3234 -1 3269 3242 3314 -1 3311 3275 3315 -1 3275 3316 3315 -1 3314 3297 3269 -1 3242 3271 3314 -1 3271 3243 3317 -1 3236 3266 3318 -1 3318 3319 3236 -1 3317 3314 3271 -1 3272 3317 3243 -1 3266 3238 3320 -1 3320 3238 3288 -1 3290 3288 3241 -1 3290 3244 3292 -1 3268 3277 3321 -1 3294 3268 3322 -1 3322 3268 3321 -1 3254 3264 3279 -1 3272 3273 3323 -1 3324 3325 3264 -1 3283 3284 3326 -1 3264 3224 3324 -1 3274 3300 3327 -1 3284 3262 3328 -1 3328 3326 3284 -1 3262 3285 3328 -1 3295 3296 3329 -1 855 3230 3330 -1 3331 3328 3285 -1 3285 3280 3331 -1 3301 3331 3280 -1 3329 3296 3306 -1 3231 3312 3282 -1 3301 3302 3332 -1 3298 3257 3333 -1 3334 3303 3308 -1 3278 3333 3257 -1 3313 3312 3234 -1 3332 3289 3335 -1 3302 3289 3332 -1 3289 3291 3336 -1 3289 3336 3335 -1 3311 3336 3291 -1 3303 3334 3304 -1 3260 3236 3319 -1 3319 3313 3260 -1 3297 3314 3337 -1 3337 3314 3338 -1 3311 3315 3336 -1 3314 3317 3338 -1 3338 3272 3323 -1 3317 3272 3338 -1 3339 3299 3283 -1 3318 3266 3320 -1 3277 3279 3321 -1 3279 3264 3340 -1 3325 3340 3264 -1 3341 3315 3316 -1 3341 3316 3342 -1 3343 3344 3345 -1 3346 3344 3347 -1 3347 3348 3346 -1 890 855 3330 -1 3295 3324 3224 -1 3323 3273 3349 -1 3273 3274 3350 -1 3350 3349 3273 -1 3327 3350 3274 -1 3230 3307 3330 -1 3329 3306 3351 -1 3306 3305 3351 -1 3327 3300 3352 -1 3353 3351 3305 -1 3300 3354 3352 -1 3305 3304 3355 -1 3355 3353 3305 -1 3307 3282 3356 -1 3298 3354 3300 -1 3282 3312 3356 -1 3304 3334 3355 -1 3354 3333 3343 -1 3343 3333 3347 -1 3308 3309 3357 -1 3358 3356 3312 -1 3309 3297 3357 -1 3359 3360 3347 -1 3347 3333 3278 -1 3313 3358 3312 -1 3278 3359 3347 -1 3333 3354 3298 -1 3348 3347 3360 -1 3310 3359 3278 -1 3360 3359 3361 -1 3361 3359 3310 -1 3310 3299 3339 -1 3361 3310 3339 -1 3339 3283 3362 -1 3290 3363 3288 -1 3290 3292 3364 -1 3293 3364 3292 -1 3283 3326 3362 -1 3293 3294 3365 -1 3294 3322 3365 -1 3322 3321 3366 -1 3367 3326 3328 -1 3366 3321 3368 -1 3321 3279 3368 -1 3331 3367 3328 -1 3369 3367 3331 -1 3331 3301 3369 -1 3369 3301 3370 -1 3301 3332 3370 -1 3371 3370 3332 -1 3372 3371 3332 -1 3332 3335 3372 -1 3373 3372 3335 -1 3335 3336 3373 -1 3373 3336 3341 -1 3315 3341 3336 -1 3374 3375 3376 -1 3377 3378 3379 -1 3380 3378 3377 -1 3378 3381 3379 -1 3382 3383 3384 -1 3381 3385 3386 -1 3387 3384 3383 -1 3381 3386 3388 -1 3377 3379 3389 -1 3379 3381 3390 -1 3381 3388 3390 -1 3382 3345 3344 -1 3379 3391 3389 -1 3390 3388 3392 -1 3390 3391 3379 -1 3383 3382 3344 -1 3346 3383 3344 -1 3388 3393 3394 -1 3395 3389 3391 -1 3391 3390 3396 -1 3395 3391 3397 -1 3323 3349 3398 -1 890 3330 1064 -1 3396 3397 3391 -1 1064 3330 3399 -1 3392 3396 3390 -1 3307 3399 3330 -1 3350 3327 3400 -1 3401 3397 3396 -1 3402 3401 3396 -1 3327 3403 3404 -1 3307 3356 3405 -1 3405 3356 3406 -1 3396 3392 3402 -1 3407 3402 3392 -1 3345 3408 3409 -1 3356 3358 3406 -1 3410 3342 3411 -1 3341 3342 3410 -1 3386 3412 3388 -1 3403 3408 3413 -1 3388 3412 3393 -1 3352 3408 3403 -1 3414 3358 3313 -1 3415 3414 3313 -1 3319 3415 3313 -1 3354 3408 3352 -1 3409 3408 3354 -1 3345 3409 3343 -1 3393 3412 3416 -1 3393 3416 3417 -1 3343 3409 3354 -1 3352 3403 3327 -1 3393 3418 3394 -1 3392 3388 3394 -1 3392 3394 3419 -1 3320 3420 3318 -1 3394 3418 3421 -1 3421 3419 3394 -1 3418 3393 3417 -1 3347 3344 3343 -1 3290 3364 3363 -1 3416 3376 3422 -1 3423 3422 3376 -1 3376 3424 3423 -1 3422 3417 3416 -1 3293 3365 3364 -1 3423 3424 3425 -1 3425 3424 3426 -1 3365 3322 3427 -1 3423 3428 3422 -1 3429 3430 3431 -1 3425 3432 3423 -1 3429 3433 3430 -1 3433 3429 3434 -1 3435 3430 3433 -1 3436 3433 3434 -1 3322 3366 3427 -1 3392 3419 3437 -1 3437 3421 3438 -1 3419 3421 3437 -1 3439 3440 3441 -1 3392 3437 3407 -1 3340 3368 3279 -1 3433 3442 3443 -1 3443 3435 3433 -1 3442 3433 3436 -1 3407 3437 3444 -1 3444 3445 3407 -1 3438 3444 3437 -1 3444 3438 3446 -1 3346 3387 3383 -1 3447 3401 3402 -1 3402 3448 3447 -1 3449 3450 3451 -1 3346 3452 3387 -1 3452 3453 3454 -1 3455 3448 3402 -1 3456 3454 3453 -1 3457 3453 3452 -1 3402 3407 3455 -1 3380 3450 3378 -1 3457 3346 3348 -1 3452 3346 3457 -1 3450 3449 3385 -1 3457 3348 3458 -1 3459 3460 3440 -1 3445 3461 3455 -1 3461 3445 3462 -1 3463 3385 3449 -1 3386 3385 3463 -1 3445 3455 3407 -1 3445 3446 3464 -1 3444 3446 3445 -1 3465 3458 3348 -1 3348 3360 3466 -1 3348 3466 3465 -1 3453 3467 3456 -1 3468 3469 3470 -1 3467 3457 3471 -1 3468 3472 3469 -1 3453 3457 3467 -1 3458 3471 3457 -1 3445 3464 3473 -1 3469 3472 3374 -1 3473 3474 3445 -1 3474 3462 3445 -1 3475 3476 3477 -1 3456 3467 3478 -1 3463 3479 3386 -1 3467 3480 3478 -1 3476 3481 3477 -1 3462 3474 3482 -1 3412 3386 3479 -1 3474 3473 3483 -1 3471 3484 3467 -1 3480 3467 3484 -1 3485 3480 3484 -1 3482 3474 3486 -1 3458 3465 3487 -1 3488 3474 3483 -1 3486 3474 3488 -1 3487 3465 3489 -1 3486 3490 3491 -1 3470 3469 3492 -1 3490 3486 3488 -1 3489 3465 3466 -1 3469 3479 3492 -1 3493 3494 3495 -1 3493 3481 3494 -1 3412 3479 3469 -1 3325 3324 3496 -1 3480 3485 3497 -1 3324 3295 3329 -1 3329 3496 3324 -1 3498 3493 3499 -1 3499 3500 3498 -1 3361 3466 3360 -1 3308 3355 3334 -1 3412 3469 3416 -1 3466 3361 3501 -1 3357 3297 3502 -1 3297 3337 3502 -1 3498 3500 3503 -1 3504 3477 3505 -1 3337 3338 3398 -1 3338 3323 3398 -1 3506 3507 3508 -1 3468 3509 3472 -1 3509 3510 3472 -1 3339 3501 3361 -1 3511 3508 3507 -1 3477 3481 3505 -1 3511 3507 3512 -1 3481 3493 3513 -1 3513 3505 3481 -1 3508 3511 3431 -1 3429 3431 3511 -1 3511 3434 3429 -1 3501 3362 3514 -1 3515 3382 3516 -1 3362 3501 3339 -1 3472 3510 3374 -1 3515 3517 3345 -1 3517 3413 3345 -1 3375 3374 3510 -1 3413 3408 3345 -1 3518 3514 3362 -1 3515 3345 3382 -1 3505 3513 3519 -1 3326 3518 3362 -1 3376 3469 3374 -1 3326 3367 3518 -1 3382 3384 3516 -1 3498 3513 3493 -1 3510 3520 3375 -1 3521 3518 3367 -1 3416 3469 3376 -1 3369 3521 3367 -1 3375 3424 3376 -1 3375 3520 3522 -1 3521 3369 3370 -1 3498 3503 3441 -1 3424 3375 3522 -1 3522 3426 3424 -1 3519 3513 3460 -1 3372 3373 3523 -1 3513 3498 3441 -1 3410 3523 3373 -1 3373 3341 3410 -1 3460 3441 3440 -1 3513 3441 3460 -1 3490 3524 3491 -1 3524 3490 3525 -1 3503 3500 3524 -1 3503 3524 3525 -1 3526 3503 3527 -1 3526 3441 3503 -1 3441 3526 3528 -1 3459 3519 3460 -1 3441 3528 3439 -1 3378 3450 3381 -1 3450 3385 3381 -1 3529 3475 3477 -1 3477 3504 3529 -1 3530 3497 3531 -1 3480 3497 3530 -1 3525 3488 3532 -1 3497 3485 3533 -1 3501 3534 3466 -1 3525 3527 3503 -1 3527 3525 3535 -1 3395 3397 3536 -1 3536 3397 3401 -1 3532 3535 3525 -1 3527 3535 3537 -1 3527 3537 3526 -1 3537 3538 3526 -1 3539 3418 3417 -1 3540 3541 3514 -1 3535 3542 3537 -1 3542 3543 3537 -1 3538 3537 3543 -1 3422 3539 3417 -1 3514 3518 3540 -1 3421 3539 3544 -1 3418 3539 3421 -1 3526 3538 3528 -1 3543 3545 3538 -1 3426 3546 3425 -1 3518 3547 3540 -1 3428 3539 3422 -1 3548 3428 3549 -1 3432 3428 3423 -1 3440 3439 3550 -1 3432 3549 3428 -1 3546 3551 3425 -1 3432 3425 3551 -1 3552 3421 3544 -1 3521 3547 3518 -1 3438 3421 3552 -1 3521 3370 3553 -1 3554 3438 3552 -1 3446 3438 3554 -1 3549 3432 3555 -1 3555 3556 3549 -1 3553 3370 3557 -1 3549 3556 3558 -1 3558 3556 3559 -1 3556 3555 3559 -1 3555 3432 3551 -1 3370 3371 3557 -1 3560 3447 3448 -1 3560 3448 3561 -1 3455 3561 3448 -1 3461 3561 3455 -1 3371 3372 3557 -1 3461 3562 3561 -1 3528 3538 3563 -1 3528 3563 3439 -1 3562 3461 3564 -1 3545 3565 3538 -1 3461 3462 3564 -1 3372 3523 3566 -1 3563 3538 3565 -1 3563 3565 3567 -1 3567 3565 3568 -1 3462 3569 3564 -1 3570 3571 3572 -1 3523 3410 3573 -1 3439 3563 3574 -1 3572 3571 3575 -1 3446 3576 3464 -1 3554 3576 3446 -1 3439 3574 3577 -1 3473 3464 3576 -1 3567 3574 3563 -1 3462 3482 3569 -1 3569 3482 3578 -1 3579 3473 3576 -1 3483 3473 3579 -1 3488 3483 3579 -1 3482 3580 3578 -1 3580 3482 3486 -1 3568 3581 3567 -1 3550 3439 3577 -1 3580 3486 3582 -1 3491 3582 3486 -1 3532 3488 3579 -1 3583 3584 3325 -1 3399 3307 3585 -1 3325 3496 3583 -1 3307 3405 3585 -1 3406 3586 3405 -1 3587 3586 3406 -1 3496 3329 3588 -1 3329 3351 3588 -1 3358 3587 3406 -1 3589 3587 3358 -1 3588 3353 3590 -1 3351 3353 3588 -1 3353 3355 3590 -1 3358 3414 3589 -1 3591 3590 3355 -1 3355 3308 3591 -1 3308 3357 3591 -1 3574 3567 3581 -1 3592 3589 3414 -1 3415 3592 3414 -1 3415 3318 3420 -1 3319 3318 3415 -1 3502 3337 3398 -1 3593 3420 3320 -1 3320 3288 3593 -1 3507 3506 3594 -1 3507 3594 3512 -1 3595 3363 3364 -1 3595 3364 3365 -1 3506 3508 3596 -1 3431 3597 3508 -1 3598 3599 3511 -1 3511 3512 3598 -1 3599 3434 3511 -1 3340 3325 3584 -1 3450 3600 3601 -1 3515 3602 3517 -1 3451 3450 3601 -1 3451 3603 3449 -1 3515 3516 3604 -1 3380 3600 3450 -1 3517 3605 3413 -1 3463 3449 3603 -1 3516 3384 3606 -1 3607 3463 3603 -1 3384 3387 3608 -1 3468 3609 3509 -1 3349 3350 3400 -1 3404 3403 3610 -1 3400 3327 3404 -1 3479 3463 3607 -1 3607 3492 3479 -1 3610 3403 3413 -1 3431 3430 3611 -1 3611 3597 3431 -1 3509 3609 3510 -1 3612 3510 3609 -1 3611 3435 3613 -1 3430 3435 3611 -1 3520 3510 3612 -1 3436 3434 3614 -1 3614 3434 3599 -1 3613 3435 3615 -1 3616 3522 3520 -1 3522 3616 3617 -1 3522 3617 3426 -1 3426 3617 3546 -1 3618 3494 3619 -1 3436 3620 3442 -1 3476 3475 3621 -1 3621 3622 3476 -1 3481 3622 3619 -1 3476 3622 3481 -1 3494 3481 3619 -1 3608 3387 3452 -1 3495 3494 3618 -1 3618 3623 3495 -1 3499 3495 3623 -1 3454 3608 3452 -1 3623 3624 3499 -1 3471 3458 3625 -1 3456 3478 3626 -1 3627 3626 3478 -1 3624 3628 3500 -1 3629 3628 3624 -1 3471 3625 3484 -1 3624 3500 3499 -1 3487 3625 3458 -1 3495 3499 3493 -1 3489 3466 3630 -1 3466 3534 3630 -1 3625 3487 3533 -1 3582 3631 3632 -1 3533 3484 3625 -1 3631 3582 3491 -1 3533 3487 3489 -1 3631 3628 3632 -1 3485 3484 3533 -1 3442 3633 3443 -1 3525 3490 3488 -1 3634 3635 3636 -1 3442 3620 3633 -1 3628 3631 3500 -1 3491 3524 3631 -1 3500 3631 3524 -1 3478 3480 3627 -1 3380 3377 3637 -1 3480 3530 3627 -1 3389 3637 3377 -1 3410 3411 3638 -1 3638 3411 3639 -1 3640 3530 3641 -1 3497 3642 3531 -1 3531 3641 3530 -1 3533 3643 3497 -1 3395 3536 3644 -1 3642 3497 3643 -1 3536 3401 3645 -1 3641 3531 3646 -1 3548 3544 3539 -1 3514 3534 3501 -1 3535 3532 3647 -1 3534 3514 3541 -1 3428 3548 3539 -1 3647 3542 3535 -1 3648 3546 3649 -1 3551 3546 3648 -1 3547 3521 3650 -1 3521 3553 3650 -1 3558 3548 3549 -1 3545 3543 3651 -1 3559 3555 3652 -1 3557 3372 3566 -1 3652 3551 3648 -1 3555 3551 3652 -1 3401 3447 3645 -1 3638 3573 3410 -1 3561 3653 3560 -1 3561 3562 3653 -1 3654 3653 3562 -1 3654 3564 3655 -1 3562 3564 3654 -1 3564 3569 3655 -1 3570 3572 3656 -1 3655 3569 3657 -1 3658 3570 3656 -1 3571 3570 3658 -1 3575 3571 3658 -1 3659 3576 3554 -1 3576 3659 3660 -1 3569 3578 3657 -1 3576 3660 3579 -1 3660 3661 3579 -1 3581 3568 3662 -1 3580 3582 3663 -1 3532 3579 3661 -1 3622 3621 3664 -1 3665 3583 3496 -1 3619 3666 3618 -1 3496 3588 3665 -1 3667 3618 3666 -1 3668 3623 3667 -1 3667 3623 3618 -1 3629 3624 3668 -1 3669 3629 3668 -1 3632 3629 3669 -1 3665 3588 3670 -1 3629 3632 3628 -1 3624 3623 3668 -1 3582 3632 3663 -1 3590 3670 3588 -1 3638 3639 3671 -1 3672 3671 3639 -1 3673 3591 3357 -1 3502 3673 3357 -1 3502 3398 3674 -1 3517 3602 3605 -1 3413 3605 3675 -1 3676 3594 3677 -1 3677 3506 3596 -1 3594 3506 3677 -1 3512 3594 3676 -1 3604 3516 3678 -1 3596 3597 3679 -1 3680 3596 3679 -1 3596 3508 3597 -1 3679 3597 3611 -1 3598 3512 3676 -1 3598 3676 3681 -1 3516 3606 3678 -1 3598 3682 3599 -1 3606 3608 3683 -1 3384 3608 3606 -1 3604 3602 3515 -1 3674 3398 3684 -1 3349 3684 3398 -1 3400 3404 3685 -1 3349 3400 3685 -1 3684 3349 3685 -1 3610 3413 3675 -1 3679 3611 3686 -1 3614 3599 3682 -1 3608 3687 3683 -1 3686 3613 3688 -1 3611 3613 3686 -1 3615 3688 3613 -1 3689 3688 3615 -1 3443 3615 3435 -1 3689 3615 3443 -1 3690 3614 3682 -1 3436 3614 3690 -1 3620 3436 3690 -1 3454 3687 3608 -1 3456 3687 3454 -1 3687 3456 3691 -1 3456 3626 3691 -1 3489 3630 3533 -1 3630 3643 3533 -1 3630 3534 3541 -1 3689 3633 3692 -1 3443 3633 3689 -1 3692 3620 3693 -1 3633 3620 3692 -1 3694 3530 3640 -1 3627 3530 3694 -1 3399 1284 1064 -1 1284 3399 3585 -1 3585 3405 3695 -1 3586 3695 3405 -1 3415 3696 3592 -1 3420 3696 3415 -1 3593 3288 3697 -1 3288 3363 3697 -1 3595 3365 3698 -1 3365 3699 3698 -1 3365 3427 3699 -1 3366 3699 3427 -1 3699 3366 3700 -1 3700 3366 3701 -1 3366 3368 3701 -1 3368 3340 3702 -1 3702 3701 3368 -1 3584 3702 3340 -1 3603 3451 3601 -1 3607 3603 3703 -1 3609 3468 3704 -1 3492 3705 3706 -1 3468 3470 3707 -1 3704 3468 3707 -1 3470 3706 3707 -1 3470 3492 3706 -1 3492 3607 3705 -1 3616 3520 3612 -1 3617 3616 3708 -1 3708 3649 3617 -1 3546 3617 3649 -1 3634 3636 3709 -1 3709 3710 3711 -1 3711 3634 3709 -1 3637 3389 3712 -1 3638 3671 3713 -1 3540 3547 3714 -1 3592 3696 3715 -1 3648 3649 3716 -1 3686 3717 3718 -1 3719 3696 3420 -1 3547 3650 3714 -1 3720 3648 3716 -1 3721 3714 3650 -1 3420 3593 3719 -1 3722 3552 3544 -1 3544 3548 3722 -1 3723 3719 3593 -1 3593 3697 3723 -1 3724 3552 3722 -1 3725 3723 3697 -1 3725 3363 3726 -1 3697 3363 3725 -1 3552 3724 3554 -1 3553 3557 3727 -1 3726 3363 3728 -1 3729 3554 3724 -1 3363 3595 3728 -1 3722 3548 3558 -1 3698 3728 3595 -1 1284 3585 3730 -1 3558 3559 3731 -1 3730 3585 3695 -1 3566 3523 3732 -1 3523 3573 3732 -1 3559 3652 3733 -1 3695 3586 3734 -1 3713 3732 3573 -1 3573 3638 3713 -1 3587 3734 3586 -1 3652 3648 3720 -1 3589 3735 3587 -1 3589 3592 3735 -1 3736 3559 3733 -1 3702 3584 3737 -1 3738 3600 3739 -1 3600 3380 3739 -1 3645 3447 3740 -1 3739 3637 3741 -1 3380 3637 3739 -1 3447 3560 3740 -1 3742 3601 3738 -1 3653 3740 3560 -1 3601 3600 3738 -1 3742 3703 3601 -1 3603 3601 3703 -1 3743 3654 3744 -1 3653 3654 3743 -1 3703 3745 3607 -1 3655 3744 3654 -1 3572 3746 3656 -1 3656 3746 3747 -1 3655 3657 3748 -1 3748 3658 3656 -1 3657 3658 3748 -1 3572 3575 3746 -1 3658 3749 3575 -1 3658 3657 3750 -1 3750 3749 3658 -1 3751 3704 3752 -1 3751 3609 3704 -1 3700 3701 3753 -1 3702 3754 3753 -1 3750 3657 3578 -1 3701 3702 3753 -1 3580 3750 3578 -1 3750 3580 3663 -1 3661 3755 3532 -1 3583 3737 3584 -1 3756 3737 3583 -1 3583 3665 3756 -1 3737 3754 3702 -1 3590 3591 3757 -1 3609 3758 3612 -1 3673 3757 3591 -1 3759 3612 3758 -1 3760 3673 3502 -1 3674 3760 3502 -1 3705 3607 3745 -1 3756 3665 3761 -1 3665 3670 3762 -1 3762 3761 3665 -1 3670 3590 3763 -1 3762 3670 3763 -1 3590 3757 3763 -1 3763 3757 3764 -1 3765 3705 3766 -1 3757 3673 3764 -1 3706 3705 3765 -1 3767 3602 3768 -1 3752 3704 3707 -1 3605 3602 3767 -1 3769 3677 3770 -1 3769 3771 3677 -1 3771 3676 3677 -1 3770 3596 3680 -1 3770 3677 3596 -1 3772 3676 3771 -1 3616 3612 3759 -1 3773 3616 3759 -1 3676 3772 3681 -1 3681 3772 3678 -1 3678 3772 3604 -1 3616 3773 3708 -1 3681 3774 3598 -1 3598 3774 3682 -1 3773 3775 3708 -1 3774 3681 3678 -1 3678 3606 3774 -1 3683 3774 3606 -1 3680 3775 3773 -1 3768 3602 3604 -1 3764 3673 3760 -1 3776 3760 3674 -1 3777 3778 3664 -1 3775 3680 3679 -1 3708 3779 3649 -1 3684 3776 3674 -1 3775 3779 3708 -1 3779 3775 3679 -1 3776 3685 3780 -1 3684 3685 3776 -1 3781 3666 3619 -1 3782 3783 3610 -1 3610 3675 3782 -1 3404 3610 3783 -1 3685 3404 3784 -1 3784 3780 3685 -1 3404 3783 3784 -1 3622 3664 3778 -1 3682 3774 3785 -1 3619 3622 3778 -1 3683 3785 3774 -1 3785 3683 3786 -1 3786 3683 3687 -1 3686 3688 3717 -1 3688 3787 3788 -1 3688 3689 3787 -1 3690 3682 3785 -1 3785 3786 3789 -1 3786 3691 3789 -1 3687 3691 3786 -1 3666 3790 3667 -1 3691 3791 3789 -1 3792 3667 3790 -1 3668 3667 3792 -1 3669 3668 3792 -1 3791 3691 3626 -1 3627 3791 3626 -1 3787 3689 3692 -1 3693 3787 3692 -1 3787 3693 3793 -1 3793 3794 3787 -1 3793 3693 3795 -1 3669 3796 3632 -1 3620 3690 3797 -1 3693 3620 3797 -1 3798 3693 3797 -1 3795 3693 3798 -1 3663 3632 3799 -1 3793 3800 3801 -1 3794 3793 3801 -1 3795 3800 3793 -1 3799 3632 3796 -1 3801 3800 3802 -1 3800 3795 3803 -1 3800 3804 3802 -1 3800 3803 3804 -1 3694 3791 3627 -1 3805 3791 3694 -1 3755 3647 3532 -1 3805 3694 3640 -1 3541 3806 3643 -1 3630 3541 3643 -1 3643 3806 3642 -1 3807 3642 3808 -1 3642 3806 3808 -1 3540 3806 3541 -1 3646 3642 3807 -1 3531 3642 3646 -1 3646 3809 3641 -1 3810 3811 3812 -1 3651 3542 3647 -1 3540 3714 3806 -1 3543 3542 3651 -1 3813 3636 3811 -1 3814 3545 3651 -1 3709 3636 3813 -1 3545 3814 3565 -1 3565 3815 3568 -1 3816 3568 3815 -1 3712 3741 3637 -1 3662 3568 3816 -1 3389 3395 3712 -1 3395 3644 3712 -1 3644 3536 3817 -1 3536 3645 3817 -1 3649 3779 3718 -1 3686 3779 3679 -1 3718 3779 3686 -1 3716 3649 3718 -1 3718 3818 3716 -1 3718 3717 3818 -1 3696 3719 3715 -1 3719 3819 3715 -1 3804 3820 3802 -1 3821 3819 3719 -1 3719 3723 3821 -1 3818 3720 3716 -1 3804 3803 3822 -1 3822 3820 3804 -1 3821 3723 3823 -1 3822 3803 3824 -1 3723 3725 3823 -1 3818 3717 3788 -1 3825 3823 3725 -1 3726 3825 3725 -1 3728 3826 3726 -1 3722 3558 3731 -1 3698 3826 3728 -1 3592 3715 3827 -1 3828 3721 3650 -1 3650 3553 3828 -1 3720 3733 3652 -1 3722 3731 3724 -1 3736 3731 3559 -1 3566 3727 3557 -1 3736 3733 3829 -1 3724 3731 3830 -1 3830 3731 3831 -1 3729 3724 3830 -1 3731 3736 3831 -1 3831 3736 3829 -1 3726 3826 3825 -1 3645 3740 3832 -1 3825 3826 3833 -1 3832 3740 3834 -1 3835 3836 3837 -1 3837 3838 3835 -1 3740 3653 3743 -1 3836 3835 3839 -1 3840 3835 3838 -1 3743 3744 3841 -1 3835 3840 3839 -1 3748 3744 3655 -1 3841 3747 3746 -1 3842 3747 3744 -1 3744 3747 3841 -1 3842 3656 3747 -1 3672 3843 3671 -1 3703 3742 3844 -1 3842 3744 3748 -1 3842 3748 3656 -1 3746 3575 3845 -1 3844 3846 3745 -1 3845 3749 3847 -1 3575 3749 3845 -1 3745 3703 3844 -1 3750 3847 3749 -1 3750 3663 3847 -1 3847 3663 3799 -1 3659 3554 3729 -1 3729 3848 3659 -1 3826 3698 3849 -1 3699 3849 3698 -1 3849 3850 3826 -1 3833 3826 3850 -1 3660 3659 3848 -1 3700 3849 3699 -1 3851 3850 3849 -1 3849 3700 3851 -1 3852 3851 3700 -1 3851 3852 3853 -1 3854 3855 3737 -1 3856 3857 3833 -1 3857 3856 3858 -1 3850 3851 3856 -1 3856 3851 3751 -1 3737 3756 3854 -1 3856 3751 3752 -1 3777 3859 3778 -1 3851 3853 3751 -1 3860 3855 3854 -1 3751 3853 3609 -1 3856 3752 3858 -1 3778 3781 3619 -1 3852 3700 3753 -1 3761 3762 3861 -1 3756 3761 3862 -1 3862 3854 3756 -1 3790 3666 3781 -1 3761 3861 3862 -1 3854 3862 3860 -1 3853 3852 3863 -1 3861 3762 3864 -1 3754 3852 3753 -1 3852 3754 3863 -1 3865 3669 3792 -1 3796 3669 3865 -1 3754 3737 3855 -1 3863 3754 3855 -1 3755 3866 3647 -1 3853 3863 3867 -1 3651 3647 3866 -1 3609 3853 3758 -1 3868 3762 3763 -1 3764 3868 3763 -1 3868 3864 3762 -1 3867 3758 3853 -1 3758 3867 3759 -1 3814 3815 3565 -1 3764 3869 3868 -1 3870 3662 3816 -1 3858 3765 3871 -1 3766 3745 3846 -1 3745 3766 3705 -1 3871 3765 3766 -1 3864 3767 3768 -1 3707 3858 3752 -1 3765 3858 3707 -1 3706 3765 3707 -1 3872 3759 3867 -1 3759 3872 3773 -1 3872 3769 3770 -1 3872 3770 3773 -1 3680 3773 3770 -1 3864 3868 3767 -1 3768 3873 3874 -1 3767 3868 3605 -1 3868 3869 3605 -1 3675 3605 3869 -1 3810 3812 3875 -1 3771 3876 3772 -1 3813 3811 3810 -1 3873 3772 3876 -1 3877 3709 3813 -1 3878 3709 3877 -1 3710 3709 3878 -1 3772 3873 3604 -1 3604 3873 3768 -1 3760 3869 3764 -1 3869 3760 3782 -1 3780 3782 3760 -1 3760 3776 3780 -1 3712 3644 3879 -1 3675 3869 3782 -1 3879 3644 3817 -1 3782 3780 3784 -1 3782 3784 3783 -1 3645 3880 3817 -1 3832 3880 3645 -1 3788 3717 3688 -1 3785 3881 3690 -1 3789 3881 3785 -1 3881 3789 3882 -1 3882 3789 3791 -1 3787 3794 3788 -1 3730 1371 1284 -1 3883 3788 3794 -1 3797 3690 3881 -1 3791 3884 3882 -1 3734 3730 3695 -1 3794 3801 3883 -1 3885 3883 3801 -1 3801 3802 3885 -1 3886 3795 3798 -1 3803 3795 3886 -1 3791 3805 3884 -1 3805 3640 3884 -1 3641 3809 3887 -1 3640 3641 3887 -1 3807 3888 3646 -1 3646 3888 3809 -1 1380 3889 1381 -1 3890 1381 3889 -1 3808 3806 3714 -1 3888 3808 3891 -1 3807 3808 3888 -1 3892 3891 3808 -1 3808 3714 3721 -1 3721 3892 3808 -1 3893 1383 1381 -1 1381 3890 3893 -1 3734 3587 3894 -1 3895 3890 3889 -1 3587 3735 3894 -1 3896 3894 3735 -1 3896 3735 3827 -1 3735 3592 3827 -1 3881 3897 3797 -1 3882 3897 3881 -1 3898 3899 3900 -1 3798 3797 3897 -1 3886 3798 3897 -1 3863 3872 3867 -1 3863 3769 3872 -1 3818 3901 3720 -1 3901 3818 3788 -1 3884 3902 3882 -1 3871 3903 3857 -1 3857 3858 3871 -1 3903 3871 3766 -1 3766 3846 3903 -1 3720 3904 3733 -1 3905 3894 3906 -1 3901 3788 3883 -1 3907 3651 3866 -1 3720 3901 3904 -1 3894 3896 3906 -1 3908 3885 3802 -1 3907 3909 3651 -1 3733 3904 3829 -1 3824 3803 3886 -1 3640 3902 3884 -1 3896 3827 3906 -1 3640 3887 3902 -1 3904 3901 3910 -1 3814 3651 3909 -1 3901 3883 3910 -1 3911 3829 3904 -1 3802 3912 3908 -1 3802 3820 3912 -1 3913 3912 3820 -1 3914 3906 3827 -1 3820 3915 3913 -1 3915 3822 3916 -1 3820 3822 3915 -1 3914 3917 3906 -1 3887 3809 3918 -1 3809 3919 3918 -1 3841 3746 3920 -1 3920 3921 3841 -1 3888 3919 3809 -1 3922 3815 3814 -1 3923 3859 3777 -1 3746 3845 3920 -1 3730 1400 1371 -1 3924 3925 3926 -1 3914 3927 3928 -1 3920 3845 3847 -1 3928 3917 3914 -1 3815 3922 3929 -1 1400 3730 3930 -1 3931 3926 3925 -1 3875 3926 3931 -1 3847 3799 3932 -1 3790 3781 3933 -1 3816 3815 3929 -1 3790 3933 3792 -1 3900 3899 3934 -1 3875 3931 3810 -1 3931 3935 3810 -1 3721 3828 3892 -1 3936 3892 3828 -1 3729 3937 3848 -1 3932 3799 3938 -1 3799 3796 3938 -1 3934 3899 3939 -1 1406 3889 1380 -1 3933 3865 3792 -1 3828 3940 3941 -1 3941 3936 3828 -1 3813 3810 3935 -1 1406 3942 3889 -1 3940 3828 3553 -1 3553 3727 3940 -1 3938 3865 3943 -1 3796 3865 3938 -1 3944 3816 3929 -1 3877 3813 3935 -1 3727 3566 3940 -1 3830 3831 3945 -1 3917 3946 3947 -1 3732 3940 3566 -1 3948 3940 3732 -1 3830 3945 3949 -1 3947 3946 3950 -1 3831 3829 3945 -1 3713 3948 3732 -1 3878 3951 3710 -1 3729 3830 3952 -1 3953 3893 3954 -1 3955 3951 3956 -1 3949 3952 3830 -1 3956 3957 3955 -1 3954 3893 3890 -1 3945 3829 3911 -1 3741 3712 3958 -1 3958 3959 3741 -1 3870 3816 3944 -1 3712 3879 3958 -1 3895 3954 3890 -1 1383 3893 3953 -1 3660 3848 3960 -1 3661 3660 3960 -1 3961 3870 3944 -1 3954 3900 3962 -1 3895 3900 3954 -1 3734 3930 3730 -1 3963 3930 3734 -1 3755 3661 3964 -1 3900 3934 3962 -1 3894 3963 3734 -1 3963 3894 3905 -1 3861 3965 3862 -1 3863 3855 3966 -1 3898 3889 3942 -1 3895 3889 3898 -1 3863 3966 3769 -1 3900 3895 3898 -1 3855 3860 3966 -1 3769 3966 3771 -1 3860 3862 3965 -1 3966 3860 3876 -1 3860 3965 3876 -1 3874 3965 3861 -1 3827 3715 3914 -1 3819 3914 3715 -1 3876 3771 3966 -1 3927 3819 3967 -1 3914 3819 3927 -1 3876 3965 3874 -1 3876 3874 3873 -1 3864 3874 3861 -1 3874 3864 3768 -1 3819 3821 3967 -1 3823 3967 3821 -1 3967 3823 3968 -1 3946 3917 3928 -1 3928 3927 3969 -1 3928 3969 3970 -1 3950 3946 3971 -1 3970 3946 3928 -1 3946 3970 3971 -1 3927 3967 3969 -1 3969 3967 3968 -1 3969 3968 3837 -1 3970 3837 3836 -1 3969 3837 3970 -1 3970 3972 3971 -1 3970 3836 3972 -1 3968 3825 3838 -1 3823 3825 3968 -1 3833 3838 3825 -1 3973 3713 3671 -1 3968 3838 3837 -1 3843 3973 3671 -1 3843 3672 3974 -1 3833 3840 3838 -1 3840 3833 3857 -1 3972 3836 3975 -1 3976 3742 3977 -1 3977 3739 3978 -1 3742 3738 3977 -1 3739 3977 3738 -1 3741 3978 3739 -1 3959 3978 3741 -1 3836 3839 3975 -1 3975 3979 3980 -1 3979 3844 3976 -1 3980 3979 3976 -1 3844 3742 3976 -1 3903 3975 3839 -1 3840 3903 3839 -1 3979 3903 3846 -1 3975 3903 3979 -1 3840 3857 3903 -1 3979 3846 3844 -1 3856 3833 3850 -1 3879 3817 3981 -1 3817 3880 3981 -1 3882 3982 3897 -1 3982 3882 3902 -1 3905 3906 3983 -1 3906 3917 3983 -1 3984 3982 3902 -1 3905 3983 3985 -1 3885 3910 3883 -1 3897 3986 3886 -1 3986 3824 3886 -1 3986 3982 3987 -1 3897 3982 3986 -1 3984 3987 3982 -1 3910 3885 3908 -1 3985 3983 3899 -1 3911 3904 3910 -1 3887 3984 3902 -1 3988 3832 3989 -1 3880 3832 3988 -1 3989 3832 3990 -1 3832 3834 3990 -1 3899 3983 3939 -1 3834 3740 3991 -1 3983 3917 3947 -1 3740 3743 3991 -1 3992 3824 3986 -1 3824 3992 3822 -1 3947 3939 3983 -1 3939 3947 3993 -1 3991 3743 3994 -1 3913 3995 3912 -1 3841 3994 3743 -1 3950 3993 3947 -1 3996 3847 3997 -1 3920 3847 3996 -1 3847 3932 3997 -1 3998 3953 3999 -1 3953 3954 3999 -1 4000 3915 3916 -1 3916 3822 3992 -1 3954 3962 3999 -1 4000 3916 3992 -1 3992 4001 4000 -1 3918 3984 3887 -1 4002 3999 3962 -1 3918 3919 4003 -1 3949 3945 3911 -1 3939 3993 3934 -1 3814 3909 3922 -1 4004 3919 3888 -1 3891 4004 3888 -1 3729 3952 3937 -1 4004 3891 3892 -1 3936 4004 3892 -1 3962 3934 4005 -1 3934 3993 4005 -1 4003 3919 4006 -1 3937 3952 4007 -1 3919 4004 4006 -1 3962 4005 4002 -1 3960 3848 3937 -1 4008 3960 3937 -1 4009 3993 3950 -1 3915 4010 3913 -1 3915 4000 4010 -1 3960 3964 3661 -1 3941 3940 3948 -1 3929 3922 4011 -1 1474 1400 3930 -1 3972 3980 4012 -1 3972 3975 3980 -1 4013 4014 3924 -1 4014 3925 3924 -1 3980 3977 4015 -1 4015 4012 3980 -1 4015 3977 3978 -1 4016 3931 3925 -1 1474 3942 1406 -1 3977 3980 3976 -1 3935 3931 4016 -1 4017 3935 4018 -1 4017 3877 3935 -1 3951 3878 4019 -1 3956 3951 4019 -1 4020 4021 3978 -1 3978 3959 4020 -1 4022 3959 3958 -1 3981 3958 3879 -1 3932 3938 4023 -1 3933 4024 3865 -1 3943 4023 3938 -1 3943 3865 4024 -1 3866 3755 3964 -1 3964 3907 3866 -1 1482 3953 3998 -1 1383 3953 1482 -1 3985 3930 3963 -1 3905 3985 3963 -1 3985 1474 3930 -1 1474 3985 3942 -1 3898 3942 3985 -1 3898 3985 3899 -1 4025 3973 4026 -1 3973 3948 3713 -1 3973 3843 4026 -1 3843 3974 4026 -1 4026 3974 4027 -1 3960 4028 3964 -1 3912 4029 3908 -1 4028 3907 3964 -1 4015 4030 4012 -1 3987 3984 3918 -1 3986 3987 3992 -1 3987 3918 4031 -1 3912 3995 4029 -1 4030 4015 4021 -1 4028 3960 4032 -1 3992 3987 4033 -1 4031 4033 3987 -1 4021 4015 3978 -1 3992 4034 4001 -1 3992 4033 4034 -1 3988 3981 3880 -1 4033 4031 4035 -1 4031 3918 4003 -1 4031 4003 4036 -1 1484 1482 3998 -1 1484 3998 4037 -1 3998 4038 4037 -1 4031 4036 4035 -1 4006 4036 4003 -1 4004 4039 4006 -1 4036 4006 4039 -1 4039 4004 3936 -1 3913 4010 4040 -1 4040 3995 3913 -1 4041 4040 4010 -1 4042 4040 4041 -1 4000 4041 4010 -1 4043 4001 4034 -1 4041 4001 4043 -1 4000 4001 4041 -1 4043 4042 4041 -1 4035 4036 4044 -1 3948 3973 4045 -1 4044 4036 4039 -1 4025 4045 3973 -1 4039 3936 4046 -1 4046 3936 3941 -1 4046 3941 4047 -1 3941 3948 4047 -1 4016 3925 4014 -1 3948 4045 4047 -1 3990 3834 4048 -1 3999 4002 4049 -1 3907 4050 3909 -1 3998 3999 4038 -1 4011 3909 4050 -1 3834 3991 4048 -1 4011 3922 3909 -1 4038 3999 4049 -1 4016 4018 3935 -1 4051 4018 4052 -1 4018 4051 4017 -1 3841 3921 3994 -1 4017 4051 4053 -1 3920 3996 3921 -1 4054 4017 4053 -1 3877 4017 4054 -1 3878 3877 4054 -1 4055 3878 4054 -1 4056 4011 4057 -1 4019 3878 4055 -1 3929 4011 4056 -1 4058 4002 4005 -1 3911 3910 4029 -1 3908 4029 3910 -1 3956 4019 4059 -1 4060 3956 4059 -1 3911 4029 4061 -1 3957 3956 4060 -1 4058 3993 4009 -1 4005 3993 4058 -1 3929 4056 4062 -1 3952 3949 4063 -1 3959 4064 4020 -1 4009 4030 4058 -1 4064 3959 4022 -1 3952 4063 4007 -1 3949 3911 4063 -1 4063 3911 4061 -1 3859 3923 4065 -1 4066 4022 3958 -1 3929 4062 3944 -1 3981 4066 3958 -1 4058 4030 4067 -1 3944 4062 4068 -1 3961 3944 4069 -1 4008 3937 4007 -1 4069 3944 4068 -1 4012 4009 3950 -1 3950 3971 4012 -1 3972 4012 3971 -1 3960 4008 4032 -1 4009 4012 4030 -1 3932 4023 4070 -1 3997 3932 4070 -1 4023 4071 4070 -1 4024 3933 4072 -1 4072 4071 4024 -1 4071 4023 3943 -1 4024 4071 3943 -1 3933 3781 4073 -1 4074 4075 4076 -1 4077 4066 3981 -1 3988 4077 3981 -1 4040 4078 3995 -1 4079 4030 4021 -1 4078 4040 4042 -1 4077 3988 4080 -1 4034 4033 4081 -1 4033 4035 4044 -1 4044 4081 4033 -1 4034 4081 4043 -1 4080 3988 4082 -1 3988 3989 4082 -1 4082 3989 4083 -1 3989 3990 4083 -1 4078 4042 4084 -1 4083 4048 4085 -1 3990 4048 4083 -1 4084 4042 4086 -1 4086 4042 4087 -1 4087 4088 4086 -1 4048 3991 4089 -1 4089 3991 3994 -1 4042 4043 4087 -1 4043 4081 4087 -1 4090 1545 4037 -1 4087 4081 4091 -1 3994 3921 4092 -1 4037 1545 1484 -1 4039 4046 4044 -1 4091 4081 4044 -1 4044 4046 4091 -1 4091 4046 4093 -1 4090 4094 4095 -1 3995 4061 4029 -1 4091 4093 4096 -1 4046 4047 4093 -1 4007 4063 4097 -1 4097 4063 4098 -1 4038 4049 4094 -1 4063 4061 4098 -1 4061 3995 4078 -1 4038 4090 4037 -1 4028 4050 3907 -1 4093 4045 4096 -1 4090 4038 4094 -1 4098 4061 4078 -1 4096 4045 4025 -1 4047 4045 4093 -1 4007 4032 4008 -1 4007 4097 4032 -1 4032 4097 4099 -1 4013 4100 4014 -1 4028 4032 4099 -1 4097 4098 4101 -1 4101 4078 4084 -1 4098 4078 4101 -1 4097 4101 4099 -1 4100 4016 4014 -1 4100 4102 4016 -1 4026 4076 4025 -1 4094 4049 4103 -1 4076 4026 4074 -1 4002 4103 4049 -1 4103 4002 4104 -1 4105 4106 3957 -1 4002 4058 4104 -1 4011 4050 4057 -1 4030 4079 4067 -1 4067 4104 4058 -1 4107 4104 4067 -1 4107 4067 4079 -1 4108 4056 4057 -1 4052 4018 4016 -1 4056 4108 4062 -1 4109 4062 4108 -1 4052 4110 4051 -1 4109 4068 4062 -1 4053 4051 4111 -1 4019 4055 4059 -1 3957 4060 4105 -1 4064 4112 4079 -1 4079 4021 4064 -1 4064 4021 4020 -1 4112 4064 4022 -1 4112 4022 4113 -1 4113 4022 4066 -1 4113 4077 4114 -1 4113 4066 4077 -1 4065 4115 3859 -1 3778 3859 4115 -1 4116 3778 4115 -1 3781 3778 4116 -1 4073 3781 4116 -1 3933 4073 4072 -1 4072 4073 4117 -1 4118 4072 4117 -1 4071 4072 4118 -1 3997 4070 4118 -1 4070 4071 4118 -1 4119 4100 4120 -1 4121 4119 4120 -1 4055 4054 4122 -1 4123 4055 4122 -1 4059 4055 4123 -1 4060 4059 4123 -1 4120 4124 4125 -1 4099 4101 4126 -1 4013 4124 4120 -1 4101 4084 4088 -1 4086 4088 4084 -1 4096 4127 4091 -1 4101 4088 4126 -1 4105 4060 4128 -1 4100 4013 4120 -1 4096 4129 4127 -1 4130 4131 4132 -1 4133 4088 4127 -1 4127 4088 4087 -1 4050 4130 4057 -1 4102 4100 4119 -1 4091 4127 4087 -1 4133 4129 4134 -1 4057 4130 4132 -1 4025 4129 4096 -1 4113 4135 4112 -1 4135 4113 4114 -1 4076 4129 4025 -1 4134 4129 4136 -1 4137 4106 4105 -1 4057 4132 4108 -1 4138 4106 4137 -1 1566 1545 4090 -1 4132 4139 4108 -1 4129 4076 4136 -1 4080 4140 4114 -1 4114 4077 4080 -1 4136 4076 4075 -1 4082 4140 4080 -1 4140 4082 4141 -1 4102 4142 4016 -1 1562 1566 4143 -1 4141 4083 4144 -1 4082 4083 4141 -1 4085 4144 4083 -1 4085 4048 4145 -1 4048 4089 4145 -1 4136 4075 4146 -1 4089 3994 4092 -1 1566 4147 4148 -1 4149 4150 4151 -1 4092 3921 4152 -1 4152 3921 4153 -1 3921 3996 4153 -1 4153 3997 4154 -1 3996 3997 4153 -1 4126 4088 4155 -1 4156 4108 4139 -1 4133 4155 4088 -1 4157 1566 4090 -1 4090 4095 4157 -1 4150 4149 4142 -1 4103 4095 4094 -1 4156 4109 4108 -1 4095 4103 4158 -1 4129 4133 4127 -1 4157 4147 1566 -1 4159 4142 4149 -1 4160 4147 4157 -1 4161 4157 4162 -1 4161 4160 4157 -1 4157 4095 4162 -1 4158 4162 4095 -1 4158 4151 4162 -1 4104 4158 4103 -1 4079 4163 4107 -1 4158 4104 4163 -1 4158 4149 4151 -1 4149 4163 4135 -1 4158 4163 4149 -1 4104 4107 4163 -1 4135 4159 4149 -1 4112 4163 4079 -1 4073 4116 4164 -1 4118 4165 4166 -1 4112 4135 4163 -1 4117 4165 4118 -1 3997 4166 4154 -1 4118 4166 3997 -1 4167 4016 4142 -1 4142 4159 4167 -1 4121 4160 4161 -1 4016 4167 4052 -1 4117 4073 4164 -1 4161 4119 4121 -1 4102 4119 4161 -1 4028 4099 4131 -1 4161 4162 4150 -1 4162 4151 4150 -1 4161 4150 4102 -1 4135 4114 4159 -1 4140 4168 4159 -1 4126 4131 4099 -1 4114 4140 4159 -1 4142 4102 4150 -1 4110 4159 4168 -1 4028 4131 4130 -1 4028 4130 4050 -1 4052 4167 4110 -1 4110 4167 4159 -1 4169 4110 4168 -1 4051 4110 4169 -1 4170 4053 4111 -1 4054 4170 4122 -1 4053 4170 4054 -1 4111 4051 4169 -1 4131 4171 4132 -1 4172 4120 4125 -1 4120 4172 4121 -1 4060 4123 4173 -1 4173 4128 4060 -1 4174 4065 4138 -1 4175 4065 4174 -1 4115 4065 4175 -1 4171 4139 4132 -1 4176 4105 4128 -1 4177 4115 4175 -1 4116 4115 4177 -1 4168 4140 4178 -1 4178 4179 4168 -1 4180 4171 4155 -1 4164 4116 4177 -1 4140 4141 4178 -1 4178 4141 4181 -1 4155 4134 4180 -1 4165 4117 4182 -1 4117 4164 4182 -1 4126 4155 4131 -1 4155 4171 4131 -1 4145 4089 4183 -1 4089 4092 4184 -1 4184 4183 4089 -1 4171 4180 4139 -1 4168 4179 4169 -1 4092 4152 4184 -1 4169 4179 4185 -1 1581 1562 4143 -1 4152 4153 4186 -1 4170 4111 4187 -1 4180 4134 4146 -1 1581 4143 4188 -1 4134 4136 4146 -1 4180 4146 4189 -1 4143 4190 4188 -1 4111 4169 4185 -1 4139 4180 4189 -1 4143 1566 4148 -1 4143 4148 4190 -1 4147 4191 4148 -1 4148 4191 4192 -1 4190 4148 4192 -1 4134 4155 4133 -1 4147 4160 4191 -1 4160 4121 4193 -1 4193 4121 4172 -1 4194 4183 4195 -1 4145 4183 4194 -1 4183 4184 4195 -1 4195 4184 4196 -1 4196 4184 4186 -1 4186 4153 4197 -1 4186 4184 4152 -1 4153 4154 4197 -1 4137 4105 4198 -1 4137 4198 4199 -1 4185 4179 4200 -1 1581 4188 1588 -1 4200 4179 4201 -1 1588 4188 4202 -1 4203 4137 4199 -1 4138 4137 4203 -1 4138 4203 4174 -1 4187 4204 4170 -1 4170 4204 4122 -1 4185 4187 4111 -1 4188 4190 4202 -1 4205 4175 4174 -1 4177 4175 4205 -1 4122 4173 4123 -1 4204 4173 4122 -1 4205 4206 4177 -1 4207 4202 4190 -1 4208 4202 4207 -1 4204 4209 4173 -1 4164 4206 4210 -1 4206 4164 4177 -1 4128 4173 4209 -1 4208 4207 4211 -1 4154 4166 4212 -1 4213 4207 4190 -1 4190 4192 4213 -1 4105 4176 4198 -1 4179 4178 4201 -1 4212 4166 4214 -1 4166 4165 4214 -1 4192 4191 4215 -1 4165 4210 4214 -1 4181 4144 4216 -1 4141 4144 4181 -1 4210 4165 4182 -1 4164 4210 4182 -1 4217 4207 4213 -1 4144 4085 4216 -1 4211 4207 4217 -1 4216 4085 4218 -1 4085 4145 4218 -1 4218 4145 4194 -1 4124 4219 4125 -1 4191 4193 4220 -1 4215 4191 4220 -1 4160 4193 4191 -1 4193 4172 4220 -1 4195 4221 4194 -1 4222 4185 4200 -1 4223 4185 4222 -1 4187 4185 4223 -1 4187 4209 4204 -1 4223 4209 4187 -1 4223 4224 4209 -1 4128 4209 4225 -1 4195 4196 4226 -1 4225 4176 4128 -1 4226 4227 4195 -1 4198 4176 4228 -1 4178 4181 4229 -1 4201 4178 4229 -1 4230 4226 4196 -1 1650 1588 4202 -1 4202 4208 1650 -1 4186 4197 4230 -1 4196 4186 4230 -1 4211 1650 4208 -1 4213 4192 4231 -1 4215 4231 4192 -1 4213 4232 4217 -1 4233 4232 4213 -1 4216 4218 4221 -1 4218 4194 4221 -1 4221 4195 4227 -1 4217 4232 4234 -1 4235 4125 4236 -1 4125 4219 4234 -1 4236 4125 4234 -1 4217 4234 4219 -1 4220 4172 4235 -1 4172 4125 4235 -1 4203 4199 4237 -1 4210 4206 4238 -1 4238 4239 4210 -1 4214 4210 4239 -1 4203 4240 4174 -1 4174 4240 4205 -1 4240 4238 4205 -1 4238 4206 4205 -1 4212 4214 4239 -1 4234 4232 4241 -1 4242 4243 4181 -1 4234 4241 4236 -1 4181 4216 4242 -1 4215 4220 4235 -1 4243 4242 4244 -1 4244 4245 4243 -1 4200 4201 4246 -1 4222 4200 4246 -1 4244 4242 4227 -1 4221 4242 4216 -1 4247 4223 4222 -1 4222 4248 4247 -1 4242 4221 4227 -1 4244 4227 4249 -1 4223 4247 4224 -1 4225 4209 4224 -1 4227 4226 4249 -1 4230 4197 4250 -1 4201 4229 4246 -1 4246 4229 4243 -1 4154 4250 4197 -1 4229 4181 4243 -1 4237 4198 4228 -1 4199 4198 4237 -1 4239 4238 4251 -1 4213 4231 4233 -1 4231 4215 4235 -1 4233 4241 4232 -1 4241 4233 4231 -1 4252 4212 4253 -1 4154 4252 4250 -1 4212 4252 4154 -1 4212 4239 4253 -1 4248 4254 4247 -1 4248 4245 4255 -1 4255 4254 4248 -1 4225 4228 4176 -1 4245 4244 4256 -1 4256 4255 4245 -1 4256 4244 4249 -1 4248 4222 4246 -1 4248 4246 4243 -1 4245 4248 4243 -1 4249 4226 4257 -1 4226 4230 4257 -1 4203 4237 4258 -1 4259 4203 4258 -1 4240 4203 4259 -1 4251 4253 4239 -1 4231 4236 4241 -1 4236 4231 4235 -1 4247 4260 4261 -1 4224 4247 4261 -1 4224 4261 4262 -1 4225 4224 4262 -1 4257 4230 4263 -1 4247 4254 4260 -1 4253 4264 4252 -1 4230 4250 4263 -1 4228 4258 4237 -1 4259 4258 4265 -1 4238 4240 4259 -1 4264 4253 4251 -1 4251 4238 4259 -1 4256 4249 4266 -1 4225 4262 4267 -1 4228 4225 4267 -1 4257 4266 4249 -1 4267 4268 4228 -1 4254 4255 4269 -1 4254 4269 4260 -1 4255 4256 4270 -1 4263 4250 4271 -1 4250 4272 4271 -1 4264 4272 4250 -1 4252 4264 4250 -1 4258 4228 4268 -1 4258 4268 4265 -1 4251 4273 4264 -1 4251 4259 4273 -1 4274 4257 4275 -1 4276 4261 4277 -1 4262 4261 4276 -1 4263 4275 4257 -1 4270 4256 4266 -1 4261 4260 4277 -1 4266 4257 4274 -1 4278 4265 4268 -1 4259 4265 4278 -1 4273 4259 4279 -1 4272 4264 4273 -1 4280 4275 4263 -1 4281 4262 4276 -1 4267 4262 4281 -1 4263 4271 4280 -1 4267 4281 4268 -1 4282 4268 4281 -1 4271 4272 4280 -1 4278 4268 4282 -1 4269 4277 4260 -1 4269 4255 4270 -1 4279 4259 4278 -1 4273 4279 4283 -1 4273 4283 4272 -1 4284 4272 4283 -1 4279 4278 4285 -1 4270 4266 4286 -1 4286 4266 4274 -1 4283 4279 4285 -1 4280 4272 4284 -1 4269 4270 4286 -1 4287 4286 4288 -1 4287 4289 4286 -1 4283 4285 4290 -1 4269 4289 4277 -1 4284 4283 4290 -1 4288 4286 4274 -1 4276 4277 4289 -1 4275 4291 4274 -1 4275 4280 4291 -1 4269 4286 4289 -1 4274 4291 4288 -1 4291 4280 4292 -1 4293 4281 4276 -1 4280 4284 4292 -1 4282 4281 4293 -1 4293 4294 4282 -1 4278 4282 4294 -1 4285 4278 4294 -1 4292 4284 4295 -1 4296 4289 4287 -1 4287 4288 4297 -1 4289 4296 4276 -1 4298 4294 4293 -1 4291 4297 4288 -1 4297 4292 4295 -1 4284 4290 4295 -1 4291 4292 4297 -1 4290 4285 4294 -1 4298 4276 4296 -1 4293 4276 4298 -1 4296 4299 4298 -1 4297 4299 4287 -1 4296 4287 4299 -1 4295 4290 4300 -1 4298 4299 4300 -1 4300 4290 4294 -1 4298 4300 4294 -1 4299 4297 4295 -1 4299 4295 4300 -1 222 227 4301 -1 4302 227 4303 -1 226 4304 227 -1 236 4305 226 -1 4304 226 4305 -1 4303 227 4304 -1 4303 4304 4306 -1 4306 4304 4305 -1 4302 4303 4307 -1 4306 4307 4303 -1 4308 4309 4310 -1 4311 4312 4313 -1 4314 4315 4316 -1 4317 4315 4314 -1 4318 4313 4319 -1 4307 4320 4321 -1 4322 4313 4318 -1 4323 4313 4322 -1 4314 4316 4324 -1 4323 4325 4326 -1 4307 4327 4320 -1 4315 4317 4328 -1 4323 4322 4325 -1 4316 4329 4324 -1 4330 4314 4324 -1 4324 4331 4330 -1 4329 4332 4333 -1 236 431 4334 -1 4335 4336 4332 -1 4334 431 430 -1 4315 4337 4338 -1 4316 4338 2911 -1 4316 4315 4338 -1 2911 4329 4316 -1 430 446 4334 -1 4339 4334 446 -1 4338 4337 4340 -1 4334 4339 236 -1 4341 236 4339 -1 4332 4329 4342 -1 4332 4342 2853 -1 4335 4332 2853 -1 2853 4343 4335 -1 4339 446 4344 -1 4343 2853 4345 -1 2853 4346 4345 -1 4347 448 512 -1 4348 4336 4349 -1 512 4350 4347 -1 4350 512 4351 -1 4349 4336 4335 -1 4341 4339 4352 -1 4349 4335 4343 -1 4344 4352 4339 -1 4352 4344 4353 -1 4349 4354 4348 -1 4355 4356 4357 -1 4354 4349 4343 -1 4341 4358 4305 -1 4359 4355 4357 -1 4360 4355 4359 -1 4361 4348 4354 -1 4362 4361 4354 -1 539 4363 4364 -1 540 4363 539 -1 4364 4363 4365 -1 4366 4363 540 -1 4366 540 543 -1 4354 4343 4345 -1 4363 4366 4367 -1 4363 4368 4365 -1 4327 4358 4369 -1 4365 4368 4370 -1 4354 4345 4371 -1 4369 4372 4327 -1 4368 2949 3000 -1 4369 4358 4373 -1 4370 4368 3000 -1 2946 3000 2949 -1 4368 4363 4367 -1 4358 4341 4373 -1 4373 4341 4352 -1 2949 4368 4367 -1 4371 4345 4346 -1 4346 2777 4371 -1 4367 2947 2949 -1 4367 4374 2947 -1 4371 4362 4354 -1 4352 4375 4373 -1 4371 4376 4362 -1 446 448 4347 -1 4347 4377 446 -1 2773 4346 2853 -1 2773 2654 4346 -1 446 4353 4344 -1 4378 543 587 -1 4366 543 4378 -1 4353 446 4377 -1 4367 4366 4379 -1 4379 4366 4378 -1 4301 582 222 -1 4350 4380 4347 -1 587 582 4301 -1 4301 4381 587 -1 4378 587 4381 -1 4377 4347 4380 -1 4301 227 4381 -1 4302 4381 227 -1 4378 4381 4302 -1 4378 4302 4379 -1 4382 4353 4377 -1 4383 4353 4382 -1 4384 497 602 -1 512 497 4384 -1 4384 4351 512 -1 4352 4353 4383 -1 4375 4352 4383 -1 602 4385 4384 -1 4351 4384 4385 -1 4386 4351 4385 -1 2654 2777 4346 -1 236 4341 4305 -1 4387 606 609 -1 4307 4321 4302 -1 4350 4351 4388 -1 4389 609 618 -1 618 619 4356 -1 4350 4388 4380 -1 4355 618 4356 -1 2777 2779 4371 -1 4389 618 4355 -1 4306 4305 4358 -1 602 606 4387 -1 4385 602 4387 -1 4387 4389 4385 -1 4389 4387 609 -1 4377 4390 4382 -1 4390 4391 4382 -1 4377 4380 4388 -1 4388 4390 4377 -1 4389 4392 4385 -1 4386 4385 4392 -1 4307 4306 4358 -1 4355 4360 4389 -1 4388 4351 4386 -1 4393 4388 4386 -1 4358 4327 4307 -1 4392 4389 4360 -1 4360 4394 4392 -1 4312 4360 4359 -1 4394 4360 4312 -1 4374 4367 4379 -1 4379 4395 4374 -1 4390 4388 4393 -1 4395 4379 4396 -1 4379 4302 4321 -1 4396 4379 4321 -1 4396 4321 4320 -1 4392 4311 4386 -1 4311 4393 4386 -1 4397 4390 4393 -1 4311 4392 4394 -1 4311 4394 4312 -1 4323 4393 4311 -1 4326 4393 4323 -1 4397 4393 4326 -1 4323 4311 4313 -1 4398 4399 4400 -1 4401 4402 4403 -1 4404 4319 4313 -1 4403 4405 4401 -1 4400 4406 4407 -1 4408 4401 4405 -1 4409 4401 4408 -1 4410 4400 4407 -1 4403 4402 2826 -1 2806 2853 4342 -1 4322 4411 4325 -1 4411 4322 4318 -1 4398 4400 4410 -1 4403 2826 2837 -1 4412 4336 4348 -1 4405 4403 2837 -1 4413 4399 4398 -1 4413 4414 4415 -1 4405 2837 4408 -1 4416 4348 4361 -1 4417 4325 4418 -1 4418 4419 4417 -1 4413 4398 4420 -1 4416 4361 4421 -1 4413 4420 4414 -1 4420 4398 4422 -1 4422 4398 4410 -1 4419 4418 4423 -1 4424 4419 4423 -1 4325 4411 4418 -1 4425 4361 4362 -1 4421 4361 4425 -1 4421 4425 4426 -1 4308 4310 4414 -1 4356 619 741 -1 4423 4418 4427 -1 4426 4425 4428 -1 4428 4425 4362 -1 4428 4362 4376 -1 4429 4430 4407 -1 4430 4410 4407 -1 4431 4432 4319 -1 4422 4410 4412 -1 4412 4433 4422 -1 4432 4318 4319 -1 4411 4318 4432 -1 4333 4336 4430 -1 4410 4430 4412 -1 4336 4412 4430 -1 4431 4434 4432 -1 4434 4435 4432 -1 4436 4432 4437 -1 4420 4422 4433 -1 4437 4432 4435 -1 4412 4438 4433 -1 4411 4432 4436 -1 4375 4369 4373 -1 4439 4409 4408 -1 4308 4414 4420 -1 4408 4440 4439 -1 4375 4441 4369 -1 4439 4442 4443 -1 4442 4439 4440 -1 4308 4420 4433 -1 4375 4383 4444 -1 4445 4308 4433 -1 4411 4427 4418 -1 4408 2840 4440 -1 2837 2840 4408 -1 4427 4411 4436 -1 4438 4412 4348 -1 4446 4375 4444 -1 4441 4375 4446 -1 4445 4433 4447 -1 4444 4383 4382 -1 4444 4382 4448 -1 4448 4449 4444 -1 4437 4450 4436 -1 4451 766 781 -1 764 766 4451 -1 4452 4453 4454 -1 4446 4444 4449 -1 4372 4455 4327 -1 4440 2840 2865 -1 4427 4436 4450 -1 4450 4456 4427 -1 781 780 4457 -1 4458 4327 4455 -1 4459 4460 4461 -1 4458 4455 4462 -1 4457 780 785 -1 4463 4464 4461 -1 4463 4465 4464 -1 4466 4452 4454 -1 4372 4369 4441 -1 4372 4467 4455 -1 4415 4468 4454 -1 4441 4467 4372 -1 4469 4423 4427 -1 4468 4466 4454 -1 4356 741 786 -1 4441 4470 4467 -1 761 4471 786 -1 4471 761 764 -1 4467 4472 4455 -1 4459 4466 4468 -1 4470 4472 4467 -1 4469 4427 4473 -1 4468 4460 4459 -1 4357 4356 786 -1 4357 786 4471 -1 4471 4474 4357 -1 4357 4475 4359 -1 4475 4357 4474 -1 4441 4446 4470 -1 4476 4469 4473 -1 4473 4477 4476 -1 4478 4476 4477 -1 4471 764 4451 -1 4451 4479 4471 -1 4474 4471 4479 -1 4376 4371 2779 -1 4475 4474 4480 -1 4473 4427 4456 -1 4477 4473 4456 -1 4468 4415 4481 -1 4376 2779 2878 -1 4312 4359 4313 -1 4468 4481 4460 -1 4313 4359 4404 -1 4382 4391 4448 -1 4475 4404 4359 -1 4482 4404 4475 -1 4399 4413 4477 -1 4461 4460 4463 -1 4448 4483 4449 -1 4484 4449 4483 -1 4483 4485 4484 -1 4454 4453 4478 -1 4480 4474 4479 -1 4486 4465 4463 -1 4480 4479 4487 -1 4479 4451 781 -1 4391 4488 4448 -1 4483 4448 4488 -1 4488 4489 4483 -1 4478 4477 4413 -1 781 4487 4479 -1 4463 4460 4490 -1 4483 4489 4485 -1 4490 4460 4481 -1 4491 4492 4487 -1 4486 4463 4490 -1 4480 4482 4475 -1 4478 4415 4454 -1 4391 4390 4397 -1 4490 4481 4493 -1 4488 4391 4397 -1 4404 4482 4431 -1 4413 4415 4478 -1 4404 4431 4319 -1 4488 4397 4417 -1 4417 4397 4326 -1 4488 4494 4489 -1 4494 4488 4495 -1 4482 4480 4487 -1 4482 4487 4492 -1 4495 4488 4417 -1 4496 4434 4497 -1 4431 4482 4492 -1 4492 4498 4431 -1 4486 4490 4499 -1 4500 4486 4499 -1 4434 4496 4435 -1 4325 4417 4326 -1 4431 4498 4434 -1 4435 4501 4437 -1 4502 4503 4500 -1 4495 4504 4494 -1 4502 4500 4499 -1 4496 4497 4505 -1 4495 4419 4504 -1 4419 4495 4417 -1 777 4506 785 -1 4502 4507 4503 -1 4446 4449 4484 -1 4503 4507 4508 -1 4509 4446 4484 -1 4510 4496 4505 -1 4507 4511 4508 -1 4512 4509 4484 -1 4496 4510 4435 -1 4509 4512 4513 -1 4512 4514 4513 -1 4481 4415 4310 -1 4515 4481 4310 -1 4310 4415 4414 -1 4512 4484 4485 -1 4512 4485 4516 -1 4515 4310 4309 -1 4517 4510 4518 -1 4485 4489 4494 -1 4494 4516 4485 -1 4481 4515 4493 -1 4501 4450 4437 -1 785 4519 4457 -1 4487 4457 4519 -1 4506 4520 785 -1 4435 4510 4501 -1 4514 4512 4516 -1 777 789 4506 -1 4520 4506 789 -1 4521 4514 4516 -1 4519 785 4520 -1 4520 4522 4519 -1 4501 4406 4450 -1 4522 4520 4523 -1 4524 4516 4494 -1 4504 4524 4494 -1 4510 4517 4501 -1 4525 4526 4527 -1 789 788 4528 -1 4520 789 4523 -1 4529 4530 4525 -1 4406 4501 4517 -1 4523 789 4528 -1 4407 4406 4517 -1 4419 4424 4504 -1 4309 4531 4515 -1 4532 4526 4525 -1 4525 4533 4532 -1 4534 4515 4531 -1 4535 4523 4528 -1 4407 4517 4429 -1 4523 4535 4536 -1 4537 4523 4536 -1 4490 4493 4538 -1 4487 781 4457 -1 4505 4330 4510 -1 4491 4487 4519 -1 4539 4530 4540 -1 4530 4539 4541 -1 4533 4525 4530 -1 4518 4510 4330 -1 4499 4490 4538 -1 4491 4519 4542 -1 4533 4530 4541 -1 4541 4543 4533 -1 4542 4519 4522 -1 4522 4544 4542 -1 4314 4330 4505 -1 4493 4515 4534 -1 4534 4538 4493 -1 4542 4544 4545 -1 4491 4498 4492 -1 4538 4534 4546 -1 4497 4498 4491 -1 4499 4538 4546 -1 4434 4498 4497 -1 4547 4499 4546 -1 4542 4545 4491 -1 4497 4491 4545 -1 4548 4533 4543 -1 4548 4543 4549 -1 4517 4518 4429 -1 4549 4550 4548 -1 4308 4531 4309 -1 4497 4545 4505 -1 4544 4522 4523 -1 4308 4445 4531 -1 4551 4552 4550 -1 4531 4553 4534 -1 4544 4523 4537 -1 4518 4331 4429 -1 4531 4445 4553 -1 4518 4330 4331 -1 4544 4554 4545 -1 4534 4553 4555 -1 4556 4554 4544 -1 4430 4429 4331 -1 4331 4333 4430 -1 4557 4539 4426 -1 4541 4539 4558 -1 4537 4536 4559 -1 4557 4426 4428 -1 4544 4537 4556 -1 4559 4536 4560 -1 2902 4559 4560 -1 4445 4447 4526 -1 4558 4539 4557 -1 4445 4526 4553 -1 4450 4406 4456 -1 4554 4556 4561 -1 4406 4400 4456 -1 4526 4532 4553 -1 4541 4549 4543 -1 4545 4554 4562 -1 4559 2902 2905 -1 4399 4477 4456 -1 4558 4549 4541 -1 4399 4456 4400 -1 4534 4563 4546 -1 4557 4428 4376 -1 4563 4534 4555 -1 4317 4545 4562 -1 4505 4545 4317 -1 4558 4557 4564 -1 4314 4505 4317 -1 4547 4546 4563 -1 4561 4562 4554 -1 4555 4553 4532 -1 4559 4565 4537 -1 4556 4537 4565 -1 4566 4563 4555 -1 4565 4559 2909 -1 4556 4565 4561 -1 4532 4566 4555 -1 4328 4561 4565 -1 4532 4533 4566 -1 4548 4566 4533 -1 4337 4565 4567 -1 4565 2909 4567 -1 4558 4568 4549 -1 4549 4568 4550 -1 4562 4561 4328 -1 4328 4565 4337 -1 4328 4337 4315 -1 4333 4331 4324 -1 4317 4562 4328 -1 4569 4550 4568 -1 4551 4550 4569 -1 4570 4551 4569 -1 4340 4337 4567 -1 4568 4558 4402 -1 2905 2909 4559 -1 4336 4333 4332 -1 4402 4401 4568 -1 4333 4324 4329 -1 4569 4568 4401 -1 4567 2909 2871 -1 539 4364 799 -1 4571 799 4364 -1 4365 4571 4364 -1 2871 2888 4567 -1 4571 4365 4572 -1 2911 2807 4329 -1 4401 4409 4569 -1 4570 4569 4409 -1 4342 4329 2807 -1 2807 2806 4342 -1 4365 4370 2999 -1 4370 3000 2999 -1 4365 2999 4572 -1 2888 4340 4567 -1 2888 4338 4340 -1 4573 4551 4570 -1 4574 4551 4573 -1 4575 4574 4573 -1 2888 2892 4338 -1 2911 4338 2892 -1 4573 4443 4575 -1 4573 4570 4439 -1 4439 4570 4409 -1 4439 4443 4573 -1 4557 4376 2878 -1 2878 4564 4557 -1 2878 2895 4564 -1 2895 2817 4564 -1 4395 4576 4374 -1 4402 4558 4564 -1 4402 4564 2817 -1 4396 4576 4395 -1 4396 4577 4576 -1 3007 2947 4374 -1 2817 2826 4402 -1 3007 4374 3012 -1 3012 4374 4576 -1 3012 4576 4578 -1 3014 3012 4578 -1 4577 4396 4320 -1 4320 4579 4577 -1 4320 4458 4579 -1 4458 4320 4327 -1 4579 4580 4577 -1 4578 4576 4577 -1 4577 4580 4578 -1 4458 4580 4579 -1 4527 4447 4416 -1 4581 4582 4583 -1 4527 4416 4421 -1 4584 4585 4586 -1 4416 4438 4348 -1 4421 4529 4527 -1 799 4571 820 -1 4585 4584 4587 -1 4433 4438 4447 -1 820 4572 3046 -1 4571 4572 820 -1 4588 4442 4589 -1 4590 4591 4587 -1 4582 4592 4583 -1 4572 2999 3046 -1 4591 4585 4587 -1 4447 4438 4416 -1 4587 4588 4589 -1 4527 4529 4525 -1 4589 4442 4440 -1 4526 4447 4527 -1 4529 4540 4530 -1 4540 4529 4421 -1 4589 4440 2865 -1 4540 4421 4426 -1 4586 4593 4594 -1 4426 4539 4540 -1 4595 4566 4548 -1 4596 4597 4452 -1 4595 4548 4552 -1 4598 4595 4552 -1 4550 4552 4548 -1 4586 4599 4593 -1 4600 4601 4602 -1 4603 4595 4598 -1 4604 4596 4605 -1 4606 4595 4603 -1 2928 4589 2865 -1 4605 4596 4607 -1 4608 4609 4610 -1 4607 4596 4466 -1 4590 4589 2928 -1 4466 4459 4607 -1 4610 4609 4611 -1 4600 4602 4612 -1 4611 4609 4613 -1 4603 4614 4615 -1 4596 4452 4466 -1 4574 4598 4552 -1 4603 4598 4574 -1 4585 4599 4586 -1 4551 4574 4552 -1 4616 4603 4574 -1 4614 4603 4616 -1 4458 4617 4580 -1 4574 4575 4616 -1 4462 4617 4458 -1 4582 4600 4618 -1 4424 4619 4620 -1 4611 4613 4621 -1 4622 4580 4617 -1 4620 4623 4624 -1 4623 4625 4624 -1 4623 4620 4619 -1 4622 4617 4626 -1 4619 4424 4423 -1 4627 4611 4621 -1 4580 4622 4578 -1 4628 4615 4614 -1 4578 4622 4629 -1 4630 4605 4607 -1 4631 4632 4605 -1 4630 4631 4605 -1 4623 4619 4476 -1 4633 4634 4635 -1 4614 4636 4628 -1 4637 4628 4636 -1 4619 4423 4469 -1 4469 4476 4619 -1 4616 4636 4614 -1 4638 4639 4621 -1 4640 4638 4641 -1 4459 4461 4607 -1 4616 4642 4636 -1 4635 4621 4639 -1 4464 4630 4607 -1 4631 4630 4464 -1 4643 4462 4455 -1 4464 4607 4461 -1 4634 4633 4644 -1 4636 4642 4645 -1 4646 4625 4623 -1 4465 4631 4464 -1 4643 4455 4472 -1 4640 4647 4648 -1 826 2933 4649 -1 4650 4649 4651 -1 4651 4649 2933 -1 4652 4648 4653 -1 4616 4575 4654 -1 4528 788 791 -1 4651 2933 2936 -1 4626 4617 4655 -1 4597 4625 4646 -1 4642 4616 4654 -1 4653 4648 4656 -1 4597 4646 4453 -1 4654 4575 4443 -1 4653 4656 4657 -1 4658 4465 4486 -1 4617 4462 4643 -1 4655 4617 4643 -1 4659 4592 4660 -1 4658 4486 4500 -1 4623 4476 4646 -1 4661 4656 4662 -1 4663 4631 4465 -1 4646 4476 4478 -1 4663 4465 4658 -1 4664 4622 4626 -1 4662 4665 4661 -1 4664 4626 4655 -1 4453 4646 4478 -1 4654 4666 4642 -1 4650 4651 2936 -1 4650 2936 4560 -1 4643 4667 4655 -1 4452 4597 4453 -1 4535 4650 4536 -1 4536 4650 4560 -1 4660 4592 4668 -1 4654 4443 4442 -1 4643 4472 4669 -1 4560 2936 2903 -1 2903 2902 4560 -1 4670 4671 4672 -1 4673 4674 4675 -1 791 4649 4528 -1 4592 4582 4668 -1 4655 4667 4676 -1 4677 4672 4671 -1 4675 4678 4673 -1 4679 4678 4675 -1 4509 4470 4446 -1 4472 4470 4509 -1 4613 4673 4678 -1 4654 4442 4588 -1 826 4649 791 -1 4677 4671 4680 -1 4613 4678 4641 -1 4621 4613 4641 -1 4669 4472 4509 -1 4669 4509 4513 -1 4680 4681 4677 -1 4679 4682 4683 -1 4681 4684 4685 -1 4679 4683 4678 -1 4668 4582 4618 -1 4621 4641 4638 -1 4683 4641 4678 -1 4667 4643 4669 -1 3014 4629 3092 -1 4686 4687 4688 -1 4578 4629 3014 -1 4667 4669 4689 -1 4602 4669 4690 -1 4689 4669 4602 -1 4503 4658 4500 -1 4680 4671 4637 -1 4691 3092 4629 -1 4692 4658 4503 -1 4682 4658 4692 -1 3093 3092 4691 -1 4645 4637 4636 -1 4645 4680 4637 -1 4535 4528 4649 -1 4513 4690 4669 -1 4690 4513 4514 -1 4535 4649 4650 -1 4692 4503 4508 -1 4689 4602 4601 -1 4692 4683 4682 -1 4690 4693 4602 -1 4680 4694 4681 -1 4694 4695 4681 -1 4696 3093 4691 -1 4612 4602 4693 -1 4647 4683 4692 -1 4647 4692 4508 -1 4647 4641 4683 -1 4640 4641 4647 -1 4666 4645 4642 -1 4697 4514 4521 -1 4694 4680 4645 -1 4514 4693 4690 -1 4647 4508 4511 -1 4698 4645 4666 -1 4694 4645 4698 -1 4695 4694 4698 -1 4698 4699 4695 -1 4648 4647 4511 -1 4612 4693 4700 -1 4648 4511 4701 -1 4668 4702 4660 -1 4703 4704 4705 -1 4693 4514 4697 -1 4547 4706 4499 -1 4697 4700 4693 -1 4697 4707 4700 -1 4708 4705 4704 -1 4703 4705 4709 -1 3038 3093 4696 -1 4710 4705 4708 -1 4711 4710 4708 -1 4710 4711 4712 -1 4705 4713 4709 -1 4524 4521 4516 -1 4499 4706 4502 -1 4524 4624 4521 -1 4714 4698 4666 -1 4706 4715 4502 -1 4547 4715 4706 -1 4424 4620 4504 -1 4698 4711 4699 -1 4504 4620 4524 -1 4620 4624 4524 -1 4507 4502 4715 -1 4711 4698 4714 -1 4654 4714 4666 -1 4714 4654 4588 -1 4521 4716 4697 -1 4707 4697 4716 -1 4716 4521 4624 -1 4588 4584 4714 -1 4716 4717 4707 -1 4718 4707 4717 -1 4507 4715 4719 -1 4719 4715 4720 -1 4720 4715 4547 -1 4716 4721 4717 -1 4722 4714 4584 -1 4507 4701 4511 -1 4721 4716 4625 -1 4507 4719 4701 -1 4624 4625 4716 -1 4719 4723 4701 -1 4662 4656 4701 -1 4724 4705 4710 -1 4713 4705 4724 -1 4701 4656 4648 -1 4662 4701 4723 -1 4717 4721 4597 -1 4724 4710 4712 -1 4597 4721 4625 -1 4696 4691 4725 -1 4719 4726 4723 -1 4594 4593 4712 -1 4727 3038 4696 -1 4662 4723 4728 -1 4729 4703 4709 -1 3039 3038 4727 -1 4728 4723 4726 -1 4728 4665 4662 -1 4727 3096 3039 -1 4709 4713 4730 -1 4729 4709 4730 -1 4729 4730 4731 -1 4563 4732 4547 -1 4730 4713 4724 -1 4720 4547 4732 -1 4659 4727 4592 -1 4732 4733 4720 -1 4720 4733 4719 -1 4726 4719 4733 -1 4731 4734 4735 -1 4730 4734 4731 -1 4724 4736 4730 -1 4736 4724 4712 -1 4734 4730 4736 -1 4566 4595 4563 -1 4732 4563 4595 -1 4736 4712 4593 -1 4606 4732 4595 -1 4735 4734 4737 -1 4702 4738 4660 -1 4584 4588 4587 -1 4733 4732 4606 -1 4615 4733 4606 -1 4615 4606 4603 -1 4587 4589 4590 -1 4733 4615 4726 -1 4615 4670 4726 -1 4718 4700 4707 -1 4665 4728 4670 -1 4665 4670 4672 -1 4726 4670 4728 -1 4618 4739 4740 -1 4668 4618 4740 -1 4628 4670 4615 -1 4670 4628 4671 -1 4702 4668 4740 -1 4628 4637 4671 -1 4740 4739 4741 -1 4740 4742 4702 -1 4742 4740 4743 -1 4743 4744 4742 -1 4743 4740 4741 -1 4745 4746 4718 -1 4745 4747 4746 -1 4745 4718 4717 -1 4748 4717 4597 -1 4745 4717 4748 -1 4597 4596 4748 -1 4748 4596 4745 -1 4604 4745 4596 -1 4746 4747 4741 -1 4604 4747 4745 -1 4749 4750 4747 -1 4632 4750 4749 -1 4738 4702 4742 -1 4742 4751 4738 -1 4752 4674 4673 -1 4673 4613 4752 -1 4609 4752 4613 -1 4753 4611 4627 -1 4634 4753 4627 -1 4657 4656 4661 -1 4634 4627 4635 -1 4754 4664 4655 -1 4755 4756 4657 -1 4644 4753 4634 -1 4752 4757 4758 -1 4755 4657 4661 -1 4635 4627 4621 -1 4755 4661 4759 -1 4725 4754 4760 -1 4761 4756 4755 -1 4752 4758 4674 -1 4762 4761 4755 -1 4754 4725 4691 -1 4639 4638 4640 -1 4691 4629 4664 -1 4762 4755 4759 -1 4762 4759 4763 -1 4660 3143 4659 -1 4633 4635 4764 -1 4759 4661 4765 -1 4765 4661 4665 -1 4665 4766 4765 -1 4764 4635 4639 -1 4738 3143 4660 -1 4696 4725 4583 -1 4754 4655 4676 -1 4760 4754 4676 -1 4752 4767 4757 -1 4664 4629 4622 -1 3142 3143 4738 -1 4633 4768 4644 -1 4763 4759 4765 -1 4766 4769 4765 -1 4770 3142 4738 -1 4760 4676 4581 -1 3137 3142 4770 -1 4583 4725 4760 -1 4771 4772 4768 -1 4763 4765 4769 -1 4691 4664 4754 -1 4763 4773 4762 -1 3139 3137 4770 -1 3255 4772 4774 -1 4775 4772 4771 -1 4775 4774 4772 -1 4771 4768 4633 -1 4583 4760 4581 -1 4776 4777 4778 -1 4770 4779 3139 -1 4767 4752 4609 -1 4780 4781 4782 -1 4703 4782 4704 -1 4608 4767 4609 -1 4783 4778 4777 -1 4782 4703 4780 -1 4764 4784 4633 -1 4771 4633 4784 -1 4779 4770 4751 -1 4785 4780 4703 -1 4729 4785 4703 -1 4583 4592 4696 -1 4663 4786 4631 -1 4696 4592 4727 -1 4769 4787 4763 -1 4773 4763 4787 -1 4784 4764 4788 -1 4788 4789 4784 -1 4776 4773 4787 -1 4783 4777 4790 -1 4785 4729 4791 -1 4776 4687 4777 -1 3171 3139 4779 -1 4687 4776 4787 -1 4784 4792 4771 -1 4689 4676 4667 -1 4790 4777 4686 -1 4727 4659 3096 -1 4792 4775 4771 -1 4791 4731 4793 -1 4729 4731 4791 -1 4794 4786 4663 -1 4766 4665 4672 -1 4784 4789 4792 -1 4735 4793 4731 -1 4795 4793 4735 -1 4581 4676 4689 -1 4766 4672 4677 -1 4601 4581 4689 -1 4582 4581 4601 -1 4735 4737 4795 -1 4685 4787 4769 -1 4674 4794 4796 -1 4797 4640 4652 -1 4769 4766 4677 -1 4652 4640 4648 -1 4796 4794 4663 -1 4685 4769 4677 -1 4639 4640 4797 -1 4764 4639 4797 -1 4797 4788 4764 -1 4798 4799 4797 -1 4788 4797 4799 -1 3171 4779 4800 -1 4582 4601 4600 -1 4800 4779 4751 -1 4652 4798 4797 -1 4685 4677 4681 -1 4584 4586 4722 -1 4594 4722 4586 -1 4787 4801 4687 -1 4756 4652 4653 -1 4761 4652 4756 -1 4657 4756 4653 -1 4687 4686 4777 -1 4798 4652 4761 -1 4659 3094 3096 -1 4663 4682 4796 -1 4687 4801 4688 -1 4612 4802 4600 -1 4618 4600 4802 -1 3094 4659 3143 -1 4685 4801 4787 -1 4685 4684 4801 -1 4802 4739 4618 -1 4682 4663 4658 -1 4802 4612 4803 -1 4803 4739 4802 -1 3166 3201 4804 -1 4805 4806 4789 -1 3202 3166 4804 -1 4675 4674 4796 -1 4700 4803 4612 -1 4778 4806 4807 -1 4806 4778 4783 -1 4688 4801 4684 -1 4679 4796 4682 -1 4688 4808 4686 -1 4675 4796 4679 -1 4718 4803 4700 -1 3202 4804 4809 -1 4809 4804 4810 -1 4811 4809 4810 -1 4739 4803 4746 -1 4783 4790 4812 -1 3202 4809 3205 -1 4812 4790 4813 -1 4746 4741 4739 -1 3207 4809 4811 -1 4803 4718 4746 -1 4813 4790 4814 -1 3205 4809 3207 -1 4815 4814 4816 -1 4813 4814 4815 -1 4808 4790 4686 -1 4814 4790 4808 -1 3207 4811 3209 -1 4814 4808 4817 -1 4817 4816 4814 -1 4817 4808 4688 -1 4817 4688 4782 -1 4781 4817 4782 -1 4782 4688 4704 -1 4695 4684 4681 -1 4810 4767 4608 -1 4811 4810 4610 -1 4810 4608 4610 -1 4699 4708 4695 -1 4695 4708 4684 -1 4811 4610 4753 -1 4684 4704 4688 -1 4743 4741 4750 -1 4750 4741 4747 -1 4684 4708 4704 -1 4818 4811 4753 -1 3209 4811 4818 -1 4818 4753 4644 -1 4753 4610 4611 -1 4699 4711 4708 -1 4747 4604 4749 -1 4605 4749 4604 -1 4632 4749 4605 -1 3214 3209 4818 -1 4631 4786 4632 -1 4818 3215 3214 -1 4644 4819 4818 -1 4770 4738 4751 -1 4711 4714 4722 -1 4768 4819 4644 -1 4820 4819 4768 -1 4768 4772 4820 -1 4712 4711 4594 -1 4594 4711 4722 -1 4800 4751 4821 -1 4751 4742 4744 -1 4744 4821 4751 -1 4821 4744 4822 -1 4758 4821 4822 -1 3189 3171 4800 -1 3189 4800 4823 -1 4821 4757 4800 -1 4757 4823 4800 -1 3201 3189 4823 -1 3201 4823 4824 -1 4757 4824 4823 -1 4757 4821 4758 -1 3201 4824 4804 -1 4767 4824 4757 -1 4804 4824 4767 -1 4767 4810 4804 -1 4822 4744 4743 -1 4743 4825 4822 -1 4743 4750 4825 -1 4825 4750 4632 -1 4825 4632 4786 -1 4786 4794 4825 -1 4825 4758 4822 -1 4758 4825 4794 -1 4794 4674 4758 -1 4826 4827 4828 -1 4829 4780 4830 -1 4781 4780 4829 -1 4827 4826 4831 -1 4830 4785 4832 -1 4780 4785 4830 -1 4833 4832 4785 -1 4833 4791 4834 -1 4785 4791 4833 -1 4831 4806 4835 -1 4836 4791 4793 -1 4793 4795 4836 -1 4835 4837 4838 -1 4831 4835 4838 -1 4775 4792 4839 -1 4840 4762 4841 -1 4839 4792 4828 -1 4826 4792 4789 -1 4773 4776 4841 -1 4841 4776 4778 -1 4773 4841 4762 -1 4792 4826 4828 -1 4837 4835 4783 -1 4837 4783 4812 -1 4813 4837 4812 -1 4842 4799 4798 -1 4837 4813 4843 -1 4813 4815 4843 -1 4762 4798 4761 -1 4840 4798 4762 -1 4817 4844 4816 -1 4844 4781 4845 -1 4817 4781 4844 -1 4845 4781 4829 -1 4799 4805 4788 -1 4789 4788 4805 -1 4818 4820 3215 -1 4820 4818 4819 -1 3221 3215 4820 -1 4806 4826 4789 -1 3255 3221 4820 -1 4831 4826 4806 -1 4842 4798 4840 -1 3255 4820 4772 -1 3223 3255 4774 -1 4799 4842 4805 -1 4840 4807 4842 -1 4807 4840 4841 -1 4778 4807 4841 -1 4806 4805 4842 -1 4806 4842 4807 -1 4835 4806 4783 -1 4846 3223 4774 -1 4837 4843 4847 -1 4848 4839 4849 -1 4843 4815 4850 -1 4849 4839 4828 -1 4815 4816 4850 -1 4850 4816 4851 -1 4816 4844 4851 -1 4845 4851 4844 -1 4831 4838 4852 -1 4838 4837 4847 -1 4852 4838 4847 -1 4834 4791 4853 -1 4791 4836 4853 -1 4839 4774 4775 -1 4846 4774 4839 -1 4854 4847 4855 -1 4847 4843 4855 -1 4846 4839 4848 -1 4846 4848 3316 -1 4843 4850 4855 -1 4855 4850 4856 -1 4857 4856 4850 -1 4851 4857 4850 -1 4827 4831 4852 -1 4845 4829 4858 -1 4829 4830 4858 -1 4854 4852 4847 -1 4859 4858 4830 -1 4830 4832 4859 -1 4833 4859 4832 -1 4859 4833 4860 -1 4853 4861 4834 -1 4833 4834 4861 -1 3275 3223 4846 -1 4827 4852 4862 -1 4862 4863 4827 -1 4864 4862 4852 -1 4852 4854 4864 -1 4865 4855 4856 -1 4856 4857 4866 -1 4857 4851 4867 -1 4867 4866 4857 -1 4851 4845 4867 -1 3316 3275 4846 -1 4845 4858 4867 -1 4858 4859 4860 -1 4860 4833 4868 -1 4861 4868 4833 -1 4849 4828 4869 -1 4828 4827 4863 -1 4863 4862 4870 -1 4871 3316 4848 -1 4848 4849 4871 -1 4849 4869 4871 -1 4869 4828 4863 -1 4862 4864 4870 -1 4872 4864 4854 -1 4865 4872 4854 -1 4854 4855 4865 -1 4873 4856 4866 -1 4867 4858 4874 -1 4868 4861 4875 -1 4861 4853 4875 -1 4875 4853 4876 -1 4853 4836 4876 -1 4836 4795 4876 -1 4877 4876 4795 -1 4875 4876 4878 -1 4879 4878 4876 -1 4877 4879 4876 -1 3316 4871 3342 -1 4871 4869 4880 -1 4880 3342 4871 -1 4880 4863 4881 -1 4869 4863 4880 -1 4870 4881 4863 -1 4882 4864 4883 -1 4870 4864 4882 -1 4864 4872 4883 -1 4884 4872 4865 -1 4865 4856 4884 -1 4873 4866 4885 -1 4866 4867 4885 -1 4874 4885 4867 -1 4874 4858 4886 -1 4886 4860 4868 -1 4858 4860 4886 -1 4868 4875 4878 -1 4878 4879 4887 -1 3411 4880 4888 -1 3342 4880 3411 -1 4880 4881 4888 -1 4889 4888 4881 -1 4881 4870 4889 -1 4882 4889 4870 -1 4890 4889 4882 -1 4882 4883 4890 -1 4890 4883 4891 -1 4891 4872 4892 -1 4883 4872 4891 -1 4884 4892 4872 -1 4892 4884 4873 -1 4873 4884 4856 -1 4873 4885 4893 -1 4894 4893 4885 -1 4885 4874 4894 -1 4895 4894 4874 -1 4874 4886 4895 -1 4896 4895 4886 -1 4868 4896 4886 -1 4897 4896 4868 -1 4878 4897 4868 -1 4887 4897 4878 -1 4898 4899 4900 -1 4900 4899 4895 -1 4895 4896 4900 -1 4898 4900 4901 -1 4901 4900 4902 -1 4902 4900 4896 -1 4897 4902 4896 -1 4902 4903 4904 -1 4903 4902 4897 -1 4897 4887 4903 -1 4904 4903 4905 -1 4903 4887 4906 -1 4905 4903 4906 -1 4887 4879 4906 -1 3411 4888 3639 -1 3639 4888 4907 -1 4907 4889 4908 -1 4888 4889 4907 -1 4889 4909 4908 -1 4889 4890 4909 -1 4910 4909 4911 -1 4912 4911 4913 -1 4910 4911 4912 -1 4911 4909 4890 -1 4890 4891 4911 -1 4913 4911 4891 -1 4892 4913 4891 -1 4914 4913 4915 -1 4915 4913 4892 -1 4892 4873 4915 -1 4914 4915 4916 -1 4917 4916 4918 -1 4916 4915 4918 -1 4893 4915 4873 -1 4918 4915 4893 -1 4917 4918 4919 -1 4894 4918 4893 -1 4919 4899 4920 -1 4919 4918 4894 -1 4919 4894 4899 -1 4898 4920 4899 -1 4895 4899 4894 -1 4904 4921 4922 -1 4898 4901 4923 -1 4923 4901 4924 -1 4901 4902 4924 -1 4924 4902 4922 -1 4902 4904 4922 -1 3672 3639 4907 -1 4907 4908 4925 -1 4908 4909 4926 -1 4909 4910 4926 -1 4927 4916 4928 -1 4916 4917 4928 -1 4929 4928 4917 -1 4917 4919 4929 -1 4910 4912 4930 -1 4930 4912 4914 -1 4914 4912 4913 -1 4916 4927 4914 -1 4920 4931 4919 -1 4920 4898 4923 -1 3672 4907 4925 -1 4925 4908 4926 -1 4927 4928 4932 -1 4919 4931 4929 -1 4926 4910 4933 -1 4933 4910 4930 -1 4930 4914 4927 -1 4934 4922 4935 -1 4922 4921 4935 -1 4936 4923 4937 -1 4923 4924 4938 -1 4938 4937 4923 -1 4924 4922 4934 -1 3672 4925 3974 -1 4926 4939 4925 -1 4027 4926 4933 -1 4940 4927 4932 -1 4929 4931 4941 -1 4930 4940 4933 -1 4930 4927 4940 -1 4931 4920 4941 -1 4920 4936 4941 -1 4923 4936 4920 -1 4934 4935 4942 -1 4943 4937 4938 -1 4944 4938 4934 -1 4924 4934 4938 -1 4942 4944 4934 -1 4932 4928 4945 -1 4946 4945 4928 -1 4928 4929 4946 -1 4947 4946 4929 -1 4929 4941 4947 -1 4948 4947 4941 -1 4941 4936 4949 -1 4948 4941 4949 -1 4949 4936 4937 -1 4950 4949 4937 -1 4937 4943 4950 -1 4938 4944 4943 -1 4944 4942 4951 -1 4925 4939 3974 -1 4939 4926 4027 -1 4027 4933 4952 -1 4940 4952 4933 -1 4940 4932 4953 -1 4953 4945 4954 -1 4945 4953 4932 -1 4945 4946 4954 -1 4947 4948 4955 -1 4956 4955 4948 -1 4949 4956 4948 -1 4950 4956 4949 -1 4950 4943 4957 -1 4957 4943 4958 -1 4958 4944 4959 -1 4943 4944 4958 -1 4944 4951 4959 -1 3974 4939 4027 -1 4026 4027 4074 -1 4950 4957 4960 -1 4952 4074 4027 -1 4957 4958 4961 -1 4960 4957 4961 -1 4959 4951 4962 -1 4074 4952 4963 -1 4963 4952 4964 -1 4953 4964 4940 -1 4940 4964 4952 -1 4964 4953 4954 -1 4965 4954 4946 -1 4946 4966 4965 -1 4946 4947 4966 -1 4966 4947 4955 -1 4955 4956 4967 -1 4956 4950 4968 -1 4968 4950 4960 -1 4969 4962 4970 -1 4075 4074 4963 -1 4075 4963 4971 -1 4959 4961 4958 -1 4969 4961 4959 -1 4962 4969 4959 -1 4971 4963 4964 -1 4972 4971 4954 -1 4954 4971 4964 -1 4972 4954 4965 -1 4965 4966 4973 -1 4955 4973 4966 -1 4967 4973 4955 -1 4967 4956 4974 -1 4968 4974 4956 -1 4968 4975 4974 -1 4975 4960 4976 -1 4975 4968 4960 -1 4976 4960 4977 -1 4977 4960 4961 -1 4961 4969 4977 -1 4965 4978 4972 -1 4978 4965 4979 -1 4965 4973 4979 -1 4980 4979 4973 -1 4973 4967 4980 -1 4967 4974 4981 -1 4976 4977 4982 -1 4982 4977 4983 -1 4969 4983 4977 -1 4983 4969 4970 -1 4109 4984 4068 -1 4069 4068 4984 -1 4069 4985 4986 -1 4985 4069 4984 -1 4139 4987 4156 -1 4189 4987 4139 -1 4109 4156 4988 -1 4987 4189 4972 -1 4189 4971 4972 -1 4156 4987 4988 -1 4987 4972 4988 -1 4189 4146 4971 -1 4146 4075 4971 -1 4984 4109 4989 -1 4109 4988 4989 -1 4989 4988 4990 -1 4978 4990 4988 -1 4988 4972 4978 -1 4985 4984 4991 -1 4985 4991 4992 -1 4979 4980 4993 -1 4981 4980 4967 -1 4981 4974 4994 -1 4974 4975 4994 -1 4976 4995 4975 -1 4995 4976 4982 -1 4984 4989 4996 -1 4983 4970 4997 -1 4996 4990 4998 -1 4989 4990 4996 -1 4991 4984 4996 -1 4991 4999 4992 -1 4978 4998 4990 -1 4993 4998 4978 -1 4979 4993 4978 -1 4998 4991 4996 -1 5000 4999 4991 -1 4991 4998 5000 -1 4999 5000 5001 -1 5001 5000 5002 -1 5000 4998 5003 -1 5003 5002 5000 -1 5003 4993 5004 -1 4998 4993 5003 -1 4993 4980 5004 -1 5004 4980 5005 -1 4980 4981 5005 -1 4994 4995 5006 -1 4995 4994 4975 -1 4995 5007 5006 -1 4982 5007 4995 -1 5002 5008 5001 -1 5003 5009 5002 -1 5008 5002 5009 -1 5001 5008 5010 -1 5011 5012 5006 -1 5006 5007 5011 -1 4994 5005 4981 -1 5012 5005 4994 -1 5006 5012 4994 -1 5008 5009 5013 -1 5004 5009 5003 -1 5005 5009 5004 -1 5005 5013 5009 -1 5005 5012 5013 -1 5012 5011 5013 -1 5008 5013 5010 -1 5014 2617 2540 -1 5014 5015 5016 -1 5015 5014 2540 -1 5016 5017 5014 -1 5018 5014 5017 -1 5019 5017 5016 -1 5020 5019 5021 -1 5020 5021 5022 -1 5023 5024 5025 -1 5024 5026 5025 -1 5024 5023 5027 -1 5014 2698 2617 -1 5014 5028 2698 -1 5023 2692 2698 -1 5028 5029 2698 -1 5023 2698 5029 -1 5017 5030 5018 -1 5018 5028 5014 -1 5028 5018 5031 -1 5020 5030 5017 -1 5019 5020 5017 -1 5020 5032 5030 -1 5031 5018 5030 -1 5029 5028 5031 -1 5031 5030 5032 -1 5031 5033 5029 -1 5023 5029 5027 -1 5020 5022 5034 -1 5032 5020 5034 -1 5032 5034 5031 -1 5035 2761 2751 -1 5035 2751 2763 -1 2763 5036 5035 -1 2763 2692 5025 -1 5025 2692 5023 -1 5036 2763 5025 -1 5037 5038 5039 -1 5040 5041 5042 -1 5043 5041 5040 -1 5041 5043 5044 -1 5044 5045 5041 -1 5041 5045 5042 -1 5045 5044 5046 -1 5047 5048 5049 -1 5050 5045 5046 -1 5051 5048 5047 -1 5050 5042 5045 -1 5048 5051 5052 -1 5052 5053 5054 -1 5054 5053 5055 -1 5052 5054 5048 -1 5038 5049 5056 -1 5039 5038 5056 -1 5056 5049 5048 -1 5056 5048 5054 -1 5056 5057 5058 -1 5039 5056 5058 -1 5039 5058 5059 -1 5033 5060 5029 -1 5027 5029 5060 -1 5037 5061 5062 -1 5063 5062 5061 -1 5060 5064 5027 -1 5024 5027 5064 -1 5064 5060 5065 -1 5066 5063 5067 -1 5034 5033 5031 -1 5033 5034 5068 -1 5069 5068 5034 -1 5068 5069 5070 -1 5071 5068 5070 -1 5070 5072 5071 -1 5073 5068 5071 -1 5065 5060 5033 -1 5052 5064 5065 -1 5074 5073 5071 -1 5074 5071 5072 -1 5052 5065 5053 -1 5075 5072 5070 -1 5068 5073 5033 -1 5065 5033 5073 -1 5075 5076 5072 -1 5053 5065 5055 -1 5073 5055 5065 -1 5076 5075 5077 -1 5078 2762 2761 -1 5078 2761 5035 -1 5079 5077 5080 -1 5081 5079 5082 -1 5082 5083 5081 -1 5084 5083 5082 -1 5079 5080 5085 -1 5079 5086 5082 -1 5086 5079 5085 -1 5085 5087 5086 -1 5088 5082 5086 -1 5084 5082 5088 -1 5088 5086 5087 -1 5089 5084 5088 -1 5025 5090 5036 -1 5091 5055 5074 -1 5092 5055 5091 -1 5055 5092 5054 -1 5092 5056 5054 -1 5093 5035 5036 -1 5093 5036 5094 -1 5095 5096 5097 -1 5084 5098 5099 -1 5098 5084 5089 -1 5100 5098 5089 -1 5089 5101 5100 -1 5102 5098 5103 -1 5102 5104 5097 -1 5103 5104 5102 -1 5103 5098 5100 -1 5100 5105 5103 -1 5104 5103 5105 -1 5106 5095 5097 -1 5094 5036 5090 -1 5106 5097 5104 -1 5106 5104 5107 -1 5105 5108 5104 -1 5107 5104 5108 -1 5106 5107 5109 -1 5107 5110 5109 -1 5088 5111 5089 -1 5101 5089 5111 -1 5108 5112 5107 -1 5110 5107 5112 -1 5113 5110 5112 -1 5114 5110 5113 -1 5115 5110 5114 -1 5035 5093 5078 -1 5093 5116 5078 -1 5093 5117 5116 -1 5118 5119 5120 -1 5094 5117 5093 -1 5118 5117 5121 -1 5094 5062 5117 -1 5094 5090 5062 -1 5062 5121 5117 -1 5062 5063 5121 -1 5120 5117 5118 -1 5121 5063 5066 -1 5090 5025 5026 -1 5026 5049 5090 -1 5024 5064 5122 -1 5026 5024 5122 -1 5051 5047 5122 -1 5122 5064 5051 -1 5051 5064 5052 -1 5026 5122 5047 -1 5047 5049 5026 -1 5090 5038 5062 -1 5062 5038 5037 -1 5038 5090 5049 -1 5123 5114 5124 -1 5123 5125 5126 -1 5125 5123 5124 -1 5127 5126 5125 -1 5125 5128 5127 -1 5129 5059 5058 -1 5130 5127 5128 -1 5061 5131 5063 -1 5132 5130 5128 -1 5061 5037 5039 -1 5131 5061 5133 -1 5067 5063 5131 -1 5134 5066 5067 -1 5135 5134 5067 -1 5136 5119 5137 -1 5067 5131 5138 -1 5135 5067 5138 -1 5039 5059 5061 -1 5059 5133 5061 -1 5120 5119 5136 -1 5119 5118 5137 -1 5059 5139 5133 -1 5137 5118 5066 -1 5140 5137 5066 -1 5141 5059 5129 -1 5066 5118 5121 -1 5139 5059 5141 -1 5142 5139 5141 -1 5134 5140 5066 -1 5138 5131 5133 -1 5138 5133 5143 -1 5133 5139 5142 -1 5143 5133 5142 -1 5144 5140 5134 -1 5145 5138 5143 -1 5143 5146 5145 -1 5134 5135 5144 -1 5146 5143 5142 -1 5073 5074 5055 -1 5147 5080 5077 -1 5145 5135 5138 -1 5148 5080 5147 -1 5072 5149 5074 -1 5076 5149 5072 -1 5149 5076 5081 -1 5135 5145 5150 -1 5150 5145 5146 -1 5151 5074 5149 -1 5081 5083 5149 -1 5151 5149 5083 -1 5081 5076 5077 -1 5152 5150 5153 -1 5150 5146 5154 -1 5081 5077 5079 -1 5154 5153 5150 -1 5153 5155 5152 -1 5154 5156 5153 -1 5080 5148 5157 -1 5158 5153 5156 -1 5085 5080 5157 -1 5155 5153 5158 -1 5157 5159 5085 -1 5087 5085 5159 -1 5160 5087 5159 -1 5088 5087 5160 -1 5091 5161 5092 -1 5162 5156 5163 -1 5158 5156 5162 -1 5091 5074 5151 -1 5164 5158 5162 -1 5091 5151 5165 -1 5161 5091 5165 -1 5166 5158 5164 -1 5166 5164 5167 -1 5096 5092 5161 -1 5163 5168 5162 -1 5163 5169 5168 -1 5164 5162 5170 -1 5170 5162 5168 -1 5092 5057 5056 -1 5170 5171 5164 -1 5057 5129 5058 -1 5168 5169 5172 -1 5172 5173 5168 -1 5172 5132 5173 -1 5168 5174 5170 -1 5173 5174 5168 -1 5057 5175 5129 -1 5171 5170 5174 -1 5175 5176 5129 -1 5173 5177 5174 -1 5096 5095 5092 -1 5057 5092 5095 -1 5178 5057 5095 -1 5179 5167 5164 -1 5175 5057 5178 -1 5179 5164 5180 -1 5180 5164 5043 -1 5043 5164 5171 -1 5181 5174 5177 -1 5171 5174 5181 -1 5151 5182 5165 -1 5171 5044 5043 -1 5182 5183 5165 -1 5171 5181 5044 -1 5043 5040 5180 -1 5161 5165 5183 -1 5184 5180 5040 -1 5096 5161 5183 -1 5042 5184 5040 -1 5102 5096 5183 -1 5096 5102 5097 -1 5182 5151 5083 -1 5083 5099 5182 -1 5099 5083 5084 -1 5180 5185 5186 -1 5179 5180 5186 -1 5185 5180 5184 -1 5185 5187 5186 -1 5182 5099 5098 -1 5183 5182 5098 -1 5186 5188 5189 -1 5102 5183 5098 -1 5101 5190 5100 -1 5188 5186 5187 -1 5187 5191 5188 -1 5100 5190 5105 -1 5192 5188 5191 -1 5191 5193 5192 -1 5194 5184 5042 -1 5185 5184 5194 -1 5178 5095 5195 -1 5187 5185 5194 -1 5196 5187 5194 -1 5195 5095 5106 -1 5194 5042 5197 -1 5198 5194 5197 -1 5042 5199 5197 -1 5178 5200 5175 -1 5196 5194 5198 -1 5187 5201 5191 -1 5200 5178 5195 -1 5201 5187 5196 -1 5196 5202 5201 -1 5193 5191 5201 -1 5201 5202 5193 -1 5109 5195 5106 -1 5202 5196 5203 -1 5108 5105 5190 -1 5132 5204 5173 -1 5205 5173 5204 -1 5200 5195 5115 -1 5177 5173 5205 -1 5205 5206 5177 -1 5195 5109 5110 -1 5115 5195 5110 -1 5181 5177 5206 -1 5206 5207 5181 -1 5044 5181 5207 -1 5046 5044 5207 -1 5129 5176 5141 -1 5208 5046 5207 -1 5050 5199 5042 -1 5050 5046 5208 -1 5209 5050 5208 -1 5199 5050 5209 -1 5210 5141 5176 -1 5142 5141 5210 -1 5175 5211 5176 -1 5211 5175 5200 -1 5176 5211 5210 -1 5210 5211 5212 -1 5146 5142 5210 -1 5146 5210 5212 -1 5154 5146 5212 -1 5156 5154 5212 -1 5156 5212 5163 -1 5211 5200 5213 -1 5126 5200 5115 -1 5213 5200 5126 -1 5126 5127 5213 -1 5212 5213 5169 -1 5163 5212 5169 -1 5169 5213 5130 -1 5130 5213 5127 -1 5132 5169 5130 -1 5172 5169 5132 -1 5111 5088 5160 -1 5214 5101 5111 -1 5190 5101 5214 -1 5108 5190 5215 -1 5216 5108 5215 -1 5112 5108 5216 -1 5112 5216 5217 -1 5218 5112 5217 -1 5113 5112 5218 -1 5219 5113 5218 -1 5114 5113 5219 -1 5219 5124 5114 -1 5114 5123 5115 -1 5123 5126 5115 -1 5211 5213 5212 -1 5220 5221 5222 -1 5223 5222 5221 -1 5224 5221 5225 -1 5135 5226 5144 -1 5111 5160 5227 -1 5228 5214 5111 -1 5216 5215 5229 -1 5230 5223 5231 -1 5231 5223 5232 -1 5223 5221 5232 -1 5233 5232 5221 -1 5221 5224 5233 -1 5216 5234 5217 -1 5217 5235 5218 -1 5219 5218 5235 -1 5219 5236 5124 -1 5125 5124 5236 -1 5236 5237 5125 -1 5128 5125 5237 -1 5155 5158 5166 -1 5238 5155 5166 -1 5239 5238 5166 -1 5237 5240 5128 -1 5128 5241 5132 -1 5241 5204 5132 -1 5241 5128 5240 -1 5239 5166 5167 -1 5167 5242 5239 -1 5243 5244 5245 -1 5244 5233 5224 -1 5233 5244 5243 -1 5245 5246 5243 -1 5243 5247 5233 -1 5167 5179 5242 -1 5245 5242 5179 -1 5246 5245 5179 -1 5243 5248 5247 -1 5243 5246 5248 -1 5246 5179 5189 -1 5249 5248 5246 -1 5249 5250 5248 -1 5249 5246 5189 -1 5247 5248 5251 -1 5248 5250 5251 -1 5252 5251 5250 -1 5189 5179 5186 -1 5249 5189 5253 -1 5250 5249 5253 -1 5253 5189 5188 -1 5188 5192 5253 -1 5196 5198 5203 -1 5202 5203 5254 -1 5250 5253 5255 -1 5255 5252 5250 -1 5253 5192 5255 -1 5255 5193 5256 -1 5192 5193 5255 -1 5193 5202 5256 -1 5256 5202 5254 -1 5257 5204 5241 -1 5205 5204 5257 -1 5258 5205 5257 -1 5206 5205 5258 -1 5259 5206 5258 -1 5207 5206 5259 -1 5260 5207 5259 -1 5208 5207 5260 -1 5261 5208 5260 -1 5209 5208 5261 -1 5197 5199 5261 -1 5209 5261 5199 -1 5262 5144 5226 -1 5263 5226 5264 -1 5264 5226 5135 -1 5264 5135 5150 -1 5226 5263 5262 -1 5263 5265 5262 -1 5263 5266 5265 -1 5266 5263 5264 -1 5267 5266 5264 -1 5268 5266 5267 -1 5152 5264 5150 -1 5269 5264 5152 -1 5267 5264 5269 -1 5270 5269 5152 -1 5220 5267 5269 -1 5220 5269 5270 -1 5270 5152 5155 -1 5271 5270 5155 -1 5272 5265 5266 -1 5266 5268 5272 -1 5268 5273 5272 -1 5274 5273 5268 -1 5268 5267 5220 -1 5274 5268 5222 -1 5222 5268 5220 -1 5274 5275 5273 -1 5275 5274 5276 -1 5274 5222 5223 -1 5276 5274 5230 -1 5274 5223 5230 -1 5221 5220 5225 -1 5228 5111 5227 -1 5224 5225 5277 -1 5244 5224 5277 -1 5278 5231 5279 -1 5230 5231 5278 -1 5215 5190 5214 -1 5279 5232 5280 -1 5231 5232 5279 -1 5281 5280 5232 -1 5232 5233 5281 -1 5157 5148 5282 -1 5234 5216 5229 -1 5283 5157 5282 -1 5159 5157 5283 -1 5284 5159 5283 -1 5160 5159 5284 -1 5284 5227 5160 -1 5236 5219 5285 -1 5271 5238 5239 -1 5277 5271 5239 -1 5239 5242 5277 -1 5286 5236 5285 -1 5271 5225 5270 -1 5287 5236 5286 -1 5271 5155 5238 -1 5237 5236 5287 -1 5287 5288 5237 -1 5242 5244 5277 -1 5271 5277 5225 -1 5242 5245 5244 -1 5241 5240 5289 -1 5233 5247 5281 -1 5290 5281 5247 -1 5247 5251 5290 -1 5291 5230 5278 -1 5270 5225 5220 -1 5290 5252 5292 -1 5251 5252 5290 -1 5198 5197 5293 -1 5294 5198 5293 -1 5203 5198 5294 -1 5295 5203 5294 -1 5254 5203 5295 -1 5296 5254 5295 -1 5252 5255 5292 -1 5255 5256 5297 -1 5297 5292 5255 -1 5257 5241 5289 -1 5298 5257 5289 -1 5258 5257 5298 -1 5299 5259 5258 -1 5299 5300 5259 -1 5301 5259 5300 -1 5260 5259 5301 -1 5302 5261 5303 -1 5261 5260 5301 -1 5301 5303 5261 -1 5197 5261 5302 -1 5302 5293 5197 -1 5228 5304 5214 -1 5305 5281 5306 -1 5281 5290 5306 -1 5215 5214 5304 -1 5229 5215 5304 -1 5307 5306 5290 -1 5292 5307 5290 -1 5219 5235 5285 -1 5308 5254 5296 -1 5307 5292 5297 -1 5297 5256 5308 -1 5254 5308 5256 -1 5240 5237 5288 -1 5309 5299 5258 -1 5310 5240 5288 -1 5240 5310 5289 -1 5301 5300 5311 -1 5291 5278 5312 -1 5278 5279 5312 -1 5312 5279 5280 -1 5280 5281 5305 -1 5228 5227 5313 -1 5228 5314 5304 -1 5315 5293 5302 -1 5315 5316 5293 -1 5234 5229 5317 -1 5294 5293 5316 -1 5308 5296 5318 -1 5234 5235 5217 -1 5296 5295 5319 -1 5319 5318 5296 -1 5297 5308 5320 -1 5289 5321 5322 -1 5298 5289 5322 -1 5323 5287 5324 -1 5288 5287 5323 -1 5258 5298 5309 -1 5310 5288 5323 -1 5312 5280 5325 -1 5280 5305 5325 -1 5299 5326 5300 -1 5283 5282 5327 -1 5284 5313 5227 -1 5314 5228 5328 -1 5304 5314 5329 -1 5304 5317 5229 -1 5325 5305 5330 -1 5331 5330 5305 -1 5305 5306 5331 -1 5235 5234 5317 -1 5317 5332 5235 -1 5285 5235 5332 -1 5315 5302 5333 -1 5334 5294 5316 -1 5295 5294 5334 -1 5286 5285 5335 -1 5319 5295 5334 -1 5306 5307 5320 -1 5324 5287 5286 -1 5307 5297 5320 -1 5321 5289 5310 -1 5298 5322 5336 -1 5336 5309 5298 -1 5299 5309 5337 -1 5326 5299 5338 -1 5284 5283 5339 -1 5300 5326 5311 -1 5313 5284 5339 -1 5303 5301 5311 -1 5228 5313 5328 -1 5340 5312 5325 -1 5291 5312 5340 -1 5329 5341 5304 -1 5317 5304 5341 -1 5331 5342 5330 -1 5285 5332 5335 -1 5324 5286 5343 -1 5344 5345 5327 -1 5320 5331 5306 -1 5283 5327 5345 -1 5339 5283 5345 -1 5339 5346 5313 -1 5320 5308 5347 -1 5318 5347 5308 -1 5348 5334 5349 -1 5319 5334 5348 -1 5318 5319 5348 -1 5346 5328 5313 -1 5309 5336 5350 -1 5350 5351 5309 -1 5337 5309 5351 -1 5338 5299 5337 -1 5303 5311 5352 -1 5333 5303 5352 -1 5302 5303 5333 -1 5344 5353 5345 -1 5354 5345 5353 -1 5345 5354 5339 -1 5354 5346 5339 -1 5346 5354 5355 -1 5354 5353 5355 -1 5328 5346 5356 -1 5355 5357 5346 -1 5356 5346 5357 -1 5358 5328 5356 -1 5314 5328 5358 -1 5358 5359 5314 -1 5314 5360 5329 -1 5360 5314 5359 -1 5341 5329 5360 -1 5317 5341 5361 -1 5332 5317 5361 -1 5361 5362 5332 -1 5362 5363 5332 -1 5335 5332 5363 -1 5343 5335 5363 -1 5286 5335 5343 -1 5323 5324 5364 -1 5323 5365 5310 -1 5321 5310 5365 -1 5331 5320 5366 -1 5315 5367 5316 -1 5334 5316 5368 -1 5349 5334 5368 -1 5348 5347 5318 -1 5322 5321 5369 -1 5336 5322 5369 -1 5370 5337 5351 -1 5338 5337 5370 -1 5371 5338 5370 -1 5326 5338 5371 -1 5311 5326 5371 -1 5367 5315 5333 -1 5355 5353 5372 -1 5373 5355 5372 -1 5357 5355 5373 -1 5373 5374 5357 -1 5356 5357 5374 -1 5358 5356 5374 -1 5374 5375 5358 -1 5359 5376 5360 -1 5359 5358 5375 -1 5376 5359 5375 -1 5360 5377 5341 -1 5377 5360 5376 -1 5376 5378 5377 -1 5361 5341 5377 -1 5377 5379 5361 -1 5379 5362 5361 -1 5379 5377 5378 -1 5362 5379 5380 -1 5381 5362 5380 -1 5363 5362 5381 -1 5379 5378 5380 -1 5363 5382 5343 -1 5382 5363 5381 -1 5382 5383 5343 -1 5384 5343 5383 -1 5324 5343 5384 -1 5364 5324 5384 -1 5365 5323 5364 -1 5340 5325 5385 -1 5386 5385 5325 -1 5325 5330 5386 -1 5387 5342 5331 -1 5366 5320 5388 -1 5367 5389 5368 -1 5316 5367 5368 -1 5388 5347 5390 -1 5320 5347 5388 -1 5369 5365 5391 -1 5321 5365 5369 -1 5392 5336 5369 -1 5350 5336 5392 -1 5392 5393 5350 -1 5370 5351 5393 -1 5351 5350 5393 -1 5352 5311 5371 -1 5352 5389 5333 -1 5367 5333 5389 -1 5375 5374 5394 -1 5394 5395 5375 -1 5376 5375 5395 -1 5378 5376 5395 -1 5396 5378 5395 -1 5380 5378 5396 -1 5381 5380 5396 -1 5397 5381 5396 -1 5381 5397 5382 -1 5383 5382 5397 -1 5397 5398 5383 -1 5398 5399 5383 -1 5384 5383 5399 -1 5400 5364 5384 -1 5365 5364 5400 -1 5365 5400 5391 -1 5401 5402 5403 -1 5342 5386 5330 -1 5373 5372 5404 -1 5331 5366 5387 -1 5374 5373 5404 -1 5404 5394 5374 -1 5366 5388 5405 -1 5406 5402 5407 -1 5403 5402 5406 -1 5349 5368 5408 -1 5348 5349 5408 -1 5390 5348 5408 -1 5347 5348 5390 -1 5369 5391 5409 -1 5392 5369 5409 -1 5407 5410 5406 -1 5352 5371 5411 -1 5389 5352 5411 -1 5410 5407 5412 -1 5407 5402 5413 -1 5407 5413 5412 -1 5410 5412 5414 -1 5412 5413 5415 -1 5415 5416 5414 -1 5414 5412 5415 -1 5417 5416 5415 -1 5417 5415 5418 -1 5419 5420 5421 -1 5401 5422 5423 -1 5423 5422 5424 -1 5401 5423 5402 -1 5402 5423 5425 -1 5423 5424 5425 -1 5424 5421 5425 -1 5402 5425 5413 -1 5413 5425 5426 -1 5415 5413 5418 -1 5413 5426 5418 -1 5427 5428 5429 -1 5430 5431 5432 -1 5433 5428 5427 -1 5434 5435 5436 -1 5428 5433 5394 -1 5437 5436 5435 -1 5395 5394 5433 -1 5435 5438 5437 -1 5439 5395 5433 -1 5396 5395 5439 -1 5440 5396 5439 -1 5397 5396 5440 -1 5440 5441 5397 -1 5442 5437 5438 -1 5443 5397 5441 -1 5398 5397 5443 -1 5438 5444 5442 -1 5442 5444 5445 -1 5446 5398 5443 -1 5399 5398 5446 -1 5384 5399 5446 -1 5447 5384 5446 -1 5400 5384 5447 -1 5448 5400 5447 -1 5391 5400 5448 -1 5417 5449 5416 -1 5386 5450 5385 -1 5386 5342 5451 -1 5451 5342 5452 -1 5449 5417 5453 -1 5342 5387 5452 -1 5405 5452 5387 -1 5387 5366 5405 -1 5405 5388 5454 -1 5455 5389 5456 -1 5368 5389 5455 -1 5388 5390 5454 -1 5408 5368 5455 -1 5448 5409 5391 -1 5457 5393 5392 -1 5370 5393 5457 -1 5458 5370 5457 -1 5371 5370 5458 -1 5411 5371 5458 -1 5459 5453 5417 -1 5459 5460 5453 -1 5461 5411 5462 -1 5389 5411 5461 -1 5456 5389 5461 -1 5460 5463 5453 -1 5421 5424 5422 -1 5419 5421 5422 -1 5421 5420 5464 -1 5465 5464 5420 -1 5421 5464 5466 -1 5466 5425 5421 -1 5466 5464 5467 -1 5425 5466 5426 -1 5466 5468 5426 -1 5466 5467 5468 -1 5464 5465 5469 -1 5469 5467 5464 -1 5470 5429 5471 -1 5465 5472 5469 -1 5473 5468 5467 -1 5428 5471 5429 -1 5467 5469 5473 -1 5471 5428 5394 -1 5394 5404 5471 -1 5472 5474 5469 -1 5473 5469 5474 -1 5475 5473 5474 -1 5430 5459 5417 -1 5473 5475 5435 -1 5468 5431 5426 -1 5426 5431 5418 -1 5468 5473 5434 -1 5468 5434 5431 -1 5473 5435 5434 -1 5431 5434 5436 -1 5417 5418 5430 -1 5418 5431 5430 -1 5432 5431 5436 -1 5470 5463 5429 -1 5463 5460 5429 -1 5436 5437 5476 -1 5437 5442 5476 -1 5477 5445 5478 -1 5445 5479 5478 -1 5442 5445 5477 -1 5436 5476 5480 -1 5479 5481 5478 -1 5430 5432 5482 -1 5436 5480 5432 -1 5483 5432 5480 -1 5477 5478 5484 -1 5483 5482 5432 -1 5478 5485 5484 -1 5482 5486 5430 -1 5476 5442 5477 -1 5476 5477 5484 -1 5486 5459 5430 -1 5478 5481 5485 -1 5484 5480 5476 -1 5487 5480 5484 -1 5460 5459 5488 -1 5489 5490 5450 -1 5450 5386 5489 -1 5489 5386 5451 -1 5451 5491 5489 -1 5451 5452 5491 -1 5492 5488 5459 -1 5452 5405 5493 -1 5493 5491 5452 -1 5493 5405 5454 -1 5456 5494 5495 -1 5455 5456 5495 -1 5496 5454 5390 -1 5408 5495 5496 -1 5408 5496 5390 -1 5495 5408 5455 -1 5409 5448 5497 -1 5392 5409 5497 -1 5497 5498 5392 -1 5457 5392 5498 -1 5499 5457 5498 -1 5458 5457 5499 -1 5499 5500 5458 -1 5411 5458 5500 -1 5500 5462 5411 -1 5456 5461 5494 -1 5492 5459 5501 -1 5459 5486 5501 -1 5486 5482 5502 -1 5501 5486 5503 -1 5483 5480 5487 -1 5504 5482 5483 -1 5483 5487 5504 -1 5475 5505 5435 -1 5504 5487 5506 -1 5504 5502 5482 -1 5502 5504 5507 -1 5460 5488 5429 -1 5427 5429 5488 -1 5488 5492 5427 -1 5492 5501 5427 -1 5508 5427 5501 -1 5427 5508 5433 -1 5439 5433 5508 -1 5440 5439 5508 -1 5509 5440 5508 -1 5441 5440 5509 -1 5510 5441 5509 -1 5441 5510 5443 -1 5446 5443 5510 -1 5510 5511 5446 -1 5447 5446 5511 -1 5511 5512 5447 -1 5513 5447 5512 -1 5448 5447 5513 -1 5513 5497 5448 -1 5514 5484 5485 -1 5485 5481 5515 -1 5502 5503 5486 -1 5508 5501 5503 -1 5515 5516 5517 -1 5485 5515 5517 -1 5517 5516 5518 -1 5503 5502 5519 -1 5503 5519 5520 -1 5520 5519 5521 -1 5507 5519 5502 -1 5490 5516 5522 -1 5515 5522 5516 -1 5516 5490 5489 -1 5489 5518 5516 -1 5491 5518 5489 -1 5504 5506 5507 -1 5523 5517 5518 -1 5491 5523 5518 -1 5506 5524 5525 -1 5514 5487 5484 -1 5507 5506 5525 -1 5521 5519 5507 -1 5487 5514 5506 -1 5507 5525 5526 -1 5506 5514 5527 -1 5521 5507 5526 -1 5506 5527 5524 -1 5485 5517 5527 -1 5485 5527 5514 -1 5526 5525 5528 -1 5527 5517 5529 -1 5530 5529 5517 -1 5509 5508 5503 -1 5503 5520 5509 -1 5527 5529 5531 -1 5509 5520 5510 -1 5532 5520 5521 -1 5531 5529 5530 -1 5531 5530 5533 -1 5532 5510 5520 -1 5511 5510 5532 -1 5532 5526 5534 -1 5521 5526 5532 -1 5532 5534 5511 -1 5512 5511 5534 -1 5526 5528 5534 -1 5524 5527 5531 -1 5535 5534 5528 -1 5534 5535 5513 -1 5513 5512 5534 -1 5535 5528 5536 -1 5535 5536 5497 -1 5497 5513 5535 -1 5525 5524 5537 -1 5525 5537 5528 -1 5538 5537 5524 -1 5531 5538 5524 -1 5531 5533 5539 -1 5539 5533 5540 -1 5541 5540 5542 -1 5543 5542 5540 -1 5542 5543 5494 -1 5517 5523 5530 -1 5523 5491 5544 -1 5544 5545 5523 -1 5530 5523 5545 -1 5545 5544 5546 -1 5546 5530 5545 -1 5546 5544 5493 -1 5533 5530 5547 -1 5530 5546 5547 -1 5544 5491 5493 -1 5454 5546 5493 -1 5546 5454 5547 -1 5548 5540 5533 -1 5533 5547 5548 -1 5547 5454 5496 -1 5548 5547 5496 -1 5548 5543 5540 -1 5543 5548 5495 -1 5495 5494 5543 -1 5495 5548 5496 -1 5528 5537 5536 -1 5549 5536 5537 -1 5536 5549 5497 -1 5537 5550 5549 -1 5498 5497 5549 -1 5499 5549 5550 -1 5549 5499 5498 -1 5499 5542 5500 -1 5550 5542 5499 -1 5462 5500 5542 -1 5542 5494 5462 -1 5461 5462 5494 -1 5537 5538 5550 -1 5531 5541 5538 -1 5531 5539 5541 -1 5538 5541 5542 -1 5542 5550 5538 -1 5540 5541 5539 -1 5551 5552 5553 -1 5554 5553 5552 -1 5552 5551 5555 -1 5555 5556 5552 -1 5557 2856 2882 -1 5558 5557 2882 -1 5559 5116 5560 -1 5078 5116 5559 -1 2904 5561 2882 -1 2904 2899 5562 -1 5560 5120 5555 -1 5556 5555 5120 -1 5560 5116 5120 -1 5561 2904 5563 -1 5563 2904 5562 -1 5120 5116 5117 -1 5564 5558 2882 -1 5565 2882 5561 -1 5564 2882 5565 -1 5566 5564 5565 -1 5565 5561 5563 -1 2757 5562 2899 -1 5562 2757 2762 -1 2762 5559 5562 -1 5563 5562 5559 -1 5559 2762 5078 -1 5566 5565 5563 -1 5566 5563 5567 -1 5567 5551 5566 -1 5568 5566 5551 -1 5553 5568 5551 -1 5559 5567 5563 -1 5567 5559 5560 -1 5555 5567 5560 -1 5551 5567 5555 -1 5569 4591 4590 -1 5552 5570 5554 -1 5571 5572 5554 -1 5573 2922 2920 -1 5574 5571 5554 -1 5570 5552 5556 -1 5575 5571 5576 -1 5570 5556 5136 -1 2925 5577 2891 -1 5556 5120 5136 -1 5576 5571 5574 -1 5578 5576 5574 -1 5576 5578 5579 -1 4599 5580 4593 -1 4599 5581 5580 -1 5136 5582 5570 -1 2920 2859 5583 -1 5574 5554 5570 -1 5577 2925 5584 -1 5570 5585 5574 -1 2856 5557 2859 -1 5578 5574 5585 -1 5585 5570 5586 -1 4599 5587 5581 -1 5579 5578 5588 -1 5586 5589 5585 -1 5589 5578 5585 -1 5578 5589 5588 -1 2859 5557 5558 -1 2859 5558 5590 -1 5587 4599 5591 -1 5589 5586 5592 -1 5587 5593 5581 -1 5594 5595 5590 -1 5590 5558 5594 -1 5587 5596 5593 -1 5570 5582 5586 -1 5569 4590 2928 -1 5569 2928 2891 -1 5586 5597 5592 -1 5564 5594 5558 -1 5592 5597 5598 -1 5599 5594 5564 -1 5137 5582 5136 -1 5582 5137 5140 -1 5594 5599 5600 -1 5600 5599 5601 -1 5140 5144 5582 -1 5599 5602 5601 -1 5566 5568 5564 -1 5599 5564 5568 -1 5553 5599 5568 -1 5602 5599 5553 -1 4591 5569 5603 -1 5601 5602 5604 -1 5569 2891 5605 -1 5604 5602 5572 -1 5553 5554 5602 -1 5572 5602 5554 -1 2891 5577 5605 -1 5575 5572 5571 -1 5605 5603 5569 -1 5586 5582 5597 -1 5606 5603 5605 -1 5597 5582 5262 -1 5591 4585 4591 -1 4599 4585 5591 -1 5603 5591 4591 -1 5607 5591 5608 -1 5587 5591 5607 -1 5596 5587 5607 -1 5609 5596 5607 -1 5610 5589 5592 -1 5591 5603 5611 -1 5611 5603 5606 -1 5610 5592 5598 -1 4736 4593 5580 -1 5612 4736 5580 -1 5612 5580 5613 -1 5613 5580 5581 -1 5593 5614 5581 -1 5614 5613 5581 -1 5573 2945 2922 -1 5615 2942 2944 -1 5596 5616 5593 -1 5617 2944 2945 -1 5573 5618 2945 -1 5617 2945 5618 -1 4736 5612 4734 -1 4737 4734 5612 -1 5619 5601 5604 -1 5620 5621 5595 -1 5619 5604 5622 -1 5595 5594 5620 -1 5605 5577 5606 -1 5622 5623 5624 -1 5606 5577 5625 -1 5626 2924 5627 -1 5620 5594 5600 -1 5625 5577 5584 -1 5626 5627 5628 -1 5624 5619 5622 -1 5627 2924 2929 -1 5629 5620 5600 -1 5630 5631 5625 -1 5630 5625 5584 -1 5627 2929 5632 -1 5630 5584 5633 -1 5622 5604 5572 -1 5634 5606 5625 -1 5631 5634 5625 -1 5635 5629 5600 -1 5636 5634 5631 -1 5635 5600 5601 -1 5597 5637 5598 -1 5638 5634 5636 -1 5582 5144 5262 -1 5639 5640 5638 -1 5631 5641 5636 -1 5642 5636 5641 -1 5639 5642 5643 -1 5636 5642 5639 -1 5622 5572 5575 -1 5638 5636 5639 -1 5630 5644 5631 -1 5641 5631 5644 -1 5641 5645 5642 -1 5642 5645 5643 -1 5635 5601 5619 -1 5644 5646 5641 -1 5646 5645 5641 -1 5646 5644 5647 -1 5624 5648 5635 -1 4795 4737 5649 -1 5619 5624 5635 -1 5584 5626 5628 -1 5633 5584 5628 -1 5632 2929 2938 -1 5637 5597 5262 -1 5650 5648 5624 -1 2938 5615 5632 -1 5633 5628 5651 -1 5262 5265 5637 -1 5651 5628 5652 -1 5651 5630 5633 -1 5623 5653 5654 -1 5655 5630 5651 -1 5610 5588 5589 -1 5656 5588 5610 -1 5655 5651 5657 -1 5624 5654 5650 -1 5654 5624 5623 -1 5650 5658 5659 -1 5658 5650 5654 -1 5627 5652 5628 -1 5658 5660 5661 -1 5658 5654 5660 -1 5660 5654 5653 -1 5652 5657 5651 -1 5662 5663 5664 -1 5657 5652 5665 -1 5611 5608 5591 -1 5660 5653 5666 -1 5660 5666 5667 -1 5667 5661 5660 -1 5663 5662 5668 -1 5668 5662 5656 -1 5644 5630 5655 -1 5655 5669 5644 -1 5622 5653 5623 -1 5611 5606 5634 -1 5615 2938 2942 -1 5670 5611 5634 -1 5608 5611 5670 -1 5653 5622 5575 -1 5644 5669 5647 -1 5575 5671 5653 -1 5669 5655 5657 -1 5608 5670 5607 -1 5609 5607 5670 -1 5672 5609 5670 -1 5598 5673 5610 -1 5674 5615 2944 -1 5610 5673 5656 -1 5666 5653 5671 -1 5632 5615 5675 -1 5666 5671 5676 -1 5638 5670 5634 -1 5676 5667 5666 -1 5579 5575 5576 -1 5672 5670 5640 -1 5640 5670 5638 -1 5615 5674 5675 -1 5677 5656 5673 -1 5668 5656 5677 -1 5649 4737 5678 -1 5663 5668 5677 -1 5677 5679 5663 -1 5671 5575 5579 -1 5626 2925 2924 -1 5612 5678 4737 -1 5584 2925 5626 -1 5579 5680 5671 -1 5664 5663 5681 -1 5682 5681 5663 -1 5612 5613 5683 -1 5678 5612 5683 -1 2944 5617 5674 -1 5682 5663 5679 -1 5680 5579 5684 -1 5683 5613 5685 -1 5684 5579 5588 -1 5613 5614 5685 -1 5686 5614 5593 -1 5614 5686 5685 -1 5676 5671 5680 -1 5637 5673 5598 -1 5687 5680 5688 -1 5676 5680 5687 -1 5593 5616 5686 -1 5689 5686 5616 -1 5684 5688 5680 -1 5609 5616 5596 -1 5674 5617 5690 -1 5691 5674 5690 -1 5674 5691 5675 -1 5673 5637 5692 -1 5616 5609 5689 -1 5672 5693 5609 -1 5693 5689 5609 -1 5690 5617 5618 -1 5694 5662 5695 -1 5684 5662 5694 -1 5688 5684 5694 -1 5677 5673 5696 -1 5690 5618 5697 -1 5698 5677 5696 -1 5679 5677 5698 -1 5690 5697 5691 -1 5684 5588 5656 -1 5656 5662 5684 -1 5695 5662 5664 -1 5692 5637 5265 -1 5265 5272 5692 -1 5699 5692 5272 -1 5696 5673 5692 -1 5573 5583 5618 -1 5697 5618 5583 -1 5692 5699 5696 -1 5696 5700 5698 -1 5696 5699 5701 -1 5700 5696 5701 -1 5701 5702 5700 -1 5583 5703 5697 -1 5583 5573 2920 -1 5583 2859 5590 -1 5621 5583 5590 -1 5703 5583 5621 -1 5595 5621 5590 -1 5699 5272 5273 -1 5699 5273 5701 -1 5273 5275 5701 -1 5276 5701 5275 -1 5702 5701 5276 -1 5702 5276 5704 -1 5704 5276 5230 -1 5705 5706 5707 -1 5708 5709 5664 -1 5664 5681 5708 -1 5710 5661 5711 -1 5712 5713 5714 -1 5658 5661 5710 -1 5640 5639 5715 -1 5714 5716 5712 -1 5715 5717 5640 -1 5639 5643 5718 -1 5718 5715 5639 -1 5719 5712 5716 -1 5708 5682 5720 -1 5681 5682 5708 -1 5719 5716 5721 -1 5721 5722 5719 -1 5723 5724 5725 -1 5661 5667 5726 -1 5726 5711 5661 -1 5724 5647 5727 -1 4795 5649 5728 -1 5672 5640 5717 -1 5667 5676 5729 -1 5726 5667 5729 -1 5649 5678 5728 -1 5682 5679 5730 -1 5729 5676 5687 -1 5722 5721 5731 -1 5730 5679 5732 -1 5679 5698 5732 -1 5685 5686 5733 -1 5687 5688 5734 -1 5698 5700 5735 -1 5735 5732 5698 -1 5700 5702 5735 -1 5735 5702 5736 -1 5688 5694 5734 -1 5645 5723 5737 -1 5733 5689 5738 -1 5686 5689 5733 -1 5645 5737 5718 -1 5643 5645 5718 -1 5739 5734 5694 -1 5646 5723 5645 -1 5694 5695 5739 -1 5724 5723 5646 -1 5646 5647 5724 -1 5689 5693 5740 -1 5741 5705 5742 -1 5721 5741 5742 -1 5627 5665 5652 -1 5738 5689 5740 -1 5740 5672 5717 -1 5693 5672 5740 -1 5739 5695 5709 -1 5695 5664 5709 -1 5705 5743 5742 -1 5743 5705 5707 -1 5702 5704 5736 -1 5744 5736 5704 -1 5665 5745 5657 -1 5704 5230 5291 -1 5727 5647 5746 -1 5291 5744 5704 -1 5747 5703 5621 -1 5748 5669 5657 -1 5747 5749 5750 -1 5647 5669 5746 -1 5746 5669 5748 -1 5746 5748 5751 -1 5747 5621 5620 -1 5749 5747 5620 -1 5748 5657 5713 -1 5751 5748 5752 -1 5752 5748 5713 -1 5706 5753 5707 -1 5754 5751 5752 -1 5754 5752 5755 -1 5712 5752 5713 -1 5755 5752 5712 -1 5756 5707 5753 -1 5754 5755 5757 -1 5755 5719 5757 -1 5719 5755 5712 -1 5749 5629 5706 -1 5753 5706 5629 -1 5665 5627 5632 -1 5749 5620 5629 -1 5632 5745 5665 -1 5753 5629 5756 -1 5745 5632 5675 -1 5657 5745 5713 -1 5648 5756 5629 -1 5648 5629 5635 -1 5758 5675 5759 -1 5759 5760 5758 -1 5745 5675 5758 -1 5713 5745 5758 -1 5756 5761 5743 -1 5758 5762 5713 -1 5743 5707 5756 -1 5763 5743 5764 -1 5762 5758 5760 -1 5764 5743 5761 -1 5764 5761 5765 -1 5756 5766 5761 -1 5762 5714 5713 -1 5766 5756 5650 -1 5761 5766 5765 -1 5767 5765 5766 -1 5659 5766 5650 -1 5766 5659 5767 -1 5767 5659 5768 -1 5756 5648 5650 -1 5768 5658 5710 -1 5659 5658 5768 -1 5762 5741 5714 -1 5716 5714 5741 -1 5721 5716 5741 -1 5691 5759 5675 -1 5760 5759 5750 -1 5760 5769 5762 -1 5691 5750 5759 -1 5703 5691 5697 -1 5750 5691 5703 -1 5747 5750 5703 -1 5769 5760 5750 -1 5750 5749 5769 -1 5770 5762 5769 -1 5741 5762 5770 -1 5770 5705 5741 -1 5770 5769 5706 -1 5706 5769 5749 -1 5705 5770 5706 -1 5751 5754 5771 -1 5719 5772 5773 -1 5771 5754 5774 -1 5678 5683 5775 -1 5730 5732 5776 -1 5722 5772 5719 -1 5754 5757 5774 -1 5773 5772 5777 -1 5778 5715 5779 -1 5733 5738 5780 -1 5717 5715 5778 -1 5776 5735 5781 -1 5738 5740 5782 -1 5732 5735 5776 -1 5763 5764 5783 -1 5740 5717 5782 -1 5735 5736 5781 -1 5772 5722 5784 -1 5785 5768 5710 -1 5725 5779 5718 -1 5777 5784 5786 -1 5787 5779 5725 -1 5772 5784 5777 -1 5757 5719 5773 -1 5774 5757 5773 -1 5788 5764 5765 -1 5710 5711 5789 -1 5718 5779 5715 -1 5789 5726 5790 -1 5711 5726 5789 -1 5784 5722 5731 -1 5788 5767 5791 -1 5765 5767 5788 -1 5784 5731 5792 -1 5736 5744 5781 -1 5729 5687 5793 -1 5767 5768 5791 -1 5784 5792 5786 -1 5687 5734 5794 -1 5793 5687 5794 -1 5794 5739 5795 -1 5291 5796 5744 -1 5786 5792 5797 -1 5734 5739 5794 -1 5728 5678 5775 -1 5795 5739 5798 -1 5742 5731 5721 -1 5720 5682 5799 -1 5682 5730 5799 -1 5737 5725 5718 -1 5739 5709 5798 -1 5723 5725 5737 -1 5800 5731 5742 -1 5801 5731 5800 -1 5792 5731 5801 -1 5746 5751 5802 -1 5792 5801 5803 -1 5803 5797 5792 -1 5802 5751 5771 -1 5800 5742 5743 -1 5801 5800 5804 -1 5743 5763 5800 -1 5804 5800 5763 -1 5801 5804 5803 -1 5803 5804 5805 -1 5804 5763 5783 -1 5805 5804 5783 -1 5783 5764 5806 -1 5768 5807 5791 -1 5808 5787 5809 -1 5788 5806 5764 -1 5779 5787 5778 -1 5717 5778 5810 -1 5685 5733 5811 -1 5775 5683 5811 -1 5683 5685 5811 -1 5812 5733 5780 -1 5780 5738 5813 -1 5813 5738 5782 -1 5774 5773 5814 -1 5815 5816 5781 -1 5817 5818 5819 -1 5781 5744 5815 -1 5815 5744 5796 -1 5809 5725 5820 -1 5785 5807 5768 -1 5821 5818 5817 -1 5822 5818 5821 -1 5785 5710 5789 -1 5823 5822 5821 -1 5787 5725 5809 -1 5820 5727 5824 -1 5725 5724 5820 -1 5727 5820 5724 -1 5797 5825 5786 -1 5818 5826 5819 -1 5790 5726 5827 -1 5828 5819 5826 -1 5798 5709 5829 -1 5726 5729 5827 -1 5709 5708 5830 -1 5830 5829 5709 -1 5727 5746 5831 -1 5822 5826 5818 -1 5729 5793 5827 -1 5797 5803 5832 -1 5746 5802 5831 -1 5833 5830 5708 -1 5833 5720 5834 -1 5708 5720 5833 -1 5720 5799 5834 -1 5795 5835 5794 -1 4795 5728 4877 -1 5799 5776 5836 -1 5730 5776 5799 -1 5822 5823 5837 -1 5782 5717 5810 -1 5803 5805 5838 -1 5822 5837 5826 -1 5802 5771 5839 -1 5776 5781 5816 -1 5838 5840 5803 -1 5841 5783 5806 -1 5805 5783 5841 -1 5842 5828 5826 -1 5843 5775 5844 -1 5841 5838 5805 -1 5728 5775 5843 -1 5826 5837 5842 -1 5842 5837 5845 -1 5843 5844 5846 -1 5844 5775 5811 -1 5811 5733 5812 -1 5777 5786 5847 -1 5825 5847 5786 -1 5793 5794 5848 -1 5832 5825 5797 -1 5782 5810 5813 -1 5778 5787 5808 -1 5841 5806 5849 -1 5850 5841 5849 -1 5841 5850 5838 -1 5851 5842 5852 -1 5853 5849 5806 -1 5810 5778 5854 -1 5828 5842 5851 -1 5806 5788 5853 -1 5842 5855 5852 -1 5788 5791 5856 -1 5856 5853 5788 -1 5823 5821 5857 -1 5807 5856 5791 -1 4877 5728 5858 -1 5858 5843 5846 -1 5728 5843 5858 -1 5842 5845 5855 -1 5789 5790 5859 -1 5860 5861 5823 -1 5827 5859 5790 -1 5837 5823 5861 -1 5837 5862 5845 -1 5863 5820 5864 -1 5862 5837 5861 -1 5864 5820 5824 -1 5865 5864 5824 -1 5824 5727 5831 -1 5866 5799 5836 -1 5834 5799 5866 -1 5839 5831 5802 -1 5867 5836 5776 -1 5868 5839 5771 -1 5776 5816 5867 -1 5771 5774 5814 -1 5796 5291 5340 -1 5869 5846 5870 -1 5863 5864 5871 -1 5846 5844 5870 -1 5848 5794 5872 -1 5844 5811 5873 -1 5873 5870 5844 -1 5874 5847 5875 -1 5864 5865 5871 -1 5794 5835 5872 -1 5777 5847 5874 -1 5795 5798 5876 -1 5812 5873 5811 -1 5773 5777 5874 -1 5876 5835 5795 -1 5798 5829 5876 -1 5876 5829 5877 -1 5878 5820 5863 -1 5809 5820 5878 -1 5812 5780 5879 -1 5879 5780 5880 -1 5808 5809 5878 -1 5778 5808 5854 -1 5780 5813 5880 -1 5847 5881 5882 -1 5829 5830 5877 -1 5825 5881 5847 -1 5860 5857 5883 -1 5884 5885 5871 -1 5823 5857 5860 -1 5886 5881 5825 -1 5825 5832 5886 -1 5871 5865 5884 -1 5887 5886 5832 -1 5803 5887 5832 -1 5888 5884 5865 -1 5865 5824 5888 -1 5866 5836 5889 -1 5840 5887 5803 -1 5890 5888 5824 -1 5860 5883 5891 -1 5838 5850 5892 -1 5840 5838 5892 -1 5831 5890 5824 -1 5850 5849 5893 -1 5893 5892 5850 -1 5893 5853 5894 -1 5849 5853 5893 -1 5817 5895 5821 -1 5853 5856 5894 -1 5896 5856 5807 -1 5890 5831 5839 -1 5819 5897 5817 -1 5785 5896 5807 -1 5857 5821 5895 -1 5898 5819 5828 -1 5785 5789 5899 -1 5900 5898 5828 -1 5900 5828 5851 -1 5901 5839 5868 -1 5902 5899 5789 -1 5851 5852 5903 -1 5789 5859 5902 -1 5868 5771 5904 -1 5904 5771 5814 -1 5827 5905 5859 -1 5906 5861 5860 -1 5827 5793 5848 -1 5848 5905 5827 -1 5906 5891 5907 -1 5860 5891 5906 -1 5862 5906 5907 -1 5861 5906 5862 -1 5846 5869 5858 -1 5884 5888 5908 -1 5909 5908 5888 -1 5895 5817 5910 -1 5911 5884 5908 -1 5910 5817 5897 -1 5898 5897 5819 -1 5908 5912 5911 -1 4877 5858 5913 -1 5895 5914 5857 -1 5858 5869 5913 -1 5908 5909 5915 -1 5916 5917 5918 -1 5857 5914 5883 -1 5914 5917 5883 -1 5871 5885 5919 -1 5863 5871 5920 -1 5890 5909 5888 -1 5915 5909 5921 -1 5917 5916 5883 -1 5871 5919 5922 -1 5883 5916 5923 -1 5921 5909 5890 -1 5922 5920 5871 -1 5883 5923 5924 -1 5839 5921 5890 -1 5891 5924 5925 -1 5883 5924 5891 -1 5923 5926 5925 -1 5924 5923 5925 -1 5927 5916 5918 -1 5901 5921 5839 -1 5916 5927 5928 -1 5927 5929 5928 -1 5929 5930 5931 -1 5929 5931 5932 -1 5933 5812 5934 -1 5928 5929 5932 -1 5854 5808 5878 -1 5935 5931 5930 -1 5935 5930 5936 -1 5937 5938 5873 -1 5916 5928 5923 -1 5923 5928 5926 -1 5937 5812 5933 -1 5926 5928 5932 -1 5878 5863 5920 -1 5873 5812 5937 -1 5879 5934 5812 -1 5898 5900 5939 -1 5880 5813 5940 -1 5939 5900 5941 -1 5941 5900 5942 -1 5900 5851 5942 -1 5941 5942 5943 -1 5814 5944 5904 -1 5942 5851 5945 -1 5851 5903 5945 -1 5773 5944 5814 -1 5940 5810 5854 -1 5903 5852 5946 -1 5813 5810 5940 -1 5874 5944 5773 -1 5855 5946 5852 -1 5911 5936 5885 -1 5911 5885 5884 -1 5935 5936 5947 -1 5948 5862 5907 -1 5875 5847 5882 -1 5936 5911 5947 -1 5891 5925 5907 -1 5947 5911 5912 -1 5855 5845 5949 -1 5845 5862 5949 -1 5881 5886 5950 -1 5951 5950 5886 -1 5887 5951 5886 -1 5887 5840 5952 -1 5892 5952 5840 -1 5899 5896 5785 -1 5905 5848 5953 -1 5872 5835 5954 -1 5835 5876 5954 -1 5877 5830 5955 -1 5830 5833 5955 -1 5833 5834 5956 -1 5866 5956 5834 -1 5889 5867 5957 -1 5836 5867 5889 -1 5867 5816 5957 -1 5958 5957 5816 -1 5816 5815 5958 -1 5340 5815 5796 -1 5959 5960 5914 -1 5959 5914 5895 -1 5912 5961 5962 -1 5963 5910 5897 -1 5964 5910 5963 -1 5908 5961 5912 -1 5897 5898 5963 -1 5965 5961 5908 -1 5915 5965 5908 -1 5913 4879 4877 -1 5913 5869 5966 -1 5967 5968 5969 -1 5970 5854 5971 -1 5972 5915 5921 -1 5901 5972 5921 -1 5973 5974 5975 -1 5869 5870 5966 -1 5976 5977 5978 -1 5868 5972 5901 -1 5979 5919 5885 -1 5978 5980 5976 -1 5966 5870 5981 -1 5972 5868 5982 -1 5870 5873 5983 -1 5981 5870 5983 -1 5978 5977 5984 -1 5985 5982 5868 -1 5960 5986 5917 -1 5868 5904 5985 -1 5978 5984 5969 -1 5960 5917 5914 -1 5987 5920 5922 -1 5988 5989 5990 -1 5984 5991 5969 -1 5978 5969 5992 -1 5989 5993 5990 -1 5994 5918 5986 -1 5992 5969 5968 -1 5986 5918 5917 -1 5985 5904 5944 -1 5964 5963 5995 -1 5948 5925 5996 -1 5944 5874 5875 -1 5971 5854 5878 -1 5938 5983 5873 -1 5878 5920 5987 -1 5882 5881 5997 -1 5998 5918 5994 -1 5984 5999 5991 -1 5918 5998 5927 -1 5881 5950 5997 -1 5895 5910 5964 -1 5959 5895 5964 -1 5969 5991 5967 -1 6000 5960 5959 -1 5934 5879 6001 -1 5927 5998 5929 -1 5887 5952 5951 -1 5979 5885 5936 -1 6002 5940 5970 -1 5880 5940 6002 -1 6001 5880 6002 -1 5935 5947 5962 -1 5879 5880 6001 -1 5912 5962 5947 -1 5998 5979 5930 -1 6003 5892 5893 -1 5998 5930 5929 -1 5930 5979 5936 -1 5940 5854 5970 -1 5932 5931 6004 -1 5893 5894 6003 -1 5935 6004 5931 -1 5894 5856 6005 -1 6005 6003 5894 -1 5962 6004 5935 -1 5932 6006 5926 -1 6006 5996 5925 -1 5925 5926 6006 -1 6006 5932 6007 -1 5896 5899 6008 -1 5956 5955 5833 -1 5956 5866 6009 -1 6009 5889 5957 -1 5866 5889 6009 -1 5932 6004 6007 -1 6010 5899 5902 -1 6011 5995 5939 -1 5963 5939 5995 -1 6010 5859 6012 -1 5939 6013 6011 -1 5902 5859 6010 -1 6014 5988 6015 -1 5859 5905 6012 -1 5958 5815 6016 -1 5815 5340 6016 -1 6011 6013 6017 -1 5385 6016 5340 -1 5988 5990 6018 -1 5990 6019 6018 -1 6012 5905 5953 -1 6020 6014 6015 -1 6013 5939 5941 -1 5953 5872 6021 -1 5848 5872 5953 -1 5872 5954 6022 -1 6022 6021 5872 -1 6022 5954 6023 -1 5954 5876 6023 -1 5877 6023 5876 -1 6017 6013 6024 -1 6024 6013 5941 -1 5943 6024 5941 -1 6024 5943 6025 -1 5939 5963 5898 -1 5943 5942 5945 -1 6025 5943 5945 -1 6026 6027 6028 -1 5949 5946 5855 -1 6029 6026 6028 -1 6017 6024 6030 -1 5862 5948 6031 -1 5907 5925 5948 -1 5949 5862 6031 -1 6032 6033 6034 -1 6035 6036 6027 -1 6026 6035 6027 -1 6037 6032 6038 -1 6039 6037 6038 -1 6038 6040 6039 -1 6029 6041 6026 -1 6035 6026 6042 -1 6026 6041 6043 -1 5990 6044 6045 -1 5993 6044 5990 -1 6046 6047 5982 -1 5982 5985 6046 -1 6048 6049 6050 -1 6051 6052 6053 -1 6052 6054 6053 -1 6055 6056 6057 -1 5875 5985 5944 -1 6046 5985 5875 -1 6047 6046 6058 -1 6028 6059 6029 -1 6058 6046 5882 -1 6060 6061 6062 -1 6062 6063 6060 -1 5882 6046 5875 -1 6062 6061 6064 -1 6063 6062 6065 -1 6058 5882 5997 -1 6066 6049 6048 -1 6048 6067 6066 -1 5997 6068 6058 -1 6069 5973 6070 -1 5974 5973 6069 -1 6064 6071 6062 -1 5877 5955 6072 -1 6035 5989 6036 -1 6073 5956 6009 -1 5955 5956 6073 -1 5973 6074 6070 -1 5975 6074 5973 -1 6075 6070 6074 -1 6075 6074 6076 -1 5975 6077 6074 -1 6077 6078 6074 -1 6009 5957 6079 -1 5957 5958 6079 -1 6074 6078 6076 -1 6062 6071 6080 -1 6081 5903 6082 -1 5945 5903 6081 -1 6049 6066 6083 -1 6059 3577 6029 -1 6076 6084 6085 -1 5945 6081 6025 -1 6078 6077 6086 -1 6087 6076 6078 -1 5950 6088 5997 -1 6089 6029 3577 -1 6088 5950 5951 -1 6087 6084 6076 -1 5946 6082 5903 -1 6059 6090 3550 -1 6091 6084 6087 -1 3577 6092 6089 -1 6085 6093 6094 -1 6085 6084 6093 -1 6095 5952 5892 -1 6059 6028 6090 -1 6095 6003 6096 -1 6097 6081 6082 -1 6029 6089 6041 -1 6082 5946 6098 -1 6099 6100 6101 -1 6102 6066 6067 -1 5892 6003 6095 -1 6098 6097 6082 -1 6099 6103 6100 -1 6067 6104 6102 -1 6093 6084 6091 -1 6105 6093 6091 -1 6089 6092 6106 -1 5946 5949 6098 -1 6003 6005 6096 -1 6107 6102 6104 -1 6094 6093 6105 -1 6108 6096 6005 -1 6089 6106 6109 -1 6092 6110 6111 -1 6005 5856 6108 -1 5856 5896 6108 -1 6111 6110 6112 -1 6103 6099 6113 -1 6105 6114 6094 -1 6056 6115 6057 -1 6092 6111 6106 -1 5896 6116 6108 -1 6106 6111 6112 -1 6112 6117 6106 -1 6054 6113 6099 -1 6106 6117 6118 -1 6056 6030 6115 -1 6030 6056 6017 -1 6054 6119 6113 -1 6117 6120 6118 -1 6109 6118 6121 -1 6106 6118 6109 -1 6080 6122 6065 -1 6116 5896 6008 -1 6123 6122 6080 -1 6065 6062 6080 -1 6124 6125 6126 -1 4905 6102 6107 -1 6030 6127 6115 -1 6114 6105 6128 -1 6041 6089 6109 -1 6105 6129 6128 -1 5899 6010 6008 -1 6130 6129 6105 -1 6131 6041 6109 -1 6123 6080 6132 -1 6133 6080 6071 -1 3577 6059 3550 -1 6024 6134 6030 -1 6012 5953 6135 -1 6129 6136 6128 -1 6132 6080 6133 -1 6134 6025 6137 -1 6135 5953 6021 -1 6024 6025 6134 -1 6129 6138 6136 -1 3574 6139 6110 -1 6043 6041 6131 -1 6123 6140 6141 -1 3577 3574 6110 -1 6023 5877 6072 -1 6140 6123 6132 -1 6030 6134 6142 -1 6143 6043 6131 -1 6143 5977 6043 -1 6092 3577 6110 -1 3574 3581 6139 -1 6139 3581 6144 -1 6134 6137 6145 -1 6139 6144 6146 -1 6121 6118 6120 -1 6055 6147 6130 -1 6142 6127 6030 -1 6148 6149 6127 -1 6139 6150 6110 -1 6150 6139 6146 -1 6142 6148 6127 -1 6109 6121 6131 -1 6054 6052 6151 -1 6152 6148 6142 -1 6112 6110 6150 -1 6121 6120 6153 -1 6057 6147 6055 -1 6121 6153 6154 -1 6121 6154 6131 -1 6154 6050 6049 -1 6049 6131 6154 -1 6136 6138 6155 -1 6107 4904 4905 -1 6119 6054 6156 -1 6142 6134 6157 -1 6134 6145 6157 -1 6054 6151 6156 -1 6157 6152 6142 -1 6155 6125 6124 -1 6049 6143 6131 -1 6155 6138 6125 -1 6125 6138 6158 -1 4905 4906 6159 -1 6032 6160 6038 -1 6083 6143 6049 -1 6159 4906 6161 -1 6035 5993 5989 -1 6038 6162 6040 -1 4905 6159 6163 -1 6160 6162 6038 -1 6025 6081 6137 -1 6044 5993 6035 -1 6164 6158 6138 -1 6130 6138 6129 -1 6138 6130 6165 -1 6147 6165 6130 -1 6163 6161 6166 -1 6159 6161 6163 -1 6165 6164 6138 -1 6165 6147 6167 -1 4906 4879 6161 -1 6167 6147 6115 -1 6147 6057 6115 -1 4879 5913 6161 -1 6045 6019 5990 -1 6168 6169 5922 -1 6164 6165 6170 -1 6037 6039 6171 -1 6171 6039 6172 -1 6169 6173 5922 -1 6141 6039 6040 -1 5966 6161 5913 -1 6020 6077 5975 -1 6166 6161 5966 -1 6164 6170 6174 -1 6173 6175 6176 -1 6039 6141 6172 -1 5988 6177 6015 -1 6173 6176 5987 -1 6141 6178 6172 -1 6172 6178 6179 -1 6180 5988 6018 -1 6081 6097 6137 -1 6019 6180 6018 -1 6180 6019 6181 -1 5987 5922 6173 -1 6097 6182 6137 -1 6180 6177 5988 -1 6183 6184 6185 -1 6020 6015 6086 -1 6168 5922 5919 -1 6172 6179 6186 -1 6187 6015 6177 -1 6182 6145 6137 -1 6015 6187 6086 -1 6020 6086 6077 -1 6097 6098 6182 -1 5971 5878 6176 -1 5987 6176 5878 -1 6188 6189 6183 -1 6183 6189 6184 -1 6189 6190 6184 -1 6035 6042 6191 -1 6191 6044 6035 -1 6184 6190 6192 -1 6193 6083 6066 -1 5962 5961 6194 -1 6145 6182 6195 -1 5968 6000 6190 -1 6195 6196 6145 -1 6194 5961 6197 -1 6195 6182 6198 -1 6185 6184 6192 -1 6042 6199 6191 -1 5948 6200 6031 -1 5961 5965 6197 -1 6197 5965 6201 -1 6202 6031 6200 -1 5948 5996 6200 -1 6044 6203 6045 -1 6192 6190 5959 -1 6000 5959 6190 -1 6204 5965 5915 -1 6205 6083 6206 -1 5915 5972 6204 -1 6204 6201 5965 -1 6191 6203 6044 -1 6207 5949 6031 -1 5972 6047 6204 -1 6207 6031 6202 -1 6203 6191 6208 -1 5972 5982 6047 -1 6098 5949 6207 -1 5996 6006 6209 -1 6183 6185 6210 -1 5964 6210 6185 -1 6006 6007 6211 -1 6193 6212 6083 -1 6006 6211 6209 -1 6019 6045 6181 -1 6194 6211 6007 -1 6045 6203 6208 -1 6213 6211 6194 -1 6212 6206 6083 -1 6214 6210 5995 -1 6210 5964 5995 -1 6181 6045 6208 -1 6210 6214 6215 -1 6215 6214 6216 -1 6207 6182 6098 -1 6141 6140 6178 -1 6208 6199 6217 -1 6191 6199 6208 -1 6182 6207 6198 -1 6066 6102 6193 -1 6214 5995 6011 -1 6126 6218 6219 -1 6125 6218 6126 -1 6179 6220 6221 -1 6222 6221 6220 -1 5964 6185 6192 -1 6179 6221 6186 -1 6223 6219 6218 -1 6218 6224 6223 -1 6186 6221 6225 -1 6226 6224 6218 -1 6227 6225 6221 -1 6225 6227 5419 -1 6228 6224 6226 -1 5959 5964 6192 -1 6229 6193 6102 -1 6227 6221 6222 -1 6158 6218 6125 -1 5419 6227 6230 -1 5419 6230 5420 -1 6218 6158 6226 -1 6231 6226 6158 -1 6230 6227 6232 -1 6199 6042 6233 -1 6234 6230 6232 -1 6212 6193 6235 -1 6158 6164 6231 -1 6236 6233 6042 -1 6042 6237 6236 -1 6193 6229 6235 -1 6231 6164 6238 -1 5420 6230 6234 -1 5420 6234 5465 -1 6239 6240 6206 -1 5968 5967 6241 -1 6242 6226 6231 -1 6228 6226 6243 -1 6212 6239 6206 -1 6241 6000 5968 -1 6042 6026 6237 -1 6244 6231 6238 -1 6026 6043 6237 -1 5986 6000 6241 -1 6240 6239 6173 -1 6173 6169 6240 -1 6242 6231 6244 -1 5472 6234 6245 -1 5465 6234 5472 -1 6246 6242 6244 -1 6238 6164 6174 -1 6173 6239 6175 -1 5986 6241 5994 -1 6239 6247 6175 -1 6242 6243 6226 -1 6243 6242 6246 -1 6212 6235 6247 -1 6212 6247 6239 -1 6060 6063 6248 -1 6249 6247 6235 -1 6247 6249 6250 -1 6251 6252 6253 -1 6235 6254 6249 -1 6236 6237 5976 -1 6169 6168 5967 -1 6255 6250 6249 -1 6236 5976 6251 -1 6255 6256 6257 -1 6249 6256 6255 -1 6250 6175 6247 -1 6175 6250 6176 -1 6176 6250 5971 -1 6168 6241 5967 -1 6251 5976 6252 -1 6255 6257 5970 -1 5971 6255 5970 -1 6241 6168 5994 -1 5998 5994 6168 -1 6250 6255 5971 -1 6248 6063 6258 -1 6168 5979 5998 -1 6163 6102 4905 -1 6163 6229 6102 -1 6253 6252 6259 -1 5919 5979 6168 -1 6252 5976 5980 -1 6163 6260 6229 -1 6229 6260 6261 -1 6262 6261 6260 -1 6263 6063 6122 -1 6258 6063 6263 -1 6264 6166 5966 -1 6122 6063 6065 -1 6260 6166 6265 -1 6163 6166 6260 -1 6166 6264 6266 -1 6266 6265 6166 -1 5981 6264 5966 -1 6266 6264 5981 -1 6262 6260 6265 -1 6000 5986 5960 -1 6252 6188 6259 -1 5938 6262 6265 -1 6188 6252 6189 -1 6189 6252 5980 -1 5983 5938 6265 -1 6266 5983 6265 -1 6267 6268 6269 -1 6270 6268 6267 -1 5981 5983 6266 -1 6189 5980 6190 -1 6254 6235 6229 -1 6271 6254 6229 -1 6033 6269 6034 -1 6267 6269 6033 -1 6229 6261 6271 -1 6271 6261 5937 -1 5933 6271 5937 -1 6272 6269 6268 -1 6273 6269 6272 -1 6273 6034 6269 -1 6271 5933 5934 -1 6034 6273 6032 -1 6004 5962 6007 -1 6032 6273 6160 -1 5978 5992 5980 -1 5937 6262 5938 -1 6261 6262 5937 -1 5980 5992 6190 -1 6160 6274 6162 -1 6249 6254 6256 -1 6256 6271 6001 -1 6254 6271 6256 -1 6190 5992 5968 -1 5962 6194 6007 -1 6001 6271 5934 -1 6263 6122 6275 -1 6257 6256 6001 -1 6002 6257 6001 -1 5970 6257 6002 -1 6275 6122 6276 -1 6276 6122 6123 -1 6055 6216 6056 -1 6056 6216 6017 -1 6214 6011 6216 -1 6043 5977 6237 -1 6162 6274 6277 -1 6162 6275 6276 -1 6017 6216 6011 -1 6277 6275 6162 -1 6162 6276 6040 -1 6141 6276 6123 -1 6276 6141 6040 -1 6237 5977 5976 -1 6157 6278 6152 -1 6279 6278 6157 -1 6279 6157 6280 -1 6281 6279 6280 -1 6280 6145 6196 -1 6157 6145 6280 -1 6280 6196 6282 -1 6195 6282 6196 -1 6205 5999 6143 -1 6083 6205 6143 -1 6280 6282 6283 -1 6283 6282 6284 -1 6283 6281 6280 -1 5999 5977 6143 -1 6195 6284 6282 -1 5977 5999 5984 -1 5999 6205 6240 -1 6285 6061 6060 -1 6281 6283 6286 -1 6286 6283 6287 -1 6240 6205 6206 -1 6283 6284 6287 -1 6287 6284 6053 -1 6051 6053 6284 -1 6287 6053 6101 -1 6287 6101 6288 -1 6240 5991 5999 -1 6101 6053 6099 -1 6054 6099 6053 -1 5991 6240 6169 -1 6169 5967 5991 -1 5997 6289 6068 -1 6290 6050 6291 -1 6048 6050 6290 -1 6292 6112 6293 -1 6289 5997 6088 -1 6115 6127 6149 -1 6292 6117 6112 -1 6117 6292 6294 -1 6295 6117 6294 -1 6120 6117 6295 -1 6088 5951 6296 -1 6297 6120 6295 -1 6067 6048 6290 -1 6153 6120 6297 -1 6298 6067 6290 -1 5951 5952 6296 -1 6198 6299 6195 -1 6200 5996 6209 -1 6300 6296 5952 -1 6154 6153 6301 -1 5952 6095 6300 -1 6302 6303 6107 -1 6200 6209 6202 -1 6304 6207 6202 -1 6050 6154 6301 -1 6291 6050 6301 -1 6107 6303 4921 -1 6107 4921 4904 -1 6104 6067 6298 -1 6208 6305 6181 -1 6217 6305 6208 -1 6298 6302 6104 -1 6306 6307 6308 -1 6299 6198 6309 -1 6107 6104 6302 -1 6217 6233 6253 -1 6199 6233 6217 -1 6308 6310 6306 -1 6233 6236 6251 -1 6233 6251 6253 -1 6209 6304 6202 -1 6304 6209 6311 -1 6209 6211 6311 -1 6311 6211 6312 -1 6299 6309 6313 -1 6314 6306 6315 -1 6181 6305 6316 -1 6317 6315 6306 -1 6316 6318 6181 -1 6211 6213 6319 -1 6319 6312 6211 -1 6213 6197 6319 -1 6217 6316 6305 -1 6320 6321 6317 -1 6316 6322 6318 -1 6323 6095 6096 -1 6311 6207 6304 -1 6323 6108 6324 -1 6108 6323 6096 -1 6313 6051 6299 -1 6325 6324 6108 -1 6322 6316 6326 -1 6116 6325 6108 -1 6325 6008 6327 -1 6207 6311 6198 -1 6144 3581 3662 -1 6008 6325 6116 -1 6316 6259 6188 -1 6327 6008 6010 -1 6328 6198 6311 -1 6316 6188 6326 -1 6217 6253 6259 -1 6259 6316 6217 -1 6146 6144 6329 -1 6150 6146 6329 -1 6293 6150 6329 -1 6320 6330 6321 -1 6112 6150 6293 -1 6198 6328 6309 -1 6321 6330 6331 -1 6312 6328 6311 -1 6330 6320 6332 -1 6312 6319 6333 -1 6334 6333 6319 -1 6309 6328 6308 -1 6312 6333 6328 -1 6075 6335 6336 -1 6070 6075 6336 -1 6075 6076 6335 -1 6308 6328 6333 -1 6335 6085 6337 -1 6309 6308 6307 -1 6085 6335 6076 -1 6338 6219 6339 -1 6219 6223 6339 -1 6331 6330 6340 -1 6341 6340 6330 -1 6223 6342 6339 -1 6342 6223 6224 -1 6340 6343 6344 -1 6343 6340 6341 -1 6224 6345 6342 -1 6224 6228 6345 -1 6086 6187 6078 -1 6346 6345 6228 -1 6347 6072 6073 -1 6073 6072 5955 -1 6244 6238 6348 -1 6349 6244 6348 -1 6010 6012 6350 -1 6177 6180 6318 -1 6078 6187 6087 -1 6073 6009 6351 -1 6244 6349 6246 -1 6180 6181 6318 -1 6012 6135 6350 -1 6350 6135 6352 -1 6135 6021 6352 -1 6238 6174 6348 -1 6318 6187 6177 -1 6351 6009 6353 -1 6348 6174 6354 -1 6178 6140 6220 -1 6322 6187 6318 -1 6352 6022 6355 -1 6021 6022 6352 -1 6179 6178 6220 -1 6355 6023 6356 -1 6022 6023 6355 -1 6009 6079 6353 -1 6313 6309 6357 -1 6356 6072 6347 -1 6072 6356 6023 -1 6220 6140 6358 -1 6228 6243 6359 -1 6360 6220 6358 -1 6361 6346 6228 -1 6228 6359 6361 -1 6322 6087 6187 -1 6309 6307 6357 -1 6246 6362 6243 -1 6362 6246 6349 -1 6363 6079 5958 -1 5958 6016 6363 -1 6359 6243 6362 -1 6222 6220 6360 -1 6016 5385 6363 -1 5450 6363 5385 -1 6222 6364 6365 -1 6346 6361 6366 -1 6361 6359 6367 -1 6367 6359 6362 -1 6361 6367 6366 -1 6087 6322 6368 -1 6094 6369 6370 -1 6371 6248 6372 -1 6222 6365 6232 -1 6248 6371 6060 -1 6370 6337 6085 -1 6085 6094 6370 -1 6313 6357 6051 -1 6371 6373 6060 -1 6373 6374 6060 -1 6227 6222 6232 -1 6051 6357 6375 -1 6376 6369 6094 -1 6094 6114 6376 -1 6377 6364 6378 -1 6378 6379 6377 -1 6364 6377 6365 -1 6051 6375 6052 -1 6380 6365 6377 -1 6381 6380 6377 -1 6372 6248 6382 -1 6380 6381 6383 -1 6384 6248 6258 -1 6382 6248 6384 -1 6357 6307 6314 -1 6380 6383 6385 -1 6382 6384 6386 -1 6387 6232 6365 -1 6388 6384 6263 -1 6386 6384 6388 -1 6384 6258 6263 -1 6389 6387 6365 -1 6306 6314 6307 -1 6087 6215 6091 -1 6321 6357 6314 -1 6215 6130 6091 -1 6390 6391 6270 -1 6234 6232 6387 -1 6390 6270 6267 -1 6392 6270 6391 -1 6387 6389 6245 -1 6245 6234 6387 -1 6268 6270 6392 -1 6393 6124 6394 -1 6321 6375 6357 -1 6126 6219 6338 -1 6338 6394 6126 -1 6268 6395 6272 -1 6126 6394 6124 -1 6365 6380 6389 -1 6396 6272 6395 -1 6376 6114 6128 -1 6272 6396 6274 -1 6397 6376 6128 -1 6385 6389 6380 -1 6321 6314 6315 -1 6397 6136 6398 -1 6136 6397 6128 -1 6273 6272 6274 -1 6274 6160 6273 -1 6321 6315 6317 -1 6399 6245 6389 -1 6130 6105 6091 -1 6389 6385 6399 -1 6388 6263 6396 -1 6400 6064 6061 -1 6275 6277 6263 -1 6396 6263 6277 -1 6396 6277 6274 -1 6152 6401 6148 -1 6402 6403 6101 -1 6401 6152 6278 -1 6101 6100 6402 -1 6279 6404 6278 -1 6404 6281 6405 -1 6055 6130 6215 -1 6279 6281 6404 -1 6100 6103 6406 -1 6407 6405 6281 -1 6195 6299 6051 -1 6051 6284 6195 -1 6407 6281 6286 -1 6132 6133 6408 -1 6136 6409 6398 -1 6060 6374 6285 -1 6410 6285 6374 -1 6411 6132 6408 -1 6155 6409 6136 -1 6061 6285 6410 -1 6061 6410 6400 -1 6409 6124 6393 -1 6155 6124 6409 -1 6286 6412 6407 -1 6286 6287 6412 -1 6167 6413 6165 -1 6140 6132 6411 -1 6411 6358 6140 -1 6364 6414 6378 -1 6288 6412 6287 -1 6415 5472 6245 -1 6113 6119 6416 -1 6416 6417 6113 -1 6415 6245 6399 -1 6413 6167 6418 -1 6149 6167 6115 -1 6288 6101 6403 -1 6167 6149 6418 -1 6419 6416 6119 -1 6420 6419 6119 -1 6421 6170 6413 -1 6165 6413 6170 -1 6170 6421 6174 -1 6174 6421 6354 -1 6379 6378 6422 -1 5474 6415 6423 -1 6419 6422 6416 -1 6326 6424 6322 -1 6419 6420 6381 -1 5472 6415 5474 -1 6183 6326 6188 -1 6322 6424 6368 -1 6424 6326 6183 -1 6383 6425 6426 -1 6381 6425 6383 -1 6426 6427 6383 -1 6151 6428 6429 -1 6052 6375 6428 -1 6428 6151 6052 -1 6087 6368 6215 -1 6430 6427 6426 -1 6321 6428 6375 -1 6426 6425 6431 -1 6425 6432 6431 -1 6368 6210 6215 -1 6368 6424 6210 -1 6210 6424 6183 -1 6431 6430 6426 -1 6385 6383 6433 -1 6428 6321 6331 -1 6385 6433 6399 -1 6331 6429 6428 -1 6434 6427 6430 -1 6430 6435 6434 -1 6055 6215 6216 -1 6430 6431 6436 -1 6430 6436 6437 -1 6437 6435 6430 -1 6432 6438 6431 -1 6420 6119 6156 -1 6438 6439 6431 -1 6440 6436 6431 -1 6151 6429 6441 -1 6441 6156 6151 -1 6431 6439 6340 -1 6442 6420 6156 -1 6425 6381 6420 -1 6431 6340 6440 -1 6420 6442 6425 -1 6156 6441 6442 -1 6432 6425 6442 -1 6441 6429 6443 -1 6444 6436 6440 -1 6440 6340 6344 -1 6440 6344 6444 -1 6331 6443 6429 -1 6441 6443 6442 -1 6443 6432 6442 -1 6415 6399 6433 -1 6423 6415 6433 -1 6432 6443 6438 -1 6434 6435 5505 -1 6443 6331 6340 -1 6439 6438 6443 -1 6340 6439 6443 -1 5505 6435 5435 -1 6213 6194 6197 -1 6334 6197 6445 -1 6435 6437 5438 -1 6197 6334 6319 -1 5435 6435 5438 -1 6197 6201 6445 -1 6446 6445 6201 -1 6334 6445 6447 -1 6436 6444 6437 -1 6204 6446 6201 -1 6204 6047 6446 -1 6446 6047 6448 -1 6437 6444 5444 -1 6058 6448 6047 -1 6448 6058 6068 -1 6334 6447 6310 -1 6310 6333 6334 -1 6437 5444 5438 -1 6449 5444 6444 -1 6310 6308 6333 -1 6447 6446 6450 -1 6445 6446 6447 -1 6451 6372 6382 -1 6393 6394 6452 -1 6452 6453 6393 -1 6341 6332 6454 -1 6454 6343 6341 -1 6297 6301 6153 -1 6455 6446 6448 -1 6452 6394 6456 -1 6446 6455 6450 -1 6394 6338 6456 -1 6376 6397 6457 -1 6455 6448 6458 -1 6409 6459 6398 -1 6447 6460 6310 -1 6413 6461 6421 -1 6460 6462 6310 -1 6463 6464 6465 -1 6354 6421 6461 -1 6466 6413 6418 -1 6413 6466 6461 -1 6467 6386 6468 -1 6447 6450 6460 -1 6382 6386 6467 -1 6418 6149 6469 -1 6470 6471 6472 -1 6472 6347 6473 -1 6473 6474 6472 -1 6460 6450 6475 -1 6073 6473 6347 -1 6148 6476 6149 -1 6332 6477 6454 -1 6474 6473 6478 -1 6073 6478 6473 -1 6478 6073 6351 -1 6476 6148 6401 -1 6388 6468 6386 -1 6479 6454 6477 -1 6480 6338 6339 -1 6481 6455 6458 -1 6455 6475 6450 -1 6339 6342 6480 -1 6480 6342 6482 -1 6455 6481 6475 -1 6474 6478 6483 -1 6342 6345 6482 -1 6482 6345 6484 -1 6484 6346 6485 -1 6345 6346 6484 -1 6462 6460 6486 -1 6478 6351 6353 -1 6483 6478 6487 -1 6353 6487 6478 -1 6488 6391 6489 -1 6486 6460 6475 -1 6290 6291 6490 -1 6490 6491 6290 -1 6475 6492 6486 -1 6289 6448 6068 -1 6448 6289 6458 -1 6487 6464 6483 -1 6493 6362 6349 -1 6290 6491 6298 -1 6485 6346 6494 -1 6495 6298 6491 -1 6346 6366 6494 -1 6289 6088 6458 -1 6367 6362 6493 -1 6302 6495 6496 -1 6391 6488 6392 -1 6366 6367 6497 -1 6493 6497 6367 -1 4935 4921 6303 -1 6458 6088 6296 -1 6296 6481 6458 -1 6464 6487 6465 -1 6498 6499 6371 -1 6465 6487 6500 -1 6499 6501 6373 -1 6371 6499 6373 -1 6303 6302 6496 -1 6268 6392 6502 -1 6372 6503 6498 -1 6481 6296 6504 -1 6487 6353 6505 -1 6372 6498 6371 -1 6468 6388 6506 -1 6495 6302 6298 -1 6373 6501 6374 -1 6475 6481 6504 -1 6388 6396 6506 -1 6505 6500 6487 -1 6395 6268 6502 -1 6353 6079 6505 -1 6504 6296 6300 -1 6475 6504 6492 -1 6507 6454 6479 -1 5444 6449 5445 -1 6506 6396 6395 -1 5479 5445 6449 -1 6310 6462 6508 -1 6508 6306 6310 -1 6449 6509 5479 -1 6278 6510 6401 -1 6511 5479 6509 -1 6278 6404 6510 -1 6510 6404 6405 -1 6343 6454 6512 -1 6513 6508 6462 -1 6514 6405 6407 -1 6513 6462 6486 -1 6515 6513 6486 -1 6511 6509 6463 -1 6513 6515 6516 -1 6306 6508 6317 -1 6317 6508 6517 -1 6454 6507 6512 -1 6518 6517 6508 -1 6519 6374 6501 -1 6465 6511 6463 -1 6317 6517 6320 -1 6520 6410 6374 -1 6511 6465 6521 -1 6400 6410 6520 -1 6508 6513 6518 -1 5479 6511 5481 -1 6512 6507 6470 -1 6516 6518 6513 -1 6522 6412 6288 -1 6288 6403 6522 -1 6522 6403 6402 -1 6523 6524 6525 -1 6064 6400 6526 -1 6517 6518 6527 -1 6511 6521 5481 -1 6518 6516 6523 -1 6528 6064 6526 -1 5481 6521 5515 -1 6523 6527 6518 -1 6071 6064 6528 -1 6071 6528 6133 -1 6524 6327 6525 -1 6300 6492 6504 -1 6492 6300 6529 -1 6486 6492 6515 -1 6133 6528 6530 -1 6529 6515 6492 -1 6300 6095 6529 -1 6095 6323 6529 -1 6525 6327 6350 -1 6100 6531 6402 -1 6515 6529 6324 -1 6406 6531 6100 -1 6531 6406 6532 -1 6324 6529 6323 -1 6350 6327 6010 -1 6533 6406 6103 -1 6324 6516 6515 -1 6516 6324 6534 -1 6523 6516 6524 -1 6516 6534 6524 -1 6534 6324 6325 -1 6408 6133 6530 -1 6477 6525 6479 -1 6411 6408 6535 -1 6524 6534 6327 -1 6327 6534 6325 -1 6411 6535 6414 -1 6479 6525 6536 -1 6537 6332 6320 -1 6536 6350 6352 -1 6525 6350 6536 -1 6414 6538 6378 -1 6517 6527 6537 -1 6537 6320 6517 -1 6414 6358 6411 -1 6358 6414 6360 -1 6364 6360 6414 -1 6527 6523 6477 -1 6523 6525 6477 -1 6537 6527 6477 -1 6113 6533 6103 -1 6477 6332 6537 -1 6417 6533 6113 -1 6479 6536 6539 -1 6352 6539 6536 -1 6500 6521 6465 -1 6417 6416 6540 -1 6507 6479 6471 -1 6539 6471 6479 -1 6540 6416 6422 -1 6541 6521 6500 -1 6471 6470 6507 -1 6500 6505 6541 -1 6363 6505 6079 -1 6538 6540 6378 -1 6378 6540 6422 -1 6539 6352 6355 -1 6332 6341 6330 -1 6505 6363 6541 -1 6539 6355 6542 -1 6542 6471 6539 -1 5515 6521 5522 -1 6521 6541 5522 -1 6356 6542 6355 -1 5522 6541 5490 -1 5450 6541 6363 -1 5490 6541 5450 -1 6379 6422 6419 -1 6379 6419 6381 -1 6543 6070 6336 -1 6337 6336 6335 -1 6471 6542 6472 -1 6370 6369 6544 -1 6544 6369 6545 -1 6542 6356 6347 -1 6369 6376 6457 -1 6457 6545 6369 -1 6542 6347 6472 -1 3870 6144 3662 -1 6329 6144 3870 -1 6364 6222 6360 -1 6379 6381 6377 -1 6423 5475 5474 -1 6433 6383 6427 -1 6433 6427 6434 -1 6433 6434 6423 -1 5505 6423 6434 -1 5475 6423 5505 -1 6343 6546 6344 -1 6344 6546 6547 -1 6343 6512 6546 -1 6470 6472 6474 -1 6474 6512 6470 -1 6546 6512 6548 -1 6548 6547 6546 -1 6474 6548 6512 -1 6548 6474 6483 -1 6444 6344 6449 -1 6344 6509 6449 -1 6547 6509 6344 -1 6547 6548 6463 -1 6463 6548 6464 -1 6548 6483 6464 -1 6547 6463 6509 -1 6468 6506 6549 -1 6382 6467 6550 -1 6467 6468 6549 -1 6397 6551 6457 -1 6397 6398 6551 -1 6459 6551 6398 -1 6409 6453 6459 -1 6393 6453 6409 -1 6354 6461 6552 -1 6552 6553 6354 -1 6418 6554 6466 -1 6466 6552 6461 -1 6554 6418 6469 -1 6555 6488 6489 -1 6336 6337 6556 -1 6469 6149 6476 -1 6337 6370 6544 -1 6556 6337 6544 -1 6557 6456 6338 -1 6392 6488 6555 -1 6555 6502 6392 -1 6557 6338 6480 -1 6549 6506 6558 -1 6559 6482 6560 -1 6480 6482 6559 -1 6395 6561 6506 -1 6482 6484 6560 -1 6395 6502 6561 -1 6476 6401 6562 -1 6562 6401 6510 -1 6349 6348 6563 -1 6291 6301 6564 -1 6565 6291 6564 -1 6566 6510 6405 -1 6405 6514 6566 -1 6348 6354 6553 -1 6563 6348 6553 -1 6514 6407 6567 -1 6374 6519 6520 -1 6400 6520 6568 -1 6493 6349 6563 -1 6567 6407 6412 -1 6412 6522 6567 -1 6568 6526 6400 -1 6568 6569 6526 -1 6570 6526 6569 -1 6570 6528 6526 -1 6571 6528 6570 -1 6494 6366 6497 -1 6571 6530 6528 -1 6571 6572 6530 -1 6499 6498 6573 -1 6572 6574 6575 -1 6499 6576 6501 -1 6522 6402 6577 -1 6402 6531 6577 -1 6578 6577 6531 -1 6573 6498 6503 -1 6532 6578 6531 -1 6578 6579 6574 -1 6578 6532 6579 -1 6574 6579 6575 -1 6579 6532 6533 -1 6406 6533 6532 -1 6408 6572 6575 -1 6530 6572 6408 -1 6372 6451 6503 -1 6408 6575 6538 -1 6538 6535 6408 -1 6535 6538 6414 -1 6575 6579 6538 -1 6538 6579 6540 -1 6579 6533 6417 -1 6579 6417 6540 -1 6451 6382 6550 -1 6490 6291 6565 -1 6580 6491 6490 -1 6495 6491 6581 -1 4935 6303 6582 -1 6582 4942 4935 -1 6496 6582 6303 -1 3870 6583 6329 -1 6293 6329 6583 -1 6467 6549 6584 -1 6489 6585 6555 -1 6586 6457 6551 -1 6587 6551 6459 -1 6561 6558 6506 -1 6588 6476 6562 -1 6552 6589 6553 -1 6589 6552 6590 -1 6510 6591 6562 -1 6466 6590 6552 -1 6554 6590 6466 -1 6566 6591 6510 -1 6590 6554 6592 -1 6554 6469 6593 -1 6593 6592 6554 -1 6501 6576 6519 -1 6476 6593 6469 -1 6476 6588 6593 -1 6480 6559 6557 -1 6520 6519 6594 -1 6520 6594 6595 -1 6520 6595 6568 -1 6565 6580 6490 -1 6567 6596 6595 -1 6597 6484 6485 -1 6563 6598 6599 -1 6581 6491 6580 -1 6600 6553 6589 -1 6595 6596 6568 -1 6596 6567 6522 -1 6596 6522 6601 -1 6563 6553 6600 -1 6598 6563 6600 -1 6596 6569 6568 -1 6493 6563 6599 -1 6577 6601 6522 -1 6596 6601 6569 -1 6602 6493 6599 -1 6496 6495 6581 -1 6569 6571 6570 -1 6603 6496 6581 -1 6569 6601 6571 -1 6571 6577 6578 -1 4942 6582 4951 -1 6601 6577 6571 -1 6604 6497 6605 -1 6571 6578 6574 -1 6574 6572 6571 -1 6493 6602 6605 -1 6497 6493 6605 -1 6497 6604 6494 -1 6582 6496 6603 -1 4951 6582 6603 -1 6573 6606 6499 -1 6499 6606 6576 -1 6583 3870 3961 -1 6550 6607 6451 -1 6293 6583 6608 -1 6609 6293 6608 -1 6610 6585 6489 -1 6544 6545 6556 -1 6457 6586 6545 -1 6292 6293 6609 -1 6609 6611 6292 -1 6294 6292 6611 -1 6295 6294 6612 -1 6613 6295 6612 -1 6297 6295 6613 -1 6564 6301 6614 -1 6550 6467 6615 -1 6615 6467 6584 -1 6453 6452 6616 -1 6452 6456 6617 -1 6586 6551 6587 -1 6588 6562 6618 -1 6591 6618 6562 -1 6587 6459 6619 -1 6519 6576 6620 -1 6618 6592 6593 -1 6618 6593 6588 -1 6566 6514 6621 -1 6617 6557 6622 -1 6456 6557 6617 -1 6623 6621 6514 -1 6567 6623 6514 -1 6624 6595 6594 -1 6623 6595 6624 -1 6559 6560 6625 -1 6623 6567 6595 -1 6625 6560 6597 -1 6560 6484 6597 -1 6599 6598 6626 -1 6590 6627 6589 -1 6589 6628 6600 -1 6628 6589 6627 -1 6590 6592 6627 -1 6600 6628 6598 -1 6626 6598 6628 -1 6629 6599 6626 -1 6602 6599 6629 -1 6630 6603 6581 -1 6603 6631 4951 -1 6485 6632 6597 -1 6494 6632 6485 -1 6632 6494 6604 -1 6604 6605 6633 -1 6602 6634 6605 -1 6634 6629 6635 -1 6602 6629 6634 -1 6635 6636 6634 -1 6635 6637 6638 -1 6629 6637 6635 -1 6637 6639 6503 -1 6503 6639 6573 -1 6573 6639 6640 -1 6640 6641 6606 -1 6606 6573 6640 -1 6620 6576 6606 -1 6638 6503 6451 -1 6637 6503 6638 -1 6607 6638 6451 -1 6607 6550 6615 -1 4986 6583 3961 -1 6608 6583 4986 -1 6585 6610 6642 -1 6584 6549 6558 -1 6612 6294 6611 -1 6643 6297 6613 -1 6301 6297 6643 -1 4951 6631 4962 -1 6644 6618 6645 -1 6628 6646 6647 -1 6647 6646 6648 -1 6626 6647 6649 -1 6628 6647 6626 -1 6649 6647 6650 -1 6646 6644 6648 -1 6648 6644 6651 -1 6650 6648 6641 -1 6647 6648 6650 -1 6650 6641 6640 -1 6611 6609 6652 -1 6652 6653 6611 -1 6651 6641 6648 -1 6612 6611 6653 -1 6641 6651 6606 -1 6612 6653 6613 -1 6301 6643 6614 -1 6626 6637 6629 -1 6632 6654 6597 -1 6633 6605 6655 -1 6636 6655 6605 -1 6656 6635 6638 -1 6607 6656 6638 -1 6636 6605 6634 -1 6636 6635 6656 -1 6607 6615 6656 -1 6619 6459 6616 -1 6453 6616 6459 -1 6637 6649 6639 -1 6626 6649 6637 -1 6616 6452 6657 -1 6649 6650 6639 -1 6639 6650 6640 -1 6452 6617 6657 -1 6580 6565 6658 -1 6606 6651 6620 -1 6622 6557 6659 -1 6557 6559 6659 -1 6660 6659 6559 -1 6581 6580 6630 -1 6631 6603 6630 -1 6627 6646 6628 -1 6646 6592 6644 -1 6627 6592 6646 -1 6618 6644 6592 -1 4986 3961 4069 -1 6608 4986 6661 -1 6615 6584 6662 -1 6661 6652 6609 -1 6609 6608 6661 -1 6662 6584 6663 -1 6584 6558 6663 -1 6663 6558 6664 -1 6555 6585 6642 -1 6665 6555 6642 -1 6502 6555 6665 -1 6561 6502 6665 -1 6664 6558 6561 -1 6645 6618 6591 -1 6645 6591 6566 -1 6566 6666 6645 -1 6666 6566 6621 -1 6620 6651 6666 -1 6667 6620 6666 -1 6667 6621 6624 -1 6666 6621 6667 -1 6620 6667 6519 -1 6519 6667 6594 -1 6624 6621 6623 -1 6667 6624 6594 -1 4962 6631 6668 -1 6651 6644 6645 -1 4970 4962 6668 -1 6669 6668 6631 -1 6625 6597 6654 -1 6604 6633 6632 -1 6670 6671 6652 -1 6672 6652 6671 -1 6673 6672 6671 -1 6619 6616 6674 -1 6652 6672 6653 -1 6653 6672 6675 -1 6653 6675 6613 -1 6657 6674 6616 -1 6675 6643 6613 -1 6643 6675 6676 -1 6675 6672 6673 -1 6677 6643 6676 -1 6643 6677 6614 -1 6586 6587 6678 -1 6614 6679 6564 -1 6678 6587 6619 -1 6565 6564 6679 -1 6625 6660 6559 -1 6631 6630 6669 -1 6680 6655 6636 -1 6680 6636 6681 -1 6681 6656 6682 -1 6636 6656 6681 -1 6662 6682 6656 -1 6662 6656 6615 -1 6662 6663 6682 -1 6683 6684 6642 -1 6685 6642 6684 -1 6686 6682 6663 -1 6686 6663 6664 -1 6642 6685 6665 -1 6664 6665 6685 -1 6665 6664 6561 -1 6645 6666 6651 -1 6661 4986 4985 -1 6670 6661 4985 -1 6661 6670 6652 -1 6625 6687 6660 -1 6625 6688 6687 -1 6625 6654 6688 -1 6654 6632 6688 -1 6632 6633 6689 -1 6633 6655 6689 -1 6658 6565 6679 -1 6580 6658 6690 -1 6630 6580 6690 -1 6670 4992 6671 -1 6691 6673 6671 -1 6655 6680 6689 -1 6689 6680 6692 -1 6673 6691 6693 -1 6681 6692 6680 -1 6692 6694 6695 -1 6673 6676 6675 -1 6694 6692 6681 -1 6676 6673 6696 -1 6694 6681 6697 -1 6696 6673 6693 -1 6681 6682 6697 -1 6683 6698 6695 -1 6683 6694 6684 -1 6677 6696 6699 -1 6695 6694 6683 -1 6676 6696 6677 -1 6677 6699 6614 -1 6697 6686 6684 -1 6694 6697 6684 -1 6684 6686 6685 -1 6670 4985 4992 -1 6679 6614 6699 -1 6686 6697 6682 -1 6685 6686 6664 -1 6691 6671 4992 -1 6688 6632 6700 -1 6700 6689 6701 -1 6632 6689 6700 -1 4999 6691 4992 -1 6699 6696 6702 -1 6703 6704 6705 -1 6691 6703 6693 -1 6679 6699 6702 -1 6693 6703 6705 -1 6695 6706 6692 -1 6695 6698 6706 -1 6702 6696 6707 -1 6658 6679 6702 -1 6669 6690 6708 -1 6630 6690 6669 -1 6668 6669 4997 -1 4970 6668 4997 -1 6708 4997 6669 -1 4999 5001 6691 -1 6692 6701 6689 -1 5001 6703 6691 -1 6709 6692 6706 -1 6704 6703 5001 -1 6704 6710 6705 -1 6705 6710 6711 -1 6696 6693 6705 -1 6696 6705 6707 -1 6707 6705 6711 -1 6660 6687 6712 -1 5007 6713 6714 -1 6713 5007 4982 -1 6715 6702 6707 -1 6715 6690 6658 -1 6702 6715 6658 -1 6715 6716 6690 -1 6708 6690 6716 -1 4983 6713 4982 -1 4997 6713 4983 -1 6713 4997 6708 -1 6701 6692 6709 -1 6712 6687 6717 -1 6704 5001 5010 -1 6687 6688 6717 -1 6710 6704 5010 -1 6717 6688 6700 -1 6711 6718 6707 -1 6710 6719 6711 -1 6720 6711 6719 -1 5007 6714 5011 -1 5011 6714 6720 -1 6707 6718 6715 -1 6711 6720 6718 -1 6718 6720 6716 -1 6720 6714 6716 -1 6716 6715 6718 -1 6716 6714 6708 -1 6714 6713 6708 -1 6700 6701 6721 -1 6722 6721 6701 -1 6709 6706 6723 -1 6701 6709 6722 -1 5013 5011 6719 -1 6719 6710 5010 -1 6719 5011 6720 -1 6712 6717 6724 -1 6717 6700 6725 -1 6700 6721 6725 -1 5010 5013 6719 -1 6724 6717 6725 -1 6725 6721 6726 -1 6709 6723 6727 -1 6709 6727 6722 -1 6725 6728 6724 -1 6722 6727 6729 -1 6729 6726 6721 -1 6722 6729 6721 -1 6725 6726 6728 -1 6726 6729 6730 -1 6726 6730 6728 -1 6731 6732 6733 -1 6734 6735 6731 -1 6735 6734 6736 -1 6732 6731 6735 -1 6737 6738 6739 -1 6740 6739 6741 -1 6742 6743 6744 -1 6745 6746 6747 -1 6744 6743 6748 -1 6749 6750 6751 -1 6741 6739 6738 -1 6752 6741 6738 -1 6753 6741 6752 -1 6754 6747 6746 -1 6753 6752 5021 -1 6755 6749 6751 -1 6756 6752 6738 -1 6742 6757 6743 -1 6758 6759 6760 -1 6757 6761 6743 -1 6762 6760 6759 -1 6754 6763 6747 -1 6763 6754 6764 -1 6765 6766 6755 -1 6767 6742 6768 -1 6769 6742 6767 -1 6759 6758 6770 -1 6765 6755 6771 -1 6762 6759 6770 -1 6772 6773 6740 -1 6740 6773 6774 -1 6775 6754 6746 -1 6776 6754 6775 -1 6742 6769 6757 -1 6777 6778 6764 -1 6779 6780 6737 -1 6754 6781 6764 -1 6738 6737 6780 -1 6743 6761 6782 -1 6764 6778 6763 -1 6783 6779 6737 -1 6760 6762 2641 -1 6781 6754 6776 -1 6757 6783 6761 -1 6784 2641 6762 -1 6785 6777 6786 -1 6785 6787 6788 -1 6776 6789 6781 -1 6787 6785 6786 -1 6762 6790 6784 -1 6791 6761 6783 -1 6780 6779 6792 -1 6741 6772 6740 -1 6783 6737 6791 -1 6764 6793 6777 -1 6793 6764 6781 -1 6772 6794 6795 -1 6793 6796 6786 -1 6792 6779 6797 -1 6777 6793 6786 -1 6793 6781 6789 -1 6798 6797 6733 -1 6792 6797 6798 -1 6794 6772 6741 -1 6799 6793 6789 -1 6796 6793 6799 -1 6783 6757 6800 -1 6787 6786 6796 -1 6801 6787 6796 -1 6733 6732 6802 -1 6803 6796 6799 -1 6801 6796 6803 -1 6798 6733 6802 -1 6804 6803 6799 -1 6798 6802 6805 -1 6806 6798 6805 -1 6765 6807 6766 -1 6790 6762 6770 -1 6769 6767 6808 -1 6808 6767 6809 -1 6741 6753 6794 -1 6810 6806 6805 -1 6757 6769 6811 -1 6735 6812 6732 -1 6812 6735 6813 -1 6814 6812 6813 -1 6790 6770 6815 -1 6811 6769 6808 -1 6802 6732 6812 -1 6812 6816 6802 -1 6807 6765 6817 -1 6816 6812 6814 -1 6805 6802 6816 -1 6816 6818 6805 -1 6805 6818 6810 -1 6808 6809 6819 -1 6758 6820 6770 -1 6820 6758 6821 -1 6811 6808 6822 -1 6822 6808 6819 -1 6823 6739 6740 -1 6822 6824 6811 -1 6822 6734 6824 -1 6800 6757 6811 -1 6768 6825 6826 -1 6820 6821 6782 -1 6782 6821 6748 -1 6800 6797 6783 -1 6791 6739 6823 -1 6748 6743 6782 -1 6779 6783 6797 -1 6768 6742 6825 -1 6815 6770 6820 -1 6811 6824 6800 -1 6791 6737 6739 -1 6797 6800 6824 -1 6797 6824 6731 -1 6817 6827 6807 -1 6733 6797 6731 -1 6815 6820 6782 -1 6827 6826 6807 -1 6828 6826 6827 -1 6766 6749 6755 -1 6827 6817 6829 -1 6830 6815 6782 -1 6782 6791 6830 -1 6791 6782 6761 -1 6817 6787 6829 -1 6829 6801 6831 -1 6830 6791 6832 -1 6823 6832 6791 -1 6829 6787 6801 -1 6831 6801 6803 -1 6803 6833 6831 -1 6833 6803 6804 -1 6804 6834 6833 -1 6827 6829 6831 -1 6835 6827 6831 -1 6828 6827 6835 -1 6835 6831 6833 -1 6833 6836 6835 -1 6836 6833 6834 -1 6828 6768 6826 -1 6828 6837 6768 -1 6836 6838 6835 -1 6839 6835 6838 -1 6840 6839 6838 -1 6841 6839 6840 -1 6842 6809 6841 -1 6819 6809 6842 -1 6842 6841 6840 -1 6837 6767 6768 -1 6767 6837 6843 -1 6842 6844 6819 -1 6842 6840 6845 -1 6835 6837 6828 -1 6845 6846 6842 -1 6844 6842 6846 -1 6822 6819 6847 -1 6819 6844 6847 -1 6822 6847 6848 -1 6849 6822 6848 -1 6734 6822 6849 -1 6847 6844 6846 -1 6839 6837 6835 -1 6849 6736 6734 -1 6767 6843 6809 -1 6731 6824 6734 -1 6736 6849 6850 -1 6843 6837 6839 -1 6841 6843 6839 -1 6736 6851 6735 -1 6809 6843 6841 -1 6852 6744 6748 -1 6813 6735 6851 -1 6850 6851 6736 -1 6852 6853 6854 -1 6855 6738 6780 -1 6780 6792 6855 -1 6760 6856 6758 -1 6758 6856 6857 -1 6858 6859 6804 -1 6860 6804 6859 -1 1660 1659 2634 -1 6834 6804 6860 -1 6861 6834 6860 -1 6836 6834 6861 -1 6838 6836 6861 -1 6861 6862 6838 -1 1658 1699 1659 -1 6838 6862 6840 -1 6855 6863 6738 -1 6756 6738 6863 -1 6864 6840 6862 -1 6790 6865 6774 -1 6845 6840 6864 -1 6866 6756 6863 -1 6846 6845 6864 -1 6865 6790 6832 -1 2634 1659 6867 -1 6867 1659 6868 -1 6847 6846 6869 -1 6848 6847 6869 -1 6869 6870 6848 -1 6849 6848 6870 -1 6758 6857 6821 -1 6850 6849 6870 -1 6871 6850 6870 -1 6851 6872 6813 -1 6851 6850 6871 -1 6821 6857 6852 -1 6863 6855 6873 -1 6821 6852 6748 -1 6874 6866 6863 -1 6874 6863 6873 -1 6815 6832 6790 -1 6792 6873 6855 -1 6873 6792 6798 -1 6806 6873 6798 -1 6832 6815 6830 -1 6875 1696 6876 -1 6875 6876 6877 -1 6806 6878 6873 -1 6879 6875 6877 -1 6880 6875 6879 -1 6878 6874 6873 -1 6879 6881 6880 -1 2572 2548 6784 -1 6810 6878 6806 -1 6878 6810 6882 -1 6883 6882 6810 -1 6773 6784 6774 -1 2572 6784 6773 -1 6884 6814 6813 -1 6879 6877 6885 -1 6816 6814 6884 -1 6818 6816 6884 -1 6884 6886 6818 -1 6887 6818 6886 -1 6881 6879 6885 -1 6810 6818 6887 -1 6810 6887 6883 -1 2574 2572 6795 -1 6795 2572 6772 -1 6888 6880 6881 -1 6889 6888 6890 -1 6795 2600 2574 -1 6795 6794 2600 -1 6881 6885 6891 -1 6890 6888 6881 -1 6890 6881 6891 -1 6794 5015 2600 -1 2540 2600 5015 -1 6892 6893 6877 -1 6885 6877 6893 -1 6875 1675 1696 -1 1676 1675 6875 -1 6885 6893 6894 -1 6885 6895 6891 -1 6894 6895 6885 -1 1676 6875 6880 -1 6893 6892 6896 -1 6896 6897 6893 -1 6897 6898 6893 -1 1676 6899 1683 -1 6894 6893 6898 -1 6900 6894 6898 -1 6898 6901 6900 -1 1680 1683 6899 -1 6899 1687 1680 -1 6899 1676 6888 -1 1676 6880 6888 -1 1687 6899 6888 -1 6895 6894 6900 -1 6895 6900 6902 -1 6903 6900 6901 -1 6902 6900 6903 -1 6876 1696 1814 -1 6902 6891 6895 -1 1699 1684 6904 -1 6891 6902 6763 -1 1684 6905 6904 -1 6906 6907 6908 -1 1699 6868 1659 -1 6907 6909 6908 -1 6868 1699 6904 -1 6910 6868 6904 -1 6868 6910 6911 -1 6751 6750 6889 -1 6867 6868 6911 -1 6896 6892 6912 -1 6905 6913 6904 -1 6910 6904 6913 -1 6751 6889 6890 -1 6906 6914 6915 -1 6910 6913 6916 -1 6915 6917 6906 -1 6917 6915 6918 -1 1687 6905 1684 -1 6890 6919 6751 -1 6920 6906 6917 -1 6772 2572 6773 -1 6921 6917 6918 -1 6920 6917 6921 -1 6907 6906 6920 -1 1687 6750 6905 -1 6919 6890 6778 -1 6774 6865 6740 -1 6896 6912 6909 -1 6922 6909 6907 -1 6923 6907 6920 -1 6749 6905 6750 -1 6740 6865 6823 -1 6924 6920 6921 -1 6923 6920 6924 -1 1687 6888 6889 -1 6922 6907 6923 -1 6896 6909 6922 -1 6919 6788 6751 -1 1687 6889 6750 -1 6755 6751 6788 -1 6905 6749 6913 -1 6788 6771 6755 -1 6897 6896 6922 -1 6922 6925 6897 -1 6923 6926 6922 -1 6926 6923 6924 -1 6924 6927 6926 -1 6928 6922 6926 -1 6925 6922 6928 -1 6929 6926 6927 -1 6928 6926 6929 -1 6794 5016 5015 -1 6916 6913 6749 -1 6753 5016 6794 -1 6749 6766 6916 -1 5019 5016 6753 -1 6891 6778 6890 -1 5019 6753 5021 -1 6865 6832 6823 -1 5022 5021 6752 -1 6752 6756 5022 -1 6778 6777 6919 -1 5022 6756 6930 -1 6778 6891 6763 -1 6930 6756 6866 -1 6931 2621 2634 -1 6932 2622 2621 -1 6932 2621 6931 -1 6785 6919 6777 -1 6788 6919 6785 -1 6771 6788 6787 -1 6787 6817 6771 -1 2623 2622 6933 -1 6898 6897 6925 -1 6933 2622 6932 -1 6933 2639 2623 -1 6901 6898 6925 -1 6925 6934 6901 -1 6928 6935 6925 -1 6935 6928 6929 -1 6934 6925 6935 -1 2634 6936 6931 -1 6903 6901 6934 -1 6934 6747 6903 -1 6931 6937 6932 -1 6935 6938 6934 -1 6938 6935 6939 -1 6939 6940 6938 -1 6937 6931 6936 -1 6745 6934 6938 -1 6747 6934 6745 -1 6941 6938 6940 -1 6745 6938 6941 -1 6902 6903 6747 -1 6763 6902 6747 -1 6936 2634 6867 -1 6911 6936 6867 -1 6942 6745 6941 -1 6746 6745 6942 -1 6911 6943 6936 -1 6775 6746 6942 -1 6937 6936 6943 -1 6944 6775 6942 -1 6776 6775 6944 -1 6944 6945 6776 -1 6789 6776 6945 -1 6946 6789 6945 -1 6799 6789 6946 -1 6933 6932 6937 -1 6858 6799 6946 -1 6947 6933 6937 -1 6804 6799 6858 -1 6933 2642 2639 -1 6948 6766 6949 -1 6807 6949 6766 -1 6947 6937 6943 -1 6947 6856 6933 -1 6826 6949 6807 -1 2642 6933 6856 -1 6817 6765 6771 -1 6949 6825 6854 -1 6826 6825 6949 -1 6854 6744 6852 -1 6744 6854 6825 -1 6825 6742 6744 -1 2634 1717 1660 -1 6760 2642 6856 -1 1658 1716 1699 -1 2641 2642 6760 -1 2548 2641 6784 -1 6790 6774 6784 -1 6950 6911 6910 -1 6911 6950 6943 -1 6943 6950 6951 -1 6952 6943 6951 -1 6951 6950 6910 -1 6916 6951 6910 -1 6947 6943 6952 -1 6856 6947 6952 -1 6951 6953 6952 -1 6952 6953 6856 -1 6856 6953 6857 -1 6953 6951 6954 -1 6951 6916 6954 -1 6954 6916 6766 -1 6766 6948 6954 -1 6857 6953 6853 -1 6948 6853 6954 -1 6953 6954 6853 -1 6852 6857 6853 -1 6955 6864 6862 -1 6846 6864 6869 -1 6877 6876 6892 -1 6871 6870 6956 -1 6956 6957 6871 -1 6851 6871 6957 -1 6874 6958 6866 -1 6948 6854 6853 -1 6935 6929 6959 -1 6939 6935 6959 -1 6959 6960 6939 -1 6961 6939 6960 -1 6940 6939 6961 -1 6958 6874 6878 -1 6941 6940 6961 -1 6961 6962 6941 -1 6962 6942 6941 -1 6958 6878 6963 -1 6958 6963 6964 -1 6965 6966 6942 -1 6944 6942 6966 -1 6945 6944 6966 -1 6963 6878 6882 -1 6966 6967 6945 -1 6882 6968 6963 -1 6946 6945 6969 -1 6883 6968 6882 -1 6858 6946 6970 -1 5069 6930 6866 -1 6866 6958 5069 -1 6964 5069 6958 -1 6872 6971 6813 -1 6884 6813 6971 -1 6886 6884 6972 -1 6887 6886 6973 -1 6949 6854 6948 -1 6974 6887 6973 -1 6975 1796 1802 -1 6975 1802 6976 -1 6977 1802 1803 -1 6977 6976 1802 -1 6977 6978 6976 -1 6876 1814 1816 -1 6892 6876 1816 -1 1810 1796 6975 -1 6975 6979 1810 -1 1811 1810 6908 -1 5034 5022 6930 -1 6908 6980 1811 -1 6975 6976 6979 -1 6979 6908 1810 -1 6979 6906 6908 -1 6979 6976 6978 -1 6978 6914 6979 -1 6930 5069 5034 -1 6906 6979 6914 -1 6980 6908 6981 -1 1816 1811 6980 -1 1816 6980 6892 -1 6980 6912 6892 -1 6912 6980 6981 -1 6908 6909 6981 -1 6912 6981 6909 -1 6982 6983 6984 -1 6983 6982 6985 -1 6984 6983 6978 -1 6978 6983 6914 -1 6915 6914 6983 -1 6986 6983 6985 -1 6915 6983 6986 -1 6918 6915 6986 -1 6987 6918 6986 -1 6921 6918 6987 -1 6988 6921 6987 -1 6924 6921 6988 -1 6989 6924 6988 -1 6927 6924 6989 -1 6956 6869 6955 -1 6870 6869 6956 -1 6872 6851 6957 -1 1803 2005 6977 -1 6990 6977 2005 -1 6978 6977 6990 -1 6984 6990 6991 -1 6978 6990 6984 -1 6984 6991 6982 -1 6982 6991 6992 -1 6985 6982 6992 -1 6985 6992 6993 -1 6986 6985 6993 -1 6994 6986 6993 -1 6987 6986 6994 -1 6995 6988 6987 -1 6989 6996 6927 -1 6929 6927 6996 -1 6996 6997 6929 -1 6959 6929 6997 -1 6997 6998 6959 -1 6960 6959 6998 -1 6960 6999 6961 -1 6999 6962 6961 -1 6962 6965 6942 -1 6965 6967 6966 -1 6860 6859 7000 -1 7001 6861 6860 -1 6963 6968 7002 -1 6862 6861 7001 -1 6955 6862 7003 -1 6968 6883 7004 -1 7002 6968 7005 -1 6869 6864 6955 -1 5070 5069 6964 -1 5070 6964 5075 -1 7006 6964 6963 -1 5075 6964 7006 -1 7006 6963 7002 -1 7005 7007 7002 -1 7006 7002 7007 -1 5077 5075 7006 -1 5147 7006 7007 -1 5077 7006 5147 -1 6972 6973 6886 -1 6883 6887 6974 -1 6974 7004 6883 -1 6955 7008 6956 -1 7009 7010 6956 -1 6957 6956 7010 -1 2005 2146 6990 -1 6991 6990 2146 -1 7011 6991 2146 -1 6992 6991 7011 -1 6995 6987 6994 -1 6960 6998 6999 -1 6967 6965 7012 -1 6969 6945 6967 -1 6946 6969 7013 -1 6970 6946 7013 -1 6859 6858 6970 -1 6970 7000 6859 -1 6860 7000 7001 -1 7001 7003 6862 -1 7005 6968 7004 -1 7014 7005 7004 -1 7007 7005 7014 -1 7015 7007 7014 -1 5147 7007 7015 -1 5148 5147 7015 -1 6972 6884 6971 -1 7004 6974 7016 -1 6989 6988 7017 -1 7018 6962 6999 -1 6965 6962 7018 -1 7019 6971 6872 -1 7018 7012 6965 -1 6972 6971 7020 -1 7021 6973 6972 -1 6974 6973 7022 -1 7016 6974 7022 -1 6970 7013 7023 -1 7023 7024 6970 -1 7000 6970 7024 -1 7011 2146 7025 -1 6992 7011 7026 -1 6993 6992 7026 -1 6994 6993 7026 -1 6995 7017 6988 -1 6955 7003 7027 -1 7008 7009 6956 -1 6957 7028 6872 -1 7028 7019 6872 -1 7020 6971 7019 -1 7017 7029 6989 -1 7021 6972 7020 -1 6973 7021 7022 -1 7016 7022 7030 -1 7030 7031 7016 -1 7004 7016 7031 -1 7032 7004 7031 -1 7004 7032 7014 -1 6996 6989 7033 -1 6997 6996 7033 -1 7015 5282 5148 -1 7018 6999 7034 -1 7012 7035 6967 -1 6969 6967 7035 -1 7001 7036 7003 -1 7008 6955 7027 -1 7010 7037 6957 -1 7028 6957 7037 -1 7025 2146 2183 -1 6994 7026 7038 -1 6995 6994 7038 -1 7028 7039 7019 -1 7020 7019 7040 -1 7003 7041 7027 -1 7041 7042 7027 -1 7040 7043 7020 -1 7008 7027 7042 -1 7021 7020 7043 -1 7009 7008 7042 -1 7021 7044 7022 -1 7030 7022 7044 -1 7031 7030 7045 -1 7014 7032 7046 -1 7015 7014 7046 -1 7047 7011 7025 -1 7026 7047 7048 -1 7011 7047 7026 -1 7038 7026 7048 -1 6998 7049 6999 -1 7049 7034 6999 -1 7050 7051 6995 -1 7017 6995 7051 -1 7029 7017 7051 -1 7012 7018 7052 -1 7033 6989 7029 -1 7035 7012 7053 -1 7000 7054 7001 -1 7054 7055 7001 -1 6997 7033 7056 -1 7009 7042 7057 -1 7010 7009 7058 -1 7059 7060 2183 -1 7025 2183 7060 -1 6998 6997 7056 -1 7060 7047 7025 -1 7039 7040 7019 -1 6995 7038 7050 -1 7051 7050 7061 -1 7043 7040 7062 -1 7044 7021 7043 -1 7030 7044 7045 -1 7063 7031 7064 -1 7034 7052 7018 -1 7032 7031 7063 -1 7065 7066 7067 -1 7068 7066 7065 -1 7069 7067 7066 -1 7070 7069 7066 -1 7070 7066 7068 -1 7071 7032 7063 -1 7046 7032 7071 -1 7069 7072 7067 -1 7073 7072 7069 -1 5327 7015 7046 -1 5282 7015 5327 -1 7073 7069 7070 -1 7035 7013 6969 -1 7072 7073 7074 -1 7023 7013 7075 -1 7023 7076 7024 -1 7001 7055 7036 -1 7077 7003 7036 -1 7028 7078 7039 -1 7003 7077 7041 -1 7033 7029 7079 -1 7080 7009 7057 -1 7040 7081 7062 -1 7058 7009 7080 -1 7081 7040 7039 -1 7037 7010 7058 -1 7082 7037 7058 -1 7028 7037 7082 -1 7078 7028 7082 -1 7056 7083 6998 -1 7083 7049 6998 -1 7067 7084 7065 -1 7085 7043 7062 -1 7084 7067 7086 -1 7044 7043 7085 -1 7044 7087 7045 -1 7088 7065 7089 -1 7088 7068 7065 -1 7090 7045 7087 -1 7059 2183 2247 -1 7068 7088 7091 -1 7092 7068 7091 -1 7093 7094 7060 -1 7070 7068 7092 -1 7031 7045 7090 -1 7090 7064 7031 -1 7047 7060 7094 -1 7053 7012 7052 -1 7095 7038 7048 -1 7050 7038 7095 -1 7013 7035 7096 -1 7097 7013 7096 -1 7075 7013 7097 -1 7061 7050 7098 -1 7075 7076 7023 -1 7073 7070 7092 -1 7099 7073 7092 -1 7000 7024 7076 -1 7054 7076 7100 -1 7000 7076 7054 -1 7100 7101 7054 -1 7055 7054 7101 -1 7102 7072 7074 -1 7103 7102 7074 -1 7074 7104 7103 -1 7103 7105 7102 -1 7074 7073 7099 -1 7104 7074 7099 -1 7029 7051 7106 -1 7039 7078 7107 -1 7108 7081 7109 -1 7062 7081 7108 -1 7081 7039 7110 -1 7029 7106 7111 -1 7036 7055 7112 -1 7079 7029 7111 -1 7085 7062 7108 -1 7077 7036 7113 -1 7085 7114 7044 -1 7087 7044 7114 -1 7114 7115 7087 -1 7090 7087 7115 -1 7064 7090 7116 -1 7116 7117 7064 -1 7118 7064 7117 -1 7063 7064 7118 -1 7119 7063 7118 -1 7071 7063 7119 -1 7056 7033 7079 -1 5344 7071 7119 -1 7046 7071 5344 -1 5327 7046 5344 -1 7083 7056 7079 -1 7049 7083 7120 -1 7049 7121 7034 -1 7084 7122 7123 -1 7065 7084 7123 -1 7124 7034 7121 -1 7084 7125 7122 -1 7058 7080 7126 -1 7125 7086 7127 -1 7082 7058 7128 -1 7086 7125 7084 -1 7129 7034 7124 -1 7052 7034 7129 -1 7089 7065 7123 -1 7129 7130 7052 -1 7130 7131 7052 -1 7053 7052 7131 -1 7086 7132 7127 -1 7035 7053 7133 -1 7059 7093 7060 -1 7096 7035 7133 -1 7132 7086 7067 -1 7072 7132 7067 -1 7134 7047 7094 -1 7135 7047 7134 -1 7075 7136 7076 -1 7048 7047 7135 -1 7095 7048 7135 -1 7132 7072 7137 -1 7100 7136 7138 -1 7076 7136 7100 -1 7072 7102 7137 -1 7055 7101 7139 -1 7140 7137 7102 -1 7140 7102 7105 -1 7104 7141 7103 -1 7104 7099 7142 -1 7141 7104 7142 -1 7051 7061 7143 -1 7140 7105 7144 -1 7105 7103 7145 -1 7145 7141 7146 -1 7103 7141 7145 -1 7105 7145 7144 -1 7144 7145 7147 -1 7138 7136 7148 -1 7149 7123 7150 -1 7100 7138 7151 -1 7078 7082 7107 -1 7083 7079 7152 -1 7123 7153 7150 -1 7122 7153 7123 -1 7147 7154 7155 -1 7089 7123 7149 -1 7155 7156 7147 -1 7149 7157 7089 -1 7088 7089 7157 -1 7101 7100 7151 -1 7110 7039 7107 -1 7151 7139 7101 -1 7158 7088 7157 -1 7121 7049 7120 -1 7112 7055 7139 -1 7159 7108 7109 -1 7113 7036 7112 -1 7077 7113 7160 -1 7041 7077 7160 -1 7131 7161 7053 -1 7042 7041 7160 -1 7161 7133 7053 -1 7160 7162 7042 -1 7042 7162 7057 -1 7163 7133 7164 -1 7096 7133 7163 -1 7114 7085 7108 -1 7162 7165 7057 -1 7075 7097 7148 -1 7148 7136 7075 -1 7057 7165 7080 -1 7116 7090 7115 -1 7126 7080 7165 -1 7166 7058 7126 -1 7167 7117 7116 -1 7118 7117 7167 -1 7167 7168 7118 -1 7119 7118 7168 -1 5344 7119 7168 -1 7168 5353 5344 -1 7059 2247 2275 -1 2299 7093 7059 -1 7169 7093 2299 -1 7094 7093 7169 -1 7051 7143 7106 -1 7170 7127 7171 -1 7171 7132 7172 -1 7127 7132 7171 -1 7125 7170 7173 -1 7125 7153 7122 -1 7127 7170 7125 -1 7091 7158 7174 -1 7088 7158 7091 -1 7092 7091 7174 -1 7142 7092 7174 -1 7092 7142 7099 -1 7132 7137 7175 -1 7172 7132 7175 -1 7176 7175 7137 -1 7176 7137 7140 -1 7142 7177 7141 -1 7141 7177 7178 -1 7176 7140 7179 -1 7144 7179 7140 -1 7144 7180 7179 -1 7147 7180 7144 -1 7147 7156 7180 -1 7141 7178 7146 -1 7146 7154 7145 -1 7145 7154 7147 -1 7138 7148 7181 -1 7110 7107 7182 -1 7151 7138 7181 -1 7152 7111 7183 -1 7181 7184 7151 -1 5403 7185 7186 -1 7187 7151 7184 -1 7139 7151 7187 -1 7079 7111 7152 -1 7109 7081 7188 -1 7187 7189 7139 -1 7112 7139 7189 -1 7190 7157 7191 -1 7192 7083 7152 -1 7110 7188 7081 -1 7157 7149 7191 -1 7193 7120 7192 -1 6267 7157 7190 -1 7120 7083 7192 -1 7194 7108 7159 -1 7114 7108 7194 -1 7115 7114 7194 -1 7195 7115 7194 -1 7196 7112 7189 -1 7116 7115 7195 -1 7113 7112 7196 -1 7121 7120 7193 -1 7167 7116 7195 -1 7160 7113 7196 -1 7195 7197 7167 -1 7196 7198 7160 -1 7168 7167 7197 -1 7157 6267 7158 -1 7162 7160 7198 -1 7199 7168 7197 -1 7198 7200 7162 -1 7200 7201 7162 -1 5353 7168 7199 -1 7199 5372 5353 -1 7124 7202 7129 -1 7165 7162 7201 -1 7185 7203 6037 -1 7130 7129 7202 -1 7201 7204 7165 -1 7205 7203 7206 -1 7166 7126 7204 -1 7126 7165 7204 -1 7203 7185 7206 -1 7164 7133 7161 -1 7128 7058 7166 -1 7082 7128 7207 -1 7107 7082 7207 -1 7097 7096 7163 -1 7163 7208 7097 -1 7148 7097 7208 -1 5406 7206 7185 -1 7181 7148 7208 -1 2275 2299 7059 -1 7095 7135 7209 -1 7050 7095 7209 -1 7098 7050 7209 -1 7061 7098 7210 -1 5403 5406 7185 -1 7106 7211 7111 -1 7180 7156 7212 -1 7212 7156 7213 -1 7154 7214 7155 -1 7178 7214 7154 -1 7156 7155 7213 -1 7155 7214 7215 -1 7155 7215 7213 -1 7215 7214 7216 -1 7205 7206 7214 -1 7171 7172 7217 -1 7218 7217 7172 -1 7125 7173 7153 -1 7158 7219 7174 -1 7174 7220 7142 -1 7174 7219 7220 -1 7177 7142 7220 -1 7203 7177 7220 -1 7172 7175 7218 -1 7218 7175 7221 -1 7175 7176 7221 -1 7177 7203 7178 -1 7178 7203 7205 -1 7176 7179 7222 -1 7221 7176 7222 -1 7179 7180 7222 -1 7178 7205 7214 -1 7146 7178 7154 -1 7158 6033 7219 -1 6033 7223 7219 -1 6032 7223 6033 -1 6032 6037 7223 -1 7223 7220 7219 -1 7220 7223 7203 -1 6037 7203 7223 -1 7186 7185 6037 -1 7224 7225 7226 -1 7227 7228 7229 -1 7189 7187 7230 -1 7226 7231 7232 -1 7233 7234 7235 -1 7225 7236 7231 -1 7231 7226 7225 -1 7189 7237 7196 -1 7230 7237 7189 -1 7236 7238 7231 -1 7235 7234 7239 -1 7236 7240 7238 -1 7229 7241 7242 -1 7231 7238 7243 -1 7198 7196 7237 -1 7234 7244 7245 -1 7245 7239 7234 -1 7237 7246 7200 -1 7237 7200 7198 -1 7231 7247 7232 -1 7248 7249 7250 -1 7201 7200 7246 -1 7251 7252 7239 -1 7253 7254 7255 -1 7245 7251 7239 -1 7250 7256 7257 -1 7232 7254 7253 -1 7257 7248 7250 -1 7247 7254 7232 -1 7231 7243 7247 -1 7244 7258 7245 -1 7246 7259 7201 -1 7245 7258 7260 -1 7201 7259 7204 -1 7256 7261 7262 -1 7260 7251 7245 -1 7263 7260 7258 -1 7264 7204 7259 -1 7166 7204 7264 -1 7265 7166 7264 -1 7128 7166 7265 -1 7152 7183 7266 -1 7256 7262 7257 -1 7192 7152 7266 -1 7107 7207 7267 -1 7254 7268 7255 -1 7266 7269 7192 -1 7229 7242 7270 -1 7193 7192 7269 -1 7270 7227 7229 -1 7268 7254 7271 -1 7254 7247 7271 -1 7124 7121 7272 -1 7272 7273 7124 -1 7202 7124 7273 -1 7274 7227 7275 -1 7130 7202 7276 -1 7131 7130 7276 -1 7161 7131 7276 -1 7277 7161 7276 -1 7161 7277 7164 -1 7278 7164 7277 -1 7163 7164 7278 -1 7182 7107 7267 -1 7249 7248 7279 -1 7182 7280 7110 -1 7227 7270 7275 -1 7109 7188 7281 -1 7282 7109 7281 -1 7208 7163 7278 -1 7282 7159 7109 -1 7283 7284 7285 -1 7188 7110 7280 -1 7278 7286 7208 -1 7287 7159 7282 -1 7284 7261 7256 -1 7285 7284 7256 -1 7208 7288 7181 -1 7285 7249 7289 -1 7286 7288 7208 -1 7159 7287 7194 -1 7194 7287 7290 -1 7195 7194 7290 -1 7249 7285 7250 -1 7285 7256 7250 -1 7291 7195 7290 -1 7197 7195 7291 -1 7291 7292 7197 -1 7199 7197 7292 -1 5372 7199 7292 -1 5404 5372 7292 -1 7293 7274 7294 -1 7294 7274 7295 -1 7294 7295 7296 -1 7274 7275 7295 -1 7295 7275 7297 -1 7298 7299 7300 -1 7252 7300 7299 -1 7252 7301 7300 -1 7180 7212 7302 -1 7296 7295 7303 -1 7295 7297 7303 -1 7304 7294 7305 -1 7301 7252 7306 -1 7296 7305 7294 -1 7213 7215 7307 -1 7308 7306 7252 -1 7216 7307 7215 -1 7307 7216 7309 -1 7170 7171 7310 -1 7310 7311 7170 -1 7217 7312 7310 -1 7171 7217 7310 -1 7313 7314 7315 -1 7316 7296 7303 -1 7312 7217 7317 -1 7236 7225 7224 -1 7224 7318 7236 -1 7240 7236 7318 -1 7314 7240 7318 -1 7218 7317 7217 -1 7319 7251 7260 -1 7319 7260 7263 -1 7320 7319 7263 -1 7173 7170 7311 -1 7321 7173 7311 -1 7314 7313 7322 -1 7150 7173 7321 -1 7153 7173 7150 -1 7322 7240 7314 -1 7240 7322 7238 -1 7323 7319 7320 -1 7218 7221 7324 -1 7325 7242 7241 -1 7242 7325 7326 -1 2299 2298 7327 -1 7169 2299 7327 -1 7327 7328 7169 -1 7251 7329 7252 -1 7214 7206 7216 -1 7330 7169 7328 -1 7221 7222 7324 -1 7094 7169 7330 -1 7324 7222 7331 -1 7252 7329 7308 -1 7270 7242 7326 -1 7134 7330 7332 -1 7251 7319 7329 -1 7094 7330 7134 -1 7319 7323 7329 -1 7180 7331 7222 -1 7135 7134 7332 -1 7332 7333 7135 -1 7209 7135 7333 -1 7334 7270 7326 -1 7275 7270 7334 -1 7297 7275 7334 -1 7329 7323 7335 -1 7098 7209 7336 -1 7337 7303 7297 -1 7338 7206 5406 -1 7297 7339 7337 -1 7206 7338 7216 -1 7340 7337 7339 -1 7098 7336 7210 -1 7210 7341 7061 -1 7337 7316 7303 -1 7143 7061 7341 -1 7339 7342 7340 -1 7316 7340 7342 -1 7337 7340 7316 -1 7329 7335 7343 -1 7329 7343 7308 -1 7344 7345 7308 -1 7341 7106 7143 -1 7343 7344 7308 -1 7346 7347 7305 -1 7348 7346 7305 -1 7211 7106 7341 -1 7335 7349 7350 -1 7347 7346 7351 -1 7352 7350 7349 -1 7335 7350 7343 -1 7350 7352 7353 -1 7354 7309 7216 -1 7309 7354 7355 -1 7343 7350 7356 -1 7183 7111 7211 -1 7355 7354 7357 -1 7350 7353 7356 -1 7338 7354 7216 -1 7344 7343 7356 -1 7358 7344 7356 -1 7354 7338 7357 -1 7186 6037 6171 -1 7288 7359 7181 -1 7186 6171 6172 -1 7184 7181 7359 -1 7359 7230 7187 -1 7187 7184 7359 -1 7186 6172 6186 -1 5410 7338 5406 -1 5403 7186 6186 -1 5414 7338 5410 -1 5401 5403 6186 -1 7357 7338 5414 -1 7357 5414 5416 -1 7305 7296 7360 -1 7296 7316 7360 -1 5416 7361 7357 -1 7305 7360 7348 -1 7361 7355 7357 -1 7361 7362 7355 -1 7351 7346 7363 -1 7346 7348 7363 -1 7348 7360 7363 -1 6186 6225 5401 -1 7233 7363 7360 -1 7363 7233 7235 -1 5401 6225 5422 -1 5422 6225 5419 -1 7347 7298 7364 -1 7351 7298 7347 -1 7365 7298 7300 -1 7298 7365 7364 -1 7235 7351 7363 -1 7351 7235 7299 -1 7299 7298 7351 -1 7190 7191 7366 -1 7367 7366 7191 -1 7299 7235 7239 -1 6390 6267 7190 -1 7299 7239 7252 -1 7316 7368 7360 -1 7367 7149 7369 -1 7368 7342 7370 -1 7316 7342 7368 -1 7370 7342 7371 -1 7150 7369 7149 -1 7360 7368 7372 -1 7368 7370 7373 -1 7372 7368 7373 -1 7149 7367 7191 -1 7360 7372 7233 -1 6267 6033 7158 -1 7180 7302 7331 -1 7302 7212 7374 -1 7375 7376 7377 -1 7378 7262 7261 -1 7233 7379 7380 -1 7381 7262 7378 -1 7374 7213 7382 -1 7383 7384 7385 -1 7212 7213 7374 -1 7382 7213 7307 -1 7234 7233 7380 -1 7248 7257 7386 -1 7387 7234 7380 -1 7375 7377 7230 -1 7248 7386 7279 -1 7307 7309 7388 -1 7244 7234 7387 -1 7389 7390 7315 -1 7262 7391 7257 -1 7257 7391 7386 -1 7392 7244 7387 -1 7389 7315 7393 -1 7386 7391 7394 -1 7258 7244 7392 -1 7395 7262 7381 -1 7262 7395 7391 -1 7393 7315 7314 -1 7385 7396 7397 -1 7237 7230 7377 -1 7398 7258 7392 -1 7228 7391 7395 -1 7263 7258 7398 -1 7399 7400 7401 -1 7402 7403 7396 -1 7314 7318 7393 -1 7318 7224 7404 -1 7396 7403 7405 -1 7376 7406 7377 -1 7388 7309 7407 -1 7309 7355 7407 -1 7355 7408 7407 -1 7408 7409 7390 -1 7409 7408 7355 -1 7355 7362 7409 -1 7377 7406 7246 -1 7409 7315 7390 -1 7313 7315 7409 -1 7313 7409 7362 -1 7396 7405 7397 -1 7246 7237 7377 -1 7410 7405 7403 -1 7327 2298 2363 -1 2363 7328 7327 -1 7224 7226 7404 -1 7313 7361 7322 -1 7226 7411 7412 -1 7232 7411 7226 -1 7313 7362 7361 -1 7333 7336 7209 -1 7411 7232 7253 -1 7246 7413 7259 -1 7406 7413 7246 -1 7385 7397 7383 -1 7401 7365 7414 -1 7413 7415 7416 -1 7255 7268 7417 -1 7259 7413 7416 -1 7259 7416 7264 -1 7401 7414 7418 -1 7268 7419 7420 -1 7420 7417 7268 -1 7420 7281 7421 -1 7419 7281 7420 -1 7397 7405 7422 -1 7128 7265 7423 -1 7207 7128 7423 -1 7247 7424 7271 -1 7365 7300 7414 -1 7422 7383 7397 -1 7247 7243 7425 -1 7426 2368 2372 -1 7247 7425 7424 -1 7271 7419 7268 -1 7427 7428 7429 -1 7430 7419 7271 -1 7424 7430 7271 -1 7361 5416 5449 -1 7425 7431 7424 -1 7418 7432 7401 -1 7433 7428 7434 -1 7429 7428 7435 -1 7418 7414 7436 -1 7428 7433 7435 -1 7437 7384 7438 -1 7439 7433 7434 -1 7440 7311 7441 -1 7441 7310 7442 -1 7311 7310 7441 -1 7312 7442 7310 -1 7443 7444 7445 -1 5449 7322 7361 -1 7446 7279 7447 -1 7447 7448 7446 -1 7279 7386 7449 -1 7449 7447 7279 -1 7321 7311 7440 -1 7238 7322 7450 -1 7448 7443 7445 -1 7150 7321 7451 -1 7448 7447 7443 -1 7450 7243 7238 -1 7317 7218 7452 -1 7218 7324 7452 -1 7453 7432 7418 -1 7439 7444 7433 -1 7435 7433 7402 -1 7322 5449 7450 -1 7433 7444 7402 -1 5453 7450 5449 -1 7444 7443 7402 -1 7435 7402 7396 -1 7396 7454 7435 -1 7443 7447 7449 -1 7438 7455 7437 -1 7456 7402 7443 -1 7443 7449 7456 -1 6390 7190 7457 -1 7402 7456 7403 -1 7457 7366 7458 -1 7190 7366 7457 -1 7456 7459 7460 -1 7366 7367 7458 -1 7449 7459 7456 -1 7460 7459 7461 -1 7403 7456 7460 -1 7369 7150 7451 -1 7454 7396 7385 -1 7453 7418 7462 -1 7463 7464 7385 -1 7384 7463 7385 -1 7453 7462 7465 -1 7463 7384 7437 -1 7466 7462 7418 -1 7384 7383 7438 -1 7243 7450 7425 -1 7450 5453 5463 -1 5463 7425 7450 -1 7467 7193 7269 -1 7121 7193 7467 -1 7468 7438 7383 -1 7468 7383 7422 -1 7272 7121 7467 -1 7431 7425 7469 -1 7273 7272 7467 -1 7273 7470 7202 -1 5463 7469 7425 -1 7276 7202 7470 -1 7470 7471 7276 -1 7277 7276 7471 -1 7278 7277 7472 -1 7465 7278 7472 -1 7468 7422 7364 -1 7465 7462 7286 -1 7465 7286 7278 -1 7288 7286 7462 -1 7188 7280 7421 -1 7462 7466 7288 -1 7455 7438 7400 -1 7281 7188 7421 -1 7281 7419 7282 -1 7430 7287 7282 -1 7419 7430 7282 -1 7290 7287 7430 -1 7430 7424 7290 -1 7424 7431 7290 -1 7290 7431 7291 -1 7414 7300 7301 -1 7292 7291 7431 -1 5470 7431 7469 -1 7431 5470 7292 -1 7414 7301 7436 -1 5471 7292 5470 -1 7292 5471 5404 -1 7468 7400 7438 -1 7400 7468 7365 -1 7364 7365 7468 -1 7418 7436 7466 -1 7473 7466 7436 -1 7474 7436 7301 -1 7365 7401 7400 -1 7474 7473 7436 -1 7475 7289 7476 -1 7477 7449 7386 -1 7476 7289 7478 -1 7478 7289 7446 -1 7386 7394 7477 -1 7478 7446 7479 -1 7289 7249 7446 -1 7279 7446 7249 -1 7479 7446 7448 -1 7449 7477 7459 -1 7480 7459 7477 -1 7306 7474 7301 -1 7477 7394 7293 -1 7480 7477 7293 -1 7481 7283 7475 -1 7283 7482 7284 -1 7481 7482 7283 -1 7482 7483 7484 -1 7484 7284 7482 -1 7475 7283 7285 -1 7228 7394 7391 -1 7485 7284 7484 -1 7485 7261 7284 -1 7289 7475 7285 -1 7378 7261 7485 -1 7473 7474 7376 -1 7394 7228 7227 -1 7228 7486 7229 -1 7306 7376 7474 -1 7229 7486 7487 -1 7488 7229 7487 -1 7241 7229 7488 -1 7376 7306 7406 -1 7306 7345 7406 -1 7394 7227 7274 -1 7489 7263 7398 -1 7293 7394 7274 -1 7320 7263 7489 -1 7490 7320 7489 -1 7323 7320 7490 -1 7461 7403 7460 -1 7459 7480 7461 -1 7491 7323 7490 -1 7335 7323 7491 -1 7491 7349 7335 -1 7403 7461 7410 -1 7492 7410 7461 -1 7493 7349 7491 -1 7293 7494 7480 -1 7494 7492 7480 -1 7345 7306 7308 -1 7494 7293 7294 -1 7422 7410 7495 -1 7410 7422 7405 -1 7410 7492 7495 -1 7492 7494 7495 -1 7495 7294 7304 -1 7494 7294 7495 -1 7344 7496 7345 -1 7496 7344 7358 -1 7345 7496 7413 -1 7413 7406 7345 -1 7352 7349 7493 -1 7353 7352 7493 -1 7493 7497 7353 -1 7358 7356 7498 -1 7356 7353 7497 -1 7498 7356 7497 -1 7415 7358 7498 -1 7496 7358 7415 -1 7415 7413 7496 -1 7499 7241 7488 -1 7466 7500 7288 -1 7466 7473 7500 -1 7499 7325 7241 -1 7500 7473 7375 -1 7499 7501 7325 -1 7288 7500 7359 -1 7359 7375 7230 -1 7500 7375 7359 -1 7326 7325 7501 -1 7334 7326 7502 -1 7376 7375 7473 -1 7503 7334 7502 -1 7297 7334 7503 -1 7504 7297 7503 -1 7504 7339 7297 -1 7505 7339 7504 -1 7505 7342 7339 -1 7506 7342 7505 -1 7371 7342 7506 -1 7347 7422 7495 -1 7422 7347 7364 -1 7347 7495 7304 -1 7305 7347 7304 -1 7371 7506 7507 -1 7370 7371 7507 -1 7373 7370 7507 -1 7379 7372 7373 -1 7372 7379 7233 -1 7508 7509 7341 -1 7487 7510 7488 -1 7341 7509 7211 -1 7461 7480 7492 -1 7511 7432 7453 -1 7499 7488 7510 -1 7211 7509 7183 -1 7509 7512 7183 -1 7183 7512 7266 -1 7505 7504 7513 -1 7511 7453 7514 -1 7515 7505 7513 -1 7507 7506 7516 -1 7517 7507 7516 -1 7373 7507 7517 -1 7379 7373 7517 -1 7380 7379 7518 -1 7518 7519 7380 -1 7520 7380 7519 -1 7387 7380 7520 -1 7182 7267 7521 -1 7522 7387 7520 -1 7523 7421 7524 -1 7387 7522 7525 -1 7392 7387 7525 -1 7280 7524 7421 -1 7469 5463 5470 -1 6391 6390 7526 -1 6489 6391 7526 -1 7527 7528 7529 -1 7530 7531 7527 -1 7532 7529 7533 -1 7367 7534 7458 -1 6390 7457 7526 -1 7526 7457 7535 -1 7535 7458 7534 -1 7457 7458 7535 -1 7536 7537 7451 -1 7369 7451 7537 -1 7538 7539 7512 -1 7399 7532 7533 -1 2444 7540 7541 -1 7532 7399 7542 -1 7512 7539 7543 -1 7544 7531 7539 -1 7545 7546 2442 -1 7529 7532 7527 -1 2357 7547 2363 -1 2363 7548 7328 -1 7547 7548 2363 -1 7269 7266 7512 -1 7512 7543 7269 -1 7330 7328 7548 -1 7549 7330 7548 -1 7330 7549 7332 -1 2373 2368 7426 -1 7332 7549 7333 -1 7210 7336 7508 -1 7527 7532 7530 -1 2373 7426 7463 -1 7426 7464 7463 -1 7341 7210 7508 -1 7545 2442 2373 -1 7269 7543 7467 -1 7531 7550 7539 -1 7545 2373 7463 -1 7551 7543 7539 -1 7539 7550 7551 -1 7545 7463 7437 -1 7543 7551 7467 -1 2371 2477 7429 -1 7532 7542 7530 -1 7427 7429 2477 -1 7550 7552 7551 -1 2371 7429 2372 -1 2536 7481 7475 -1 7432 7530 7542 -1 7553 7551 7552 -1 7273 7467 7551 -1 7427 7554 7434 -1 7470 7273 7551 -1 7551 7553 7470 -1 7427 7434 7428 -1 7555 7434 7554 -1 7552 7511 7514 -1 7553 7552 7471 -1 7552 7514 7471 -1 7472 7471 7514 -1 7553 7471 7470 -1 7556 2372 7429 -1 7471 7472 7277 -1 7435 7556 7429 -1 7557 7475 7558 -1 7531 7544 7527 -1 7476 7558 7475 -1 7514 7453 7465 -1 7514 7465 7472 -1 7556 7435 7454 -1 7559 7560 7555 -1 7448 7445 7561 -1 7439 7555 7560 -1 7434 7555 7439 -1 7489 7398 7562 -1 7439 7560 7444 -1 7490 7489 7562 -1 7561 7445 7560 -1 7445 7444 7560 -1 7491 7490 7563 -1 7564 7491 7563 -1 2372 7464 7426 -1 7493 7491 7564 -1 7564 7565 7493 -1 7464 7454 7385 -1 7556 7454 7464 -1 2372 7556 7464 -1 7497 7493 7565 -1 7566 7415 7498 -1 7546 2444 2442 -1 7546 7540 2444 -1 7415 7566 7416 -1 7416 7566 7567 -1 7416 7567 7264 -1 7568 7265 7567 -1 7264 7567 7265 -1 7423 7265 7568 -1 7423 7267 7207 -1 7531 7530 7511 -1 2477 7554 7427 -1 7569 7253 7570 -1 7404 7226 7412 -1 7412 7411 7571 -1 7546 7545 7572 -1 7571 7411 7573 -1 7411 7253 7573 -1 7569 7573 7253 -1 7545 7437 7455 -1 7455 7572 7545 -1 7476 7478 7574 -1 7253 7255 7570 -1 7417 7570 7255 -1 7575 7570 7417 -1 7478 7479 7574 -1 7575 7420 7523 -1 7417 7420 7575 -1 7540 7546 7572 -1 7420 7421 7523 -1 7440 7441 7576 -1 7577 7572 7455 -1 7530 7432 7511 -1 7574 7479 7578 -1 7479 7448 7578 -1 7578 7448 7561 -1 7442 7576 7441 -1 7541 7540 7579 -1 7312 7317 7580 -1 7321 7440 7536 -1 7550 7531 7511 -1 7451 7321 7536 -1 7579 7540 7533 -1 7529 7579 7533 -1 7317 7452 7580 -1 7452 7324 7581 -1 7540 7572 7533 -1 7581 7331 7582 -1 7324 7331 7581 -1 7582 7331 7302 -1 7550 7511 7552 -1 7572 7577 7533 -1 7382 7307 7388 -1 7389 7583 7584 -1 7542 7399 7401 -1 7585 7389 7584 -1 7390 7389 7585 -1 7583 7393 7586 -1 7393 7583 7389 -1 7393 7318 7587 -1 7404 7587 7318 -1 7588 7407 7589 -1 7388 7407 7588 -1 7589 7407 7408 -1 7408 7390 7590 -1 7533 7577 7399 -1 7590 7390 7585 -1 7400 7577 7455 -1 7577 7400 7399 -1 7432 7542 7401 -1 7483 7591 7484 -1 7485 7484 7591 -1 7592 7485 7591 -1 7592 7593 7485 -1 7378 7485 7593 -1 7594 7378 7593 -1 7378 7594 7381 -1 7594 7593 7595 -1 7595 7596 7594 -1 7381 7594 7597 -1 7597 7594 7596 -1 7598 7597 7596 -1 7599 7598 7596 -1 7381 7597 7395 -1 7598 7395 7597 -1 7598 7599 7486 -1 7486 7395 7598 -1 7395 7486 7228 -1 7486 7599 7487 -1 7600 7487 7599 -1 7510 7487 7600 -1 7601 7544 7538 -1 7602 7510 7603 -1 7499 7510 7602 -1 7576 7604 7605 -1 7605 7606 7576 -1 7538 7544 7539 -1 7607 7182 7521 -1 7280 7182 7607 -1 7536 7440 7606 -1 7562 7398 7608 -1 7509 7538 7512 -1 7440 7576 7606 -1 7524 7280 7607 -1 7501 7499 7602 -1 7604 7576 7609 -1 7610 7569 7611 -1 7612 7562 7608 -1 7490 7562 7612 -1 7612 7563 7490 -1 7569 7610 7573 -1 7609 7613 7604 -1 7576 7442 7609 -1 7609 7442 7614 -1 7442 7312 7614 -1 2536 7475 7557 -1 7615 7614 7312 -1 7616 7501 7602 -1 7617 7501 7616 -1 7312 7580 7615 -1 7326 7617 7618 -1 7412 7571 7619 -1 7615 7580 7620 -1 7620 7580 7452 -1 7558 7476 7621 -1 7501 7617 7326 -1 7573 7610 7622 -1 7571 7573 7622 -1 7560 7559 7561 -1 7623 7624 7566 -1 7567 7566 7624 -1 7502 7326 7618 -1 7502 7625 7503 -1 7569 7570 7626 -1 7626 7570 7575 -1 7504 7503 7625 -1 7627 7267 7423 -1 7513 7504 7625 -1 7374 7382 7628 -1 7629 7626 7575 -1 7628 7382 7630 -1 7521 7267 7627 -1 7382 7388 7631 -1 7631 7630 7382 -1 7632 2495 2490 -1 7388 7588 7631 -1 7631 7588 7633 -1 7634 7583 7586 -1 2495 7635 7554 -1 7636 7635 2495 -1 7559 7635 7636 -1 7637 7583 7634 -1 7584 7583 7637 -1 7585 7584 7637 -1 2495 7554 2477 -1 7554 7635 7555 -1 7635 7559 7555 -1 7574 7621 7476 -1 7621 7574 7638 -1 7586 7393 7639 -1 7393 7587 7639 -1 7516 7506 7515 -1 7505 7515 7506 -1 7589 7633 7588 -1 7516 7640 7517 -1 7638 7574 7578 -1 7408 7590 7589 -1 7641 7517 7640 -1 7642 7517 7641 -1 7379 7517 7642 -1 7578 7559 7636 -1 7559 7578 7561 -1 7518 7379 7642 -1 7522 7520 7643 -1 7392 7525 7644 -1 7644 7645 7392 -1 7398 7392 7645 -1 7591 7483 7646 -1 7529 7647 7579 -1 7647 7529 7528 -1 7648 7535 7649 -1 7650 7526 7648 -1 7535 7648 7526 -1 7649 7535 7534 -1 7367 7369 7534 -1 7537 7534 7369 -1 7591 7646 7592 -1 7592 7646 7651 -1 7592 7651 7593 -1 7595 7593 7651 -1 7652 7596 7595 -1 7653 7596 7652 -1 2516 2444 7541 -1 7599 7596 7653 -1 2516 7541 2517 -1 7653 7600 7599 -1 7510 7600 7603 -1 7528 7527 7544 -1 7654 2519 2517 -1 7579 2517 7541 -1 7579 7654 2517 -1 2519 7654 7655 -1 7647 7655 7654 -1 7654 7579 7647 -1 2526 2524 7656 -1 2357 2526 7547 -1 2524 2525 7656 -1 7656 7547 2526 -1 7547 7656 7657 -1 7658 7657 7656 -1 7657 7549 7548 -1 7548 7547 7657 -1 7658 7549 7657 -1 2521 7655 2527 -1 2525 2527 7659 -1 2527 7655 7660 -1 2527 7660 7659 -1 7655 2521 2519 -1 7655 7647 7660 -1 7528 7660 7647 -1 7528 7661 7660 -1 7659 7656 2525 -1 7656 7659 7658 -1 7662 7658 7659 -1 7659 7660 7662 -1 7662 7660 7661 -1 7661 7663 7662 -1 7658 7662 7664 -1 7662 7663 7664 -1 7601 7664 7663 -1 7664 7601 7665 -1 7601 7528 7544 -1 7661 7528 7601 -1 7601 7663 7661 -1 7549 7658 7666 -1 7333 7666 7336 -1 7549 7666 7333 -1 7658 7664 7666 -1 7508 7336 7666 -1 7665 7666 7664 -1 7666 7665 7508 -1 7509 7508 7665 -1 7538 7665 7601 -1 7665 7538 7509 -1 7637 7634 7667 -1 7602 7603 7668 -1 7586 7639 7634 -1 7515 7513 7669 -1 7670 7515 7669 -1 7671 7515 7670 -1 7639 7587 7672 -1 7587 7404 7673 -1 7602 7668 7674 -1 7515 7675 7516 -1 7675 7515 7671 -1 7602 7674 7616 -1 7641 7676 7642 -1 7616 7674 7677 -1 7678 7611 7679 -1 7677 7680 7616 -1 7516 7675 7640 -1 7610 7611 7681 -1 7617 7616 7680 -1 7640 7682 7683 -1 7675 7682 7640 -1 7611 7569 7679 -1 7684 7682 7675 -1 7683 7641 7640 -1 7404 7412 7685 -1 7619 7685 7412 -1 7502 7618 7625 -1 7686 7682 7684 -1 7683 7682 7686 -1 7673 7404 7685 -1 7622 7610 7681 -1 7626 7679 7569 -1 7643 7520 7519 -1 7575 7523 7629 -1 7522 7643 7687 -1 7525 7522 7687 -1 7644 7525 7687 -1 7523 7524 7688 -1 7524 7607 7688 -1 7645 7608 7398 -1 2534 2536 7557 -1 7612 7689 7563 -1 2537 2534 7558 -1 2530 2537 7638 -1 7564 7563 7689 -1 7638 2537 7621 -1 7621 2537 7558 -1 7558 2534 7557 -1 7565 7564 7689 -1 2490 2530 7632 -1 7636 2495 7632 -1 7497 7565 7690 -1 2530 7638 7632 -1 7691 7692 7693 -1 7690 7623 7497 -1 7498 7497 7623 -1 7566 7498 7623 -1 7578 7632 7638 -1 7636 7632 7578 -1 7694 7604 7691 -1 7692 7691 7695 -1 7691 7604 7695 -1 7613 7695 7604 -1 7695 7613 7696 -1 7568 7567 7624 -1 7624 7697 7568 -1 7694 7605 7604 -1 7627 7568 7697 -1 7423 7568 7627 -1 7696 7609 7698 -1 7613 7609 7696 -1 7650 6610 7526 -1 7609 7614 7698 -1 7614 7615 7698 -1 7534 7537 7699 -1 7452 7581 7700 -1 7700 7620 7452 -1 7536 7606 7701 -1 7537 7536 7701 -1 6489 7526 6610 -1 7582 7302 7628 -1 7702 7703 7704 -1 7704 7705 7706 -1 7703 7705 7704 -1 7302 7374 7628 -1 7646 7707 7651 -1 7628 7630 7708 -1 7595 7651 7707 -1 7707 7652 7595 -1 7630 7631 7709 -1 7709 7631 7633 -1 7652 7710 7653 -1 7711 7653 7710 -1 7600 7653 7711 -1 7603 7600 7711 -1 7712 7637 7667 -1 7634 7639 7672 -1 7672 7667 7634 -1 7513 7625 7713 -1 7672 7587 7673 -1 7513 7713 7669 -1 7585 7637 7712 -1 7714 7611 7715 -1 7677 7674 7716 -1 7611 7678 7715 -1 7681 7611 7714 -1 7717 7681 7714 -1 7718 7671 7670 -1 7677 7719 7680 -1 7671 7684 7675 -1 7671 7718 7684 -1 7720 7680 7719 -1 7622 7681 7717 -1 7617 7721 7618 -1 7571 7622 7722 -1 7619 7571 7722 -1 7618 7721 7723 -1 7626 7629 7724 -1 7724 7725 7626 -1 7679 7626 7726 -1 7625 7618 7723 -1 7629 7727 7724 -1 7617 7680 7721 -1 7727 7629 7688 -1 7680 7720 7721 -1 7694 7691 7728 -1 7688 7729 7727 -1 7728 7691 7693 -1 7730 7731 7732 -1 7629 7523 7688 -1 7732 7733 7730 -1 7734 7730 7733 -1 7735 7736 7695 -1 7733 7737 7734 -1 7688 7607 7738 -1 7729 7688 7738 -1 7695 7696 7735 -1 7739 7738 7521 -1 7605 7740 7606 -1 7730 7734 7741 -1 7742 7730 7741 -1 7521 7738 7607 -1 7686 7684 7743 -1 7698 7615 7744 -1 7620 7744 7615 -1 7693 7692 7737 -1 7745 7700 7581 -1 7676 7641 7746 -1 7745 7582 7747 -1 7581 7582 7745 -1 7582 7628 7748 -1 7748 7747 7582 -1 7749 7748 7628 -1 7737 7692 7736 -1 7734 7737 7736 -1 7518 7750 7519 -1 7641 7683 7746 -1 7695 7736 7692 -1 7708 7630 7751 -1 7751 7630 7752 -1 7709 7752 7630 -1 7709 7633 7753 -1 7683 7686 7754 -1 7731 7730 7755 -1 7730 7742 7755 -1 7645 7644 7756 -1 7612 7608 7757 -1 7689 7758 7565 -1 7690 7565 7758 -1 7758 7759 7690 -1 7759 7760 7690 -1 7623 7690 7760 -1 7761 7623 7760 -1 7762 7623 7761 -1 7762 7624 7623 -1 7763 7650 7764 -1 6610 7650 7763 -1 7605 7694 7765 -1 7740 7605 7765 -1 7624 7762 7697 -1 7699 7649 7534 -1 7650 7648 7764 -1 7739 7627 7697 -1 7648 7649 7766 -1 7521 7627 7739 -1 7766 7764 7648 -1 7766 7649 7699 -1 7699 7537 7767 -1 7701 7606 7740 -1 7701 7767 7537 -1 6642 6610 7763 -1 7707 7646 7768 -1 7711 7769 7603 -1 7668 7603 7769 -1 7696 7770 7735 -1 7769 7771 7668 -1 7770 7698 7772 -1 7696 7698 7770 -1 7698 7744 7772 -1 7773 7760 7759 -1 7620 7774 7744 -1 7774 7620 7700 -1 7674 7668 7771 -1 7674 7771 7716 -1 7773 7761 7760 -1 7677 7716 7775 -1 7776 7677 7775 -1 7719 7677 7776 -1 7628 7708 7749 -1 7719 7731 7720 -1 7773 7777 7778 -1 7708 7751 7779 -1 7778 7761 7773 -1 7753 7752 7709 -1 7753 7633 7780 -1 7712 7667 7781 -1 7673 7667 7672 -1 7782 7783 7721 -1 7721 7720 7782 -1 7721 7783 7723 -1 7633 7589 7784 -1 7731 7782 7720 -1 7780 7633 7784 -1 7785 7762 7761 -1 7761 7778 7785 -1 7590 7784 7589 -1 7786 7778 7777 -1 7787 7786 7777 -1 7778 7786 7785 -1 7590 7585 7788 -1 7785 7697 7762 -1 7585 7712 7788 -1 7697 7785 7739 -1 7733 7789 7737 -1 7732 7719 7776 -1 7776 7790 7732 -1 7733 7732 7790 -1 7791 7714 7715 -1 7731 7719 7732 -1 7717 7714 7791 -1 7737 7789 7693 -1 7728 7693 7792 -1 7741 7734 7793 -1 7793 7734 7736 -1 7794 7795 7706 -1 7726 7626 7725 -1 7796 7707 7768 -1 7652 7707 7796 -1 7652 7796 7797 -1 7797 7710 7652 -1 7798 7742 7741 -1 7763 7799 7800 -1 7764 7799 7763 -1 7731 7801 7802 -1 7755 7801 7731 -1 7694 7728 7803 -1 7804 7801 7755 -1 7805 7710 7797 -1 7798 7804 7755 -1 7755 7742 7798 -1 7806 7727 7787 -1 7807 7694 7803 -1 7710 7805 7711 -1 7724 7727 7806 -1 7694 7807 7765 -1 7702 7704 7808 -1 7625 7723 7809 -1 7704 7706 7795 -1 7795 7808 7704 -1 7809 7713 7625 -1 7810 7669 7713 -1 7787 7727 7786 -1 7811 7765 7807 -1 7669 7810 7670 -1 7740 7765 7811 -1 7810 7812 7813 -1 7786 7727 7729 -1 7729 7785 7786 -1 7813 7670 7810 -1 7785 7729 7739 -1 7739 7729 7738 -1 7813 7718 7670 -1 7766 7799 7764 -1 7684 7718 7814 -1 7767 7766 7699 -1 7812 7801 7804 -1 7718 7813 7815 -1 7814 7718 7815 -1 7743 7684 7814 -1 7701 7740 7816 -1 7750 7518 7817 -1 7817 7642 7676 -1 7518 7642 7817 -1 7746 7683 7818 -1 7754 7686 7743 -1 7754 7818 7683 -1 6642 7763 7800 -1 7800 6683 6642 -1 7819 7756 7687 -1 7644 7687 7756 -1 7608 7645 7757 -1 7757 7820 7612 -1 7689 7612 7820 -1 7758 7689 7821 -1 7822 7735 7823 -1 7824 7759 7758 -1 7759 7824 7773 -1 7735 7770 7823 -1 7825 7773 7824 -1 7777 7773 7825 -1 7826 7823 7770 -1 7827 7771 7769 -1 7744 7774 7828 -1 7829 7774 7700 -1 6698 7799 7830 -1 7800 7799 6698 -1 7693 7789 7792 -1 7803 7728 7792 -1 7803 7831 7807 -1 7811 7807 7831 -1 7776 7775 7832 -1 7749 7708 7833 -1 7809 7783 7834 -1 7723 7783 7809 -1 7833 7708 7779 -1 7802 7783 7782 -1 7811 7816 7740 -1 7802 7782 7731 -1 7751 7835 7779 -1 7802 7834 7783 -1 7752 7835 7751 -1 7836 7835 7752 -1 7768 7837 7838 -1 7767 7701 7839 -1 7836 7753 7780 -1 7752 7753 7836 -1 7796 7768 7838 -1 7701 7816 7839 -1 7797 7796 7838 -1 7781 7788 7712 -1 7673 7781 7667 -1 7736 7822 7793 -1 7784 7590 7840 -1 7769 7805 7827 -1 7711 7805 7769 -1 7808 7841 7702 -1 7788 7840 7590 -1 7842 7798 7793 -1 7843 7844 7678 -1 7843 7726 7845 -1 7678 7726 7843 -1 7798 7741 7793 -1 7715 7678 7844 -1 7844 7791 7715 -1 7736 7735 7822 -1 7726 7678 7679 -1 7846 7685 7847 -1 7713 7809 7834 -1 7847 7619 7848 -1 7685 7619 7847 -1 7802 7812 7834 -1 7673 7685 7846 -1 7846 7849 7673 -1 7622 7717 7850 -1 7713 7834 7810 -1 7722 7622 7850 -1 7850 7851 7722 -1 7619 7722 7851 -1 7812 7810 7834 -1 6683 7800 6698 -1 7725 7845 7726 -1 7812 7802 7801 -1 7725 7724 7852 -1 7812 7804 7853 -1 7852 7724 7806 -1 7853 7798 7842 -1 7804 7798 7853 -1 7812 7853 7813 -1 7815 7813 7853 -1 7814 7815 7854 -1 7754 7743 7855 -1 7519 7750 7856 -1 7643 7519 7856 -1 7687 7643 7857 -1 7857 7819 7687 -1 7645 7756 7819 -1 7821 7689 7820 -1 7858 7789 7859 -1 7792 7789 7858 -1 7858 7860 7792 -1 7822 7823 7861 -1 7824 7758 7862 -1 7837 7863 7864 -1 7865 7824 7862 -1 7832 7790 7776 -1 7790 7789 7733 -1 7859 7789 7790 -1 7861 7823 7826 -1 7842 7793 7822 -1 7825 7824 7865 -1 7826 7770 7772 -1 7853 7842 7866 -1 7860 7831 7803 -1 7803 7792 7860 -1 7866 7867 7853 -1 7772 7744 7828 -1 7815 7853 7867 -1 7854 7815 7867 -1 7868 7825 7869 -1 7777 7825 7868 -1 7816 7811 7870 -1 7750 7817 7871 -1 7787 7777 7868 -1 7817 7676 7872 -1 7868 7873 7787 -1 7830 7766 7874 -1 7872 7871 7817 -1 7799 7766 7830 -1 7676 7746 7872 -1 7875 7864 7863 -1 7746 7818 7872 -1 7700 7745 7876 -1 7766 7767 7874 -1 7876 7829 7700 -1 7816 7870 7877 -1 7878 7816 7877 -1 7839 7816 7878 -1 7839 7878 7879 -1 7767 7839 7879 -1 7745 7747 7876 -1 7879 7874 7767 -1 7857 7643 7856 -1 7645 7819 7880 -1 7757 7645 7880 -1 7881 7757 7880 -1 7820 7757 7881 -1 7758 7821 7882 -1 7836 7780 7883 -1 7788 7781 7884 -1 7885 7884 7781 -1 7781 7673 7885 -1 7849 7886 7673 -1 7780 7784 7887 -1 7784 7840 7887 -1 7846 7847 7888 -1 7889 7838 7837 -1 7848 7619 7851 -1 7837 7864 7889 -1 7890 7725 7852 -1 7845 7725 7890 -1 7852 7806 7891 -1 7873 7891 7806 -1 7806 7787 7873 -1 7864 7875 7892 -1 7892 7889 7864 -1 7841 7892 7875 -1 7889 7892 7893 -1 7893 7892 7894 -1 7838 7889 7893 -1 7895 7838 7893 -1 7838 7895 7896 -1 7896 7797 7838 -1 7805 7797 7896 -1 7805 7896 7897 -1 7805 7897 7827 -1 7808 7795 7898 -1 7899 7892 7841 -1 7841 7808 7899 -1 7899 7808 7898 -1 7827 7900 7771 -1 7771 7900 7716 -1 7775 7900 7901 -1 7716 7900 7775 -1 7859 7790 7902 -1 7902 7858 7859 -1 7882 7862 7758 -1 7903 7904 7860 -1 7860 7904 7905 -1 7825 7865 7869 -1 7860 7858 7903 -1 7861 7842 7822 -1 7866 7842 7906 -1 7893 7894 7895 -1 7814 7854 7907 -1 6706 6698 7830 -1 7831 7860 7905 -1 7908 7831 7905 -1 7811 7831 7908 -1 7826 7909 7861 -1 7910 7896 7895 -1 7908 7870 7811 -1 7872 7818 7911 -1 7911 7818 7912 -1 7878 7877 7913 -1 7879 7878 7913 -1 7818 7754 7912 -1 7772 7828 7914 -1 7826 7772 7914 -1 7874 7879 7915 -1 7915 7916 7874 -1 7899 7898 7917 -1 7743 7814 7907 -1 7907 7855 7743 -1 7918 7828 7829 -1 7774 7829 7828 -1 7899 7894 7892 -1 7899 7917 7919 -1 7856 7750 7871 -1 7894 7899 7919 -1 7910 7895 7894 -1 7896 7910 7897 -1 7857 7920 7819 -1 7880 7819 7920 -1 7900 7897 7910 -1 7876 7747 7748 -1 7900 7827 7897 -1 7820 7881 7921 -1 7821 7820 7921 -1 7921 7922 7821 -1 7882 7821 7922 -1 7923 7748 7749 -1 7775 7901 7924 -1 7925 7775 7924 -1 7832 7775 7925 -1 7779 7835 7926 -1 7926 7836 7927 -1 7835 7836 7926 -1 7927 7836 7883 -1 7903 7858 7902 -1 7883 7780 7887 -1 7788 7884 7928 -1 7885 7673 7886 -1 7843 7929 7844 -1 7843 7845 7930 -1 7791 7844 7929 -1 7929 7931 7791 -1 7717 7791 7931 -1 7846 7888 7932 -1 7888 7847 7933 -1 7848 7933 7847 -1 7849 7846 7932 -1 7845 7890 7934 -1 7890 7852 7891 -1 7829 7876 7935 -1 7936 7905 7904 -1 7876 7748 7937 -1 6706 7830 7938 -1 7937 7748 7939 -1 7905 7936 7940 -1 7908 7905 7940 -1 7748 7923 7939 -1 7842 7861 7941 -1 7833 7923 7749 -1 7833 7779 7942 -1 7942 7779 7943 -1 7944 7945 7870 -1 7870 7908 7944 -1 7906 7842 7941 -1 7779 7926 7943 -1 7877 7870 7945 -1 7938 7830 7874 -1 7788 7928 7946 -1 7884 7885 7947 -1 7885 7886 7947 -1 7879 7913 7915 -1 7948 7867 7866 -1 7947 7928 7884 -1 7886 7849 7932 -1 7840 7788 7946 -1 7795 7794 7949 -1 7929 7843 7930 -1 7930 7845 7934 -1 7898 7795 7949 -1 7717 7931 7950 -1 7932 7888 7951 -1 7951 7933 7952 -1 7888 7933 7951 -1 7867 7948 7854 -1 7909 7826 7914 -1 7933 7848 7953 -1 7953 7952 7933 -1 7828 7918 7914 -1 7848 7851 7953 -1 7850 7717 7950 -1 7918 7829 7935 -1 7851 7850 7950 -1 7871 7872 7954 -1 7890 7891 7955 -1 7891 7873 7955 -1 7956 7919 7917 -1 7956 7957 7919 -1 7855 7958 7754 -1 7959 7865 7862 -1 7919 7957 7894 -1 7869 7865 7959 -1 7912 7754 7960 -1 7873 7868 7955 -1 7960 7754 7958 -1 7894 7957 7910 -1 7910 7957 7961 -1 7871 7962 7856 -1 7910 7961 7900 -1 7963 7900 7961 -1 7857 7856 7962 -1 7900 7963 7901 -1 7901 7963 7924 -1 7964 7881 7880 -1 7925 7965 7832 -1 7966 7967 7903 -1 7967 7904 7903 -1 7936 7904 7967 -1 7902 7966 7903 -1 7965 7968 7790 -1 7902 7790 7968 -1 7965 7790 7832 -1 7941 7861 7969 -1 7881 7964 7970 -1 7921 7881 7970 -1 7935 7876 7937 -1 7940 7944 7908 -1 7877 7945 7971 -1 7913 7877 7971 -1 7874 7916 7938 -1 7866 7906 7972 -1 7973 7882 7922 -1 7949 7974 7898 -1 7862 7882 7973 -1 7917 7898 7974 -1 7959 7862 7975 -1 7942 7923 7833 -1 7909 7969 7861 -1 7976 7854 7948 -1 7977 7869 7959 -1 7909 7914 7978 -1 7868 7869 7977 -1 7955 7868 7977 -1 7954 7872 7979 -1 7979 7872 7980 -1 7911 7980 7872 -1 7981 7927 7883 -1 7883 7887 7981 -1 7961 7957 7956 -1 7907 7854 7976 -1 7982 7907 7976 -1 7907 7982 7855 -1 7886 7932 7983 -1 7840 7981 7887 -1 7946 7981 7840 -1 7929 7930 7984 -1 7855 7982 7958 -1 7984 7934 7985 -1 7930 7934 7984 -1 7871 7954 7962 -1 7924 7963 7986 -1 7950 7931 7987 -1 7925 7924 7986 -1 7965 7925 7986 -1 7851 7988 7953 -1 7962 7989 7857 -1 7950 7988 7851 -1 7934 7890 7985 -1 7985 7890 7990 -1 7990 7890 7955 -1 7920 7857 7989 -1 7991 7966 7992 -1 7967 7966 7991 -1 7920 7964 7880 -1 7993 7936 7967 -1 7994 7936 7993 -1 7940 7936 7994 -1 7966 7902 7968 -1 7995 7971 7996 -1 7970 7964 7997 -1 7917 7998 7956 -1 7945 7996 7971 -1 7913 7971 7999 -1 7866 7972 8000 -1 8001 7938 7916 -1 7948 7866 8000 -1 7913 7999 7915 -1 7956 7998 8002 -1 6706 7938 6723 -1 7961 7956 8002 -1 8003 7969 7909 -1 7994 8004 7940 -1 7909 7978 8003 -1 7922 7921 8005 -1 7978 7914 7918 -1 7940 8006 7944 -1 8004 8006 7940 -1 7939 7923 8007 -1 8008 7961 8002 -1 7923 7942 8007 -1 7963 7961 8008 -1 7986 7963 8008 -1 7996 8006 8009 -1 8010 7986 8008 -1 7862 7973 7975 -1 8011 7942 7943 -1 8010 7965 7986 -1 8006 7996 7945 -1 7943 7926 8012 -1 8012 7927 8013 -1 7926 7927 8012 -1 7927 7981 8013 -1 7981 7946 8014 -1 8015 7992 7966 -1 7944 8006 7945 -1 8014 7928 8016 -1 7946 7928 8014 -1 8017 8016 7947 -1 8017 7886 8018 -1 7947 7886 8017 -1 7928 7947 8016 -1 7886 7983 8018 -1 8019 7929 7984 -1 7931 7929 8019 -1 7955 7977 7990 -1 8019 7987 7931 -1 7987 8020 7950 -1 7952 7983 7951 -1 7967 7991 7993 -1 7932 7951 7983 -1 8021 7982 7976 -1 7953 7988 8022 -1 7974 7949 8023 -1 7988 7950 8020 -1 7917 7974 7998 -1 7962 7954 8024 -1 7906 7941 7972 -1 7962 8024 7989 -1 8025 7980 7911 -1 8025 7912 8026 -1 7911 7912 8025 -1 7960 8026 7912 -1 7964 7920 8027 -1 7970 7997 8028 -1 8002 7998 8029 -1 7971 8030 7999 -1 8007 7942 8031 -1 8032 8031 7942 -1 8000 8033 7948 -1 8005 7970 8028 -1 7970 8005 7921 -1 7942 8011 8032 -1 7915 7999 8034 -1 8011 7943 8012 -1 7916 7915 8034 -1 8013 8035 8012 -1 8014 8013 7981 -1 7922 8005 8036 -1 7993 8037 7994 -1 7976 7948 8033 -1 7922 8036 8038 -1 8016 8017 8018 -1 7992 8039 7991 -1 8038 7973 7922 -1 7918 8040 7978 -1 7985 8041 7984 -1 8042 7975 7973 -1 8042 8043 7975 -1 7918 7935 8040 -1 7993 7991 8039 -1 7993 8039 8044 -1 7935 8045 8040 -1 7987 8019 8020 -1 7935 7937 8045 -1 7953 8022 8046 -1 7952 7953 8046 -1 8010 8008 8047 -1 8010 8048 7965 -1 7959 7975 8043 -1 7988 8020 8022 -1 7977 7959 8043 -1 7990 7977 8043 -1 8049 7966 7968 -1 8021 8050 7982 -1 8015 7966 8049 -1 7968 7965 8048 -1 8009 8051 7996 -1 7958 8050 8052 -1 7982 8050 7958 -1 8053 7958 8052 -1 7941 7969 8054 -1 7995 8051 8055 -1 7954 7979 8056 -1 7996 8051 7995 -1 7980 8056 7979 -1 8024 7954 8056 -1 8057 8058 6723 -1 7972 7941 8054 -1 8024 8059 7989 -1 8057 6723 7938 -1 7960 7958 8053 -1 8026 7960 8053 -1 8027 7989 8059 -1 7920 7989 8027 -1 8057 7938 8001 -1 7997 7964 8027 -1 7994 8037 8004 -1 8006 8004 8037 -1 8037 8009 8006 -1 8060 7998 7974 -1 8061 7937 8062 -1 8063 7992 8064 -1 8054 7969 8003 -1 7937 8007 8062 -1 8053 8052 8065 -1 8018 7983 8066 -1 8031 8062 8007 -1 8067 8003 7978 -1 7992 8015 8064 -1 8007 7937 7939 -1 7972 8068 8000 -1 8039 7992 8063 -1 8056 7980 8069 -1 7972 8054 8068 -1 8022 8020 8070 -1 8033 8000 8068 -1 8071 8056 8069 -1 8024 8056 8071 -1 8029 7998 8060 -1 8033 8072 7976 -1 8073 8019 7984 -1 8059 8024 8071 -1 7980 8025 8069 -1 8029 8074 8002 -1 8044 8037 7993 -1 8051 8075 8076 -1 8055 8051 8076 -1 7978 8040 8067 -1 8077 8019 8073 -1 8026 8053 8078 -1 8008 8002 8079 -1 8079 8002 8074 -1 8020 8019 8077 -1 8072 8021 7976 -1 8077 8070 8020 -1 8072 8080 8021 -1 8081 8021 8080 -1 8082 8058 8075 -1 8021 8081 8050 -1 8075 8058 8083 -1 7952 8046 8084 -1 8052 8050 8081 -1 8047 8008 8079 -1 7995 8055 8085 -1 8058 8082 6723 -1 7983 7952 8084 -1 8058 8057 8083 -1 8067 8040 8086 -1 8035 8013 8087 -1 8088 8053 8065 -1 8047 8048 8010 -1 7985 8089 8041 -1 8053 8088 8078 -1 8090 8078 8088 -1 8030 7995 8085 -1 7971 7995 8030 -1 8087 8013 8014 -1 8028 7997 8091 -1 8016 8087 8014 -1 7985 7990 8089 -1 8030 8092 7999 -1 8023 8060 7974 -1 8034 7999 8092 -1 7968 8048 8049 -1 8034 8093 7916 -1 8001 7916 8093 -1 7990 8043 8094 -1 8094 8095 7990 -1 8040 8045 8086 -1 8044 8096 8037 -1 8061 8086 8045 -1 8037 8096 8009 -1 8045 7937 8061 -1 8096 8097 8009 -1 8097 8075 8051 -1 8051 8009 8097 -1 8054 8098 8068 -1 8065 8052 8099 -1 8018 8066 8100 -1 8096 8101 8102 -1 8054 8103 8098 -1 8104 8105 8106 -1 8107 8028 8091 -1 8081 8108 8109 -1 8106 8061 8062 -1 8105 8061 8106 -1 8109 8108 8110 -1 8028 8111 8005 -1 8084 8066 7983 -1 8054 8003 8103 -1 8101 8096 8063 -1 8104 8106 8112 -1 8067 8103 8003 -1 8016 8018 8100 -1 8107 8111 8028 -1 8099 8109 8110 -1 6727 8082 8113 -1 8106 8114 8112 -1 8106 8062 8114 -1 6723 8082 6727 -1 8103 8067 8115 -1 8104 8112 8116 -1 8112 8114 8117 -1 8036 8005 8111 -1 8068 8118 8033 -1 8063 8096 8044 -1 8062 8031 8114 -1 8073 7984 8041 -1 8039 8063 8044 -1 8118 8068 8098 -1 8072 8118 8119 -1 8033 8118 8072 -1 8063 8064 8120 -1 8114 8031 8117 -1 8076 8075 8083 -1 8072 8119 8080 -1 8085 8055 8076 -1 8031 8032 8117 -1 8121 8080 8119 -1 8122 8080 8121 -1 8117 8032 8123 -1 8124 8125 8102 -1 8069 8025 8126 -1 8076 8083 8127 -1 8081 8080 8108 -1 8080 8122 8108 -1 8085 8076 8127 -1 8064 8015 8128 -1 8042 7973 8038 -1 8123 8011 8129 -1 8032 8011 8123 -1 8012 8129 8011 -1 8130 8102 8125 -1 8126 8026 8131 -1 8025 8026 8126 -1 8129 8012 8132 -1 8052 8081 8099 -1 8102 8130 8096 -1 8081 8109 8099 -1 8057 8127 8083 -1 8001 8127 8057 -1 8131 8078 8133 -1 8026 8078 8131 -1 8134 8096 8130 -1 8012 8035 8132 -1 8035 8087 8132 -1 8067 8135 8115 -1 8087 8016 8100 -1 8100 8132 8087 -1 8130 8136 8137 -1 8138 8136 8130 -1 8093 8127 8001 -1 8089 8139 8041 -1 8140 8127 8093 -1 8130 8137 8134 -1 8029 8060 8141 -1 8142 8047 8079 -1 8089 7990 8143 -1 8092 8030 8085 -1 8086 8135 8067 -1 8142 8144 8048 -1 8048 8047 8142 -1 8095 8143 7990 -1 8094 8043 8042 -1 8145 8029 8141 -1 8128 8049 8144 -1 8074 8029 8145 -1 8027 8059 8146 -1 8049 8128 8015 -1 8144 8049 8048 -1 8092 8140 8034 -1 8027 8146 7997 -1 8091 7997 8146 -1 8140 8093 8034 -1 8096 8134 8097 -1 8105 8135 8086 -1 8061 8105 8086 -1 8090 8088 8147 -1 8078 8090 8133 -1 8134 8148 8097 -1 8097 8148 8075 -1 8082 8148 8113 -1 8075 8148 8082 -1 8071 8149 8059 -1 8150 8151 8060 -1 8103 8152 8098 -1 8101 8124 8102 -1 8023 8150 8060 -1 8073 8041 8153 -1 8042 8038 8111 -1 8104 8116 8154 -1 8155 8146 8149 -1 8153 8041 8139 -1 8060 8151 8141 -1 8059 8149 8146 -1 8141 8151 8156 -1 8157 8158 8077 -1 8120 8101 8063 -1 8103 8115 8152 -1 8098 8159 8118 -1 8118 8159 8119 -1 8107 8091 8160 -1 8146 8155 8161 -1 8094 8042 8162 -1 8077 8073 8157 -1 8094 8162 8095 -1 8070 8077 8158 -1 8159 8121 8119 -1 8113 8148 8163 -1 8157 8073 8153 -1 8164 8108 8122 -1 8159 8098 8152 -1 8046 8165 8084 -1 6727 8113 6729 -1 8117 8116 8112 -1 8166 8156 8167 -1 8141 8156 8145 -1 6729 8113 6730 -1 8168 8120 8064 -1 8169 8146 8161 -1 8146 8169 8091 -1 8139 8089 8170 -1 8129 8132 8100 -1 8116 8117 8171 -1 8156 8166 8168 -1 8168 8145 8156 -1 8168 8064 8128 -1 8127 8140 8085 -1 8088 8065 8147 -1 8065 8099 8147 -1 8145 8172 8074 -1 8084 8165 8066 -1 8099 8110 8173 -1 8174 8115 8135 -1 8170 8143 8162 -1 8143 8170 8089 -1 8095 8162 8143 -1 8175 8090 8147 -1 8085 8140 8092 -1 8038 8036 8111 -1 8137 8176 8177 -1 8110 8108 8164 -1 8145 8168 8172 -1 8136 8176 8137 -1 8177 8176 8163 -1 8046 8178 8165 -1 8172 8079 8074 -1 8123 8171 8117 -1 8071 8126 8149 -1 8142 8079 8172 -1 8069 8126 8071 -1 8022 8178 8046 -1 8144 8142 8172 -1 8178 8070 8158 -1 8022 8070 8178 -1 8148 8134 8137 -1 8137 8177 8148 -1 8101 8120 8179 -1 8105 8174 8135 -1 8133 8180 8131 -1 8124 8101 8181 -1 8166 8179 8120 -1 8177 8163 8148 -1 8166 8120 8168 -1 8121 8182 8122 -1 8104 8183 8174 -1 8164 8122 8182 -1 8154 8183 8104 -1 8104 8174 8105 -1 8126 8184 8149 -1 8185 8100 8066 -1 8149 8184 8155 -1 8167 8156 8151 -1 8160 8091 8169 -1 8186 8066 8165 -1 8113 8163 6730 -1 8159 8152 8187 -1 8188 8173 8110 -1 8172 8168 8128 -1 8189 8190 8191 -1 8152 8115 8192 -1 8192 8187 8152 -1 8164 8188 8110 -1 8193 8107 8160 -1 8172 8128 8144 -1 8121 8159 8187 -1 8193 8194 8111 -1 8111 8107 8193 -1 8042 8111 8195 -1 8171 8123 8196 -1 8167 8179 8166 -1 8126 8131 8184 -1 8196 8123 8197 -1 8147 8173 8198 -1 8115 8174 8192 -1 8099 8173 8147 -1 8153 8139 8190 -1 8199 8154 8200 -1 8195 8111 8194 -1 8201 8202 8185 -1 8100 8185 8197 -1 8200 8154 8116 -1 8150 8203 8167 -1 8187 8182 8121 -1 8153 8158 8157 -1 8192 8182 8187 -1 8167 8151 8150 -1 8201 8185 8186 -1 8195 8191 8042 -1 8182 8192 8183 -1 8191 8190 8170 -1 8185 8066 8186 -1 8170 8190 8139 -1 8191 8162 8042 -1 8183 8192 8174 -1 8129 8197 8123 -1 8162 8191 8170 -1 8197 8129 8100 -1 8183 8164 8182 -1 8171 8200 8116 -1 8184 8161 8155 -1 8164 8183 8154 -1 8101 8179 8181 -1 8164 8154 8199 -1 8188 8164 8199 -1 8200 8171 8196 -1 8180 8133 8175 -1 8133 8090 8175 -1 8175 8147 8198 -1 8167 8181 8179 -1 8180 8184 8131 -1 8189 8204 8190 -1 8205 8184 8180 -1 8203 8181 8167 -1 8175 8205 8180 -1 8188 8198 8173 -1 8153 8190 8204 -1 8206 8207 8208 -1 8194 8193 8209 -1 8188 8199 8210 -1 8210 8211 8212 -1 8213 8158 8204 -1 8207 8206 8214 -1 8215 8216 8169 -1 8217 8211 8202 -1 8212 8211 8217 -1 8160 8169 8216 -1 8186 8165 8218 -1 8153 8204 8158 -1 8184 8205 8161 -1 8165 8178 8218 -1 8218 8178 8213 -1 8219 8210 8212 -1 8210 8199 8200 -1 8193 8160 8216 -1 8220 8205 8175 -1 8195 8208 8191 -1 8194 8208 8195 -1 8196 8210 8200 -1 8158 8213 8178 -1 8211 8210 8196 -1 8201 8218 8221 -1 8191 8208 8207 -1 8207 8189 8191 -1 8197 8211 8196 -1 8198 8188 8210 -1 8218 8201 8186 -1 8204 8207 8214 -1 8198 8210 8219 -1 8204 8189 8207 -1 8175 8198 8220 -1 8219 8220 8198 -1 8217 8202 8221 -1 8201 8221 8202 -1 8169 8161 8222 -1 8202 8197 8185 -1 8211 8197 8202 -1 8193 8223 8209 -1 8204 8224 8213 -1 8205 8222 8161 -1 8225 8212 8217 -1 8220 8222 8205 -1 8215 8222 8226 -1 8227 8221 8228 -1 8194 8229 8208 -1 8209 8229 8194 -1 8220 8219 8226 -1 8222 8220 8226 -1 8212 8226 8219 -1 8206 8229 8227 -1 8225 8230 8231 -1 8217 8230 8225 -1 8232 8212 8225 -1 8226 8212 8232 -1 8208 8229 8206 -1 8169 8222 8215 -1 8227 8228 8214 -1 8214 8206 8227 -1 8221 8230 8217 -1 8214 8228 8224 -1 8218 8228 8221 -1 8230 8221 8227 -1 8228 8218 8213 -1 8223 8193 8216 -1 8224 8228 8213 -1 8214 8224 8204 -1 8231 8230 8233 -1 8234 8223 8235 -1 8234 8209 8223 -1 8209 8233 8229 -1 8234 8233 8209 -1 8215 8226 8232 -1 8232 8235 8215 -1 8227 8233 8230 -1 8229 8233 8227 -1 8231 8232 8225 -1 8216 8215 8235 -1 8235 8223 8216 -1 8232 8231 8235 -1 8231 8234 8235 -1 8233 8234 8231 -1 8236 161 165 -1 8236 165 8237 -1 8238 8236 8237 -1 772 458 8239 -1 8240 8241 8238 -1 8242 8238 8241 -1 8243 8238 8242 -1 2062 8239 8243 -1 8244 8242 8241 -1 8245 8242 8244 -1 8245 8244 8246 -1 8243 8242 8245 -1 8247 8243 8245 -1 2062 8243 8247 -1 1989 8245 8246 -1 8246 8244 1863 -1 1866 8246 1863 -1 8239 2062 772 -1 694 8248 165 -1 8237 165 8248 -1 8248 8249 8237 -1 8236 457 161 -1 8240 8237 8249 -1 8237 8240 8238 -1 457 8236 8239 -1 458 457 8239 -1 8243 8236 8238 -1 8239 8236 8243 -1 8250 8251 8249 -1 8249 8248 8250 -1 8252 8241 8240 -1 8253 8241 8252 -1 8244 8241 8253 -1 8247 2065 2062 -1 8245 1989 8247 -1 2065 8247 1989 -1 8253 8254 8244 -1 1863 8244 8254 -1 1864 1863 8254 -1 1989 8246 1866 -1 8255 694 758 -1 8248 694 8255 -1 8255 8250 8248 -1 8240 8249 8251 -1 8252 8240 8256 -1 8253 8252 8257 -1 1864 8254 8258 -1 2130 1864 8258 -1 758 822 8259 -1 8255 758 8259 -1 8256 8240 8251 -1 8253 8258 8254 -1 8259 8260 8255 -1 8250 8255 8260 -1 8251 8250 8260 -1 8261 8251 8260 -1 8261 8256 8251 -1 8257 8252 8256 -1 8253 8257 8262 -1 8258 8253 8262 -1 2130 8258 8263 -1 8259 822 8264 -1 8258 8262 8263 -1 2170 2130 8263 -1 8259 8264 8265 -1 8260 8259 8265 -1 2170 8263 8266 -1 8266 8267 2170 -1 8264 822 905 -1 8260 8265 8268 -1 8261 8260 8268 -1 8269 8261 8268 -1 8256 8261 8269 -1 8270 8257 8271 -1 8262 8257 8270 -1 8262 8266 8263 -1 8267 2248 2170 -1 905 923 8272 -1 8273 905 8272 -1 8264 905 8273 -1 8274 8264 8273 -1 8265 8264 8274 -1 8271 8256 8269 -1 8257 8256 8271 -1 8270 8271 8275 -1 8270 8266 8262 -1 2248 8267 8276 -1 8275 8271 8277 -1 8266 8270 8275 -1 8275 8278 8266 -1 8267 8266 8278 -1 8279 1046 8280 -1 8281 8282 983 -1 8283 8282 8281 -1 983 992 8281 -1 8272 923 1030 -1 8284 8272 1030 -1 8273 8272 8284 -1 8274 8273 8285 -1 8274 8286 8265 -1 8268 8265 8286 -1 8286 8287 8268 -1 8269 8268 8287 -1 8271 8269 8288 -1 8277 8271 8288 -1 8279 1045 1044 -1 1044 1046 8279 -1 8289 8290 8291 -1 8291 8292 8289 -1 8291 8290 8293 -1 8294 8295 8296 -1 8297 8298 8299 -1 8298 3504 8299 -1 8300 8301 8302 -1 8303 8304 8305 -1 8300 8306 8301 -1 8297 8299 8307 -1 8308 8302 8301 -1 8309 8305 8304 -1 8301 8306 8310 -1 8293 8311 8291 -1 8312 8295 8294 -1 8313 8314 8315 -1 8308 8310 8316 -1 8301 8310 8308 -1 8317 8305 8309 -1 8276 8267 8278 -1 5989 8306 8318 -1 8310 8306 6014 -1 2248 8276 8319 -1 8305 8317 8320 -1 8319 2254 2248 -1 8321 8322 8305 -1 8313 8315 8323 -1 8305 8320 8321 -1 8320 8324 8321 -1 8323 8322 8325 -1 8326 8327 8328 -1 8292 8328 8327 -1 8325 8313 8323 -1 5988 8306 5989 -1 8307 8299 8329 -1 5988 6014 8306 -1 8328 8330 8331 -1 8332 8333 8334 -1 8335 8330 8328 -1 8336 8337 8338 -1 8334 8333 8339 -1 8339 8340 8334 -1 8313 8341 8314 -1 8310 8342 8316 -1 8331 8330 8343 -1 8340 8339 8344 -1 8344 8345 8340 -1 8310 6014 8342 -1 8345 8346 8347 -1 8345 8344 8346 -1 8338 8337 8348 -1 8349 8316 8342 -1 5974 8349 8342 -1 8307 8332 8350 -1 8351 8330 8335 -1 8313 8325 8341 -1 8332 8307 8333 -1 8342 6014 6020 -1 8326 8328 8331 -1 8282 1046 983 -1 5975 5974 8342 -1 8330 8351 8352 -1 6020 5975 8342 -1 8351 8335 8353 -1 8338 8354 8336 -1 8335 8328 8292 -1 8333 8307 8355 -1 8356 8325 8322 -1 8353 8315 8351 -1 970 8357 992 -1 8355 8339 8333 -1 8351 8315 8314 -1 8322 8358 8356 -1 8357 970 1067 -1 1067 8359 8357 -1 8360 8355 8307 -1 8307 8329 8360 -1 8291 8311 8353 -1 8353 8292 8291 -1 8325 8356 8361 -1 8362 8363 6036 -1 8351 8314 8352 -1 8364 8360 8329 -1 6036 8363 6027 -1 8338 8348 8365 -1 8338 8366 8354 -1 8341 8367 8314 -1 8368 8369 1045 -1 8353 8335 8292 -1 6028 6027 8363 -1 1045 8279 8280 -1 8367 8341 8370 -1 8364 8355 8360 -1 8365 8366 8338 -1 8371 8366 8365 -1 8339 8355 8372 -1 8280 8368 1045 -1 8339 8372 8373 -1 8352 8314 8367 -1 8366 8371 8374 -1 8368 8280 8375 -1 8376 8377 8378 -1 8379 8370 8341 -1 8377 8380 8381 -1 8381 8378 8377 -1 8373 8344 8339 -1 8373 8346 8344 -1 8381 8380 8382 -1 8370 8383 8367 -1 8384 8381 8382 -1 8374 8385 8366 -1 8386 8387 8388 -1 8386 8389 8387 -1 8355 8364 8372 -1 8389 8386 8390 -1 8341 8325 8361 -1 8372 8364 8362 -1 8391 8392 8393 -1 8348 8392 8391 -1 8394 8395 8396 -1 8390 8396 8395 -1 8392 8397 8398 -1 8341 8361 8379 -1 8393 8392 8398 -1 8382 8394 8384 -1 8398 8397 8399 -1 8394 8396 8384 -1 8396 8400 8401 -1 8390 8386 8400 -1 8363 8362 8364 -1 8356 8402 8403 -1 1045 8369 1043 -1 8361 8356 8403 -1 8390 8400 8396 -1 8400 8404 8405 -1 8400 8405 8401 -1 8406 8391 8393 -1 8407 8378 8381 -1 8282 8280 1046 -1 8348 8391 8365 -1 8282 8375 8280 -1 8406 8365 8391 -1 8361 8403 8408 -1 8381 8384 8409 -1 8409 8407 8381 -1 8408 8379 8361 -1 8368 8375 8410 -1 8365 8406 8411 -1 8410 8412 8368 -1 8322 8321 8358 -1 8411 8406 8413 -1 8414 8411 8413 -1 8407 8415 8416 -1 8417 8411 8414 -1 8411 8417 8418 -1 8321 8324 8358 -1 8402 8356 8358 -1 8418 8419 8420 -1 8358 8324 8421 -1 8417 8419 8418 -1 8421 8402 8358 -1 8407 8409 8415 -1 8422 8415 8409 -1 3505 8299 3504 -1 8419 8423 8420 -1 8384 8396 8409 -1 8409 8396 8424 -1 8396 8401 8424 -1 8425 8426 8420 -1 8420 8423 8425 -1 8375 8282 8427 -1 8428 8420 8426 -1 8410 8375 8427 -1 8402 8421 8429 -1 8376 8428 8426 -1 8299 3505 3519 -1 8427 8430 8410 -1 8299 3519 8329 -1 8403 8402 8429 -1 3459 8363 8364 -1 8431 8424 8401 -1 8432 8412 8410 -1 8403 8429 8433 -1 8411 8371 8365 -1 8410 8434 8432 -1 8411 8418 8435 -1 8296 8403 8433 -1 8409 8424 8422 -1 8435 8371 8411 -1 8403 8296 8408 -1 8424 8431 8436 -1 8437 8383 8370 -1 8438 8430 8427 -1 8379 8437 8370 -1 8430 8434 8410 -1 8424 8436 8439 -1 8440 8439 8436 -1 8418 8420 8435 -1 8439 8440 8441 -1 8442 8443 8444 -1 8404 8445 8446 -1 8443 8442 8447 -1 8435 8420 8448 -1 8374 8371 8449 -1 8371 8435 8449 -1 8446 8445 8450 -1 8451 8452 8453 -1 8454 8455 8379 -1 8456 8446 8450 -1 8457 8443 8458 -1 8404 8446 8459 -1 8459 8446 8456 -1 8336 8432 8434 -1 8452 8451 8460 -1 8408 8454 8379 -1 8443 8447 8458 -1 8451 8461 8462 -1 8434 8430 8337 -1 8459 8405 8404 -1 8462 8460 8451 -1 8337 8430 8438 -1 8457 8458 8463 -1 8460 8464 8452 -1 8463 8458 8453 -1 8460 8462 8465 -1 3459 6090 8363 -1 8405 8459 8466 -1 8295 8454 8408 -1 8466 8401 8405 -1 8458 8447 8461 -1 3459 8364 8329 -1 8329 3519 3459 -1 8467 8459 8456 -1 8453 8458 8451 -1 8468 8464 8460 -1 8454 8295 8469 -1 8469 8295 8312 -1 8337 8336 8434 -1 8461 8451 8458 -1 8466 8459 8467 -1 8460 8465 8468 -1 8401 8466 8470 -1 8471 8469 8312 -1 8472 8470 8466 -1 8431 8401 8473 -1 8401 8470 8473 -1 8465 8474 8468 -1 8454 8469 8475 -1 8473 8470 8472 -1 8469 8471 8475 -1 8442 8476 8477 -1 8348 8337 8438 -1 8420 8428 8448 -1 8478 8475 8471 -1 8479 8332 8480 -1 8481 8477 8476 -1 8295 8408 8296 -1 8416 8415 8293 -1 8482 8477 8481 -1 8461 8483 8462 -1 8447 8442 8477 -1 8428 8376 8378 -1 8483 8465 8462 -1 8428 8378 8407 -1 8281 8357 8484 -1 992 8357 8281 -1 8484 8357 8359 -1 8483 8485 8486 -1 8447 8477 8461 -1 3459 3440 6090 -1 8485 8487 8486 -1 8485 8461 8477 -1 8415 8311 8293 -1 8477 8482 8488 -1 8483 8486 8297 -1 8489 8415 8490 -1 8311 8415 8489 -1 8477 8488 8491 -1 3635 8488 8482 -1 8491 8488 3635 -1 8492 8491 3635 -1 8415 8422 8490 -1 8290 8435 8448 -1 8283 8427 8282 -1 8491 8485 8477 -1 8448 8416 8293 -1 8293 8290 8448 -1 8493 8491 8492 -1 8448 8428 8416 -1 8416 8428 8407 -1 8439 8422 8424 -1 8461 8485 8483 -1 8297 8350 8483 -1 8297 8486 8298 -1 8283 8281 8494 -1 8495 8491 8493 -1 8303 8490 8422 -1 8385 8374 8496 -1 8494 8281 8484 -1 8495 8485 8491 -1 8486 8487 8497 -1 8486 8497 8298 -1 8283 8494 8498 -1 8485 8495 8487 -1 8374 8326 8496 -1 8347 8346 8499 -1 8496 8326 8500 -1 8500 8326 8501 -1 8498 8494 8484 -1 8484 8502 8498 -1 8427 8283 8503 -1 8503 8438 8427 -1 3529 8298 8497 -1 8298 3529 3504 -1 8347 8499 8504 -1 8439 8304 8422 -1 8326 8374 8327 -1 8498 8503 8283 -1 8315 8353 8311 -1 8499 8505 8504 -1 8311 8489 8315 -1 8506 8501 8326 -1 8505 8499 8507 -1 8503 8498 8508 -1 8350 8465 8483 -1 8507 8509 8505 -1 8350 8474 8465 -1 8489 8490 8322 -1 8350 8479 8474 -1 8508 8498 8510 -1 8507 8511 8509 -1 8323 8315 8489 -1 8510 8498 8502 -1 8503 8508 8512 -1 8513 8511 8514 -1 8489 8322 8323 -1 8350 8297 8307 -1 8438 8503 8348 -1 8503 8392 8348 -1 8503 8512 8397 -1 8346 8373 8515 -1 8397 8392 8503 -1 8397 8512 8399 -1 8516 8374 8449 -1 8479 8350 8332 -1 8512 8508 8517 -1 8517 8508 8510 -1 8399 8512 8517 -1 8516 8327 8374 -1 8289 8516 8449 -1 8518 8519 8520 -1 8449 8435 8289 -1 8304 8303 8422 -1 8519 8521 8520 -1 8518 8388 8522 -1 8515 8499 8346 -1 8522 8388 8523 -1 8303 8322 8490 -1 8387 8523 8388 -1 8515 8373 8524 -1 8518 8520 8525 -1 8388 8518 8525 -1 8388 8525 8386 -1 8400 8386 8525 -1 8525 8526 8400 -1 8303 8305 8322 -1 8527 8528 8521 -1 8529 8524 8373 -1 8292 8327 8516 -1 8521 8528 8520 -1 8528 8530 8520 -1 8362 8373 8372 -1 8439 8441 8531 -1 8435 8290 8289 -1 8526 8525 8520 -1 8532 8520 8530 -1 8532 8526 8520 -1 8531 8304 8439 -1 8373 8362 8529 -1 8530 8528 8533 -1 8533 8534 8530 -1 8532 8530 8534 -1 8309 8304 8531 -1 8526 8532 8445 -1 8400 8526 8404 -1 8526 8445 8404 -1 8292 8516 8289 -1 8532 8534 8535 -1 8535 8445 8532 -1 8445 8535 8450 -1 8529 8362 6036 -1 1025 8536 1030 -1 8515 8507 8499 -1 1030 8537 8284 -1 8536 8537 1030 -1 8507 8515 8538 -1 8515 8524 8538 -1 8284 8539 8273 -1 8537 8539 8284 -1 8285 8273 8539 -1 8540 8538 8524 -1 8524 8529 8540 -1 8285 8541 8274 -1 8286 8274 8541 -1 8511 8507 8538 -1 8538 8514 8511 -1 8542 8514 8538 -1 8543 8286 8541 -1 8540 8542 8538 -1 8287 8286 8543 -1 8544 8287 8543 -1 8269 8287 8544 -1 8544 8288 8269 -1 8277 8288 8545 -1 6036 8540 8529 -1 6036 8318 8540 -1 8318 6036 5989 -1 8546 8513 8514 -1 8542 8546 8514 -1 8300 8542 8306 -1 8302 8546 8542 -1 8300 8302 8542 -1 8318 8542 8540 -1 8542 8318 8306 -1 8547 8501 8506 -1 8548 8549 8539 -1 8550 8551 8552 -1 8553 8554 8555 -1 8547 8506 8556 -1 8549 8557 8285 -1 8506 8558 8556 -1 8285 8539 8549 -1 8556 8558 8559 -1 8559 8560 8556 -1 8559 8561 8560 -1 8455 8437 8379 -1 8551 8562 8552 -1 8285 8563 8541 -1 8557 8563 8285 -1 8506 8326 8558 -1 8564 8565 8566 -1 8331 8558 8326 -1 8331 8559 8558 -1 8383 8437 8567 -1 8437 8568 8567 -1 8343 8569 8570 -1 8571 8380 8572 -1 8573 8566 8565 -1 8377 8376 8574 -1 8574 8572 8377 -1 8572 8380 8377 -1 8437 8455 8575 -1 2334 8576 8577 -1 8578 8541 8563 -1 8543 8541 8578 -1 8382 8380 8571 -1 8579 8382 8571 -1 8564 8566 8580 -1 8569 8343 8581 -1 8582 8581 8343 -1 8389 8390 8583 -1 8579 8584 8394 -1 8454 8585 8455 -1 8585 8575 8455 -1 8579 8394 8382 -1 8586 8394 8584 -1 8390 8395 8583 -1 8551 8569 8581 -1 8395 8394 8586 -1 8544 8543 8578 -1 8363 6090 6028 -1 8576 8587 8577 -1 8588 8450 8589 -1 3440 3550 6090 -1 8590 8450 8588 -1 8456 8450 8590 -1 8312 8591 8471 -1 8568 8437 8592 -1 8437 8575 8592 -1 8593 8587 8553 -1 8594 8456 8590 -1 8467 8456 8594 -1 8575 8585 8595 -1 8594 8596 8467 -1 8593 8577 8587 -1 8597 8598 8431 -1 8431 8473 8597 -1 8599 8597 8473 -1 8600 8288 8544 -1 8343 8330 8582 -1 8473 8472 8599 -1 8466 8467 8596 -1 8472 8466 8596 -1 8601 8472 8596 -1 8599 8472 8601 -1 8545 8288 8600 -1 8431 8598 8436 -1 8440 8436 8598 -1 1139 8369 8602 -1 1043 8369 1139 -1 8603 8595 8585 -1 8441 8440 8604 -1 8585 8454 8475 -1 8603 8585 8605 -1 8475 8605 8585 -1 8604 8531 8441 -1 8553 8555 8593 -1 8531 8604 8606 -1 8471 8607 8478 -1 8607 8471 8591 -1 8608 8277 8545 -1 8609 8531 8606 -1 8309 8531 8609 -1 8352 8582 8330 -1 8275 8277 8608 -1 8359 1067 1153 -1 8610 8275 8608 -1 8309 8609 8317 -1 8611 8577 8593 -1 8612 8275 8610 -1 8317 8609 8613 -1 8278 8275 8612 -1 8614 8581 8582 -1 8615 8317 8613 -1 8320 8317 8615 -1 8615 8616 8320 -1 8324 8320 8616 -1 8276 8278 8612 -1 8612 8319 8276 -1 8611 8593 8617 -1 8618 8619 8620 -1 8620 8619 8570 -1 8621 8622 8623 -1 8412 8432 8624 -1 8561 8559 8625 -1 8625 8626 8561 -1 8552 8627 8628 -1 8478 8607 8629 -1 8352 8630 8582 -1 8559 8331 8625 -1 8475 8631 8605 -1 8626 8625 8618 -1 8630 8614 8582 -1 8624 8432 8632 -1 8631 8478 8633 -1 8475 8478 8631 -1 8632 8432 8336 -1 8633 8478 8629 -1 8294 8634 8635 -1 8296 8634 8294 -1 8636 8484 8359 -1 8343 8619 8618 -1 8618 8625 8343 -1 8625 8331 8343 -1 8453 8452 8637 -1 8630 8352 8367 -1 8619 8343 8570 -1 8502 8484 8636 -1 8312 8294 8635 -1 8510 8502 8638 -1 8639 8312 8635 -1 8591 8312 8639 -1 8452 8464 8637 -1 8517 8510 8638 -1 8399 8517 8640 -1 8641 8521 8642 -1 8643 8464 8468 -1 8577 8611 8644 -1 8642 8521 8519 -1 8645 8518 8522 -1 8646 8551 8550 -1 8644 8611 8565 -1 8562 8551 8647 -1 8570 8569 8646 -1 8519 8518 8645 -1 8643 8474 8648 -1 8468 8474 8643 -1 8569 8551 8646 -1 2334 8644 8564 -1 8565 8564 8644 -1 8550 8552 8649 -1 8648 8474 8479 -1 8527 8641 8650 -1 8627 8552 8651 -1 8629 8652 8633 -1 8641 8527 8521 -1 8653 8633 8654 -1 8631 8633 8653 -1 8650 8655 8527 -1 8562 8647 8656 -1 8654 8633 8652 -1 8527 8655 8533 -1 8533 8528 8527 -1 8656 8657 8562 -1 8562 8657 8658 -1 8480 8659 8660 -1 8480 8660 8479 -1 8581 8647 8551 -1 8661 8632 8336 -1 8662 8497 8487 -1 8336 8354 8661 -1 8663 8497 8662 -1 8534 8533 8664 -1 8665 8347 8666 -1 8581 8614 8667 -1 8667 8647 8581 -1 8347 8504 8666 -1 8668 8497 8663 -1 8666 8504 8669 -1 8670 8534 8664 -1 8661 8354 8671 -1 8504 8505 8669 -1 8672 8669 8505 -1 8505 8509 8672 -1 8535 8534 8670 -1 8497 8668 3529 -1 8589 8535 8670 -1 8450 8535 8589 -1 8672 8509 8673 -1 8647 8674 8656 -1 8668 8675 3529 -1 8509 8511 8673 -1 3529 8675 3475 -1 8673 8511 8513 -1 8671 8354 8676 -1 1116 1115 8677 -1 8657 8656 8622 -1 8536 1025 1116 -1 8354 8366 8676 -1 8622 8621 8657 -1 8676 8385 8678 -1 8513 8546 8679 -1 1116 8680 8536 -1 8536 8680 8537 -1 8680 8548 8539 -1 8480 8332 8681 -1 8546 8302 8682 -1 8682 8679 8546 -1 8366 8385 8676 -1 8539 8537 8680 -1 8332 8334 8681 -1 8302 8308 8682 -1 8681 8334 8683 -1 8684 8656 8674 -1 8656 8684 8685 -1 8398 8399 8640 -1 8334 8340 8683 -1 8393 8398 8686 -1 8682 8308 8687 -1 8308 8316 8687 -1 8688 8687 8316 -1 8686 8398 8640 -1 8316 8349 8688 -1 8349 5974 8688 -1 6069 8688 5974 -1 8689 8683 8340 -1 8406 8393 8686 -1 8345 8689 8340 -1 8686 8690 8406 -1 8413 8406 8690 -1 8689 8345 8691 -1 8692 8623 8622 -1 8691 8347 8665 -1 8345 8347 8691 -1 8693 8694 8695 -1 8622 8696 8692 -1 8694 8417 8695 -1 8656 8697 8696 -1 8694 8698 8699 -1 8696 8622 8656 -1 8693 8698 8694 -1 8694 8699 8419 -1 8419 8417 8694 -1 8700 8444 8701 -1 8419 8699 8423 -1 8675 3621 3475 -1 8417 8414 8695 -1 8702 8699 8698 -1 8423 8699 8702 -1 8700 8442 8444 -1 8425 8423 8702 -1 8444 8457 8703 -1 8457 8444 8443 -1 8702 8704 8425 -1 8703 8457 8705 -1 8706 8705 8457 -1 8425 8704 8426 -1 8463 8706 8457 -1 8376 8426 8704 -1 8574 8376 8704 -1 8453 8706 8463 -1 8637 8706 8453 -1 8700 8707 8442 -1 8442 8707 8476 -1 8678 8385 8496 -1 8678 8500 8708 -1 8500 8678 8496 -1 3636 3635 8482 -1 8500 8501 8708 -1 8492 3635 3634 -1 3634 3711 8492 -1 8493 8492 3711 -1 8709 8493 3711 -1 8710 8493 8709 -1 8692 2342 8623 -1 8495 8493 8710 -1 8487 8495 8662 -1 8710 8662 8495 -1 8576 2342 8692 -1 8576 8692 8587 -1 8614 8630 8711 -1 8667 8614 8711 -1 8647 8667 8674 -1 8696 8712 8713 -1 8713 8692 8696 -1 8712 8714 8715 -1 8712 8715 8716 -1 8674 8667 8717 -1 8674 8717 8718 -1 8712 8716 8713 -1 8716 8719 8713 -1 8720 8587 8713 -1 8720 8713 8719 -1 8587 8692 8713 -1 8684 8674 8721 -1 8587 8720 8553 -1 8711 8717 8667 -1 8717 8711 8722 -1 8720 8554 8553 -1 8630 8367 8723 -1 8723 8711 8630 -1 8383 8723 8367 -1 8724 8722 8711 -1 8725 8724 8711 -1 8711 8723 8725 -1 8723 8383 8725 -1 8567 8725 8383 -1 8725 8567 8726 -1 8726 8567 8568 -1 8656 8685 8697 -1 8714 8685 8684 -1 8697 8685 8714 -1 8696 8697 8712 -1 8712 8697 8714 -1 8421 8324 8616 -1 8616 8727 8421 -1 8429 8421 8727 -1 8727 8728 8429 -1 8433 8429 8728 -1 8728 8729 8433 -1 8296 8433 8729 -1 8634 8296 8729 -1 8549 8548 8730 -1 8651 8552 8562 -1 8557 8549 8730 -1 8730 8731 8557 -1 8731 8732 8557 -1 8563 8557 8732 -1 8547 8556 8733 -1 8568 8592 8734 -1 8735 8657 8621 -1 8563 8732 8736 -1 8563 8736 8578 -1 8737 8736 8732 -1 8738 8736 8739 -1 8578 8736 8738 -1 8739 8736 8740 -1 8736 8737 8740 -1 8555 8554 8741 -1 8674 8718 8721 -1 8544 8578 8738 -1 8718 8717 8742 -1 8743 8733 8556 -1 8738 8739 8744 -1 8739 8740 8745 -1 8743 8560 8746 -1 8556 8560 8743 -1 8742 8717 8722 -1 8744 8739 8747 -1 8748 8746 8560 -1 8747 8739 8745 -1 8560 8561 8749 -1 8749 8748 8560 -1 8737 8750 8740 -1 8745 8740 8750 -1 8600 8544 8738 -1 8600 8751 8545 -1 8752 8753 8754 -1 8572 8574 8755 -1 8744 8600 8738 -1 8726 8722 8724 -1 8571 8572 8755 -1 8734 8753 8752 -1 8600 8744 8756 -1 8747 8757 8744 -1 8600 8756 8751 -1 8756 8744 8758 -1 8755 8759 8571 -1 8592 8575 8753 -1 8753 8734 8592 -1 8726 8724 8725 -1 8758 8744 8757 -1 8757 8760 8758 -1 8761 8579 8759 -1 8579 8571 8759 -1 8545 8751 8608 -1 8762 8387 8763 -1 8718 8764 8721 -1 8595 8753 8575 -1 8684 8721 8764 -1 8764 8765 8684 -1 8479 8660 8648 -1 8387 8389 8763 -1 8765 8714 8684 -1 8583 8763 8389 -1 8751 8756 8766 -1 8584 8579 8761 -1 8758 8766 8756 -1 8767 2365 8768 -1 8760 8769 8758 -1 8714 8765 8770 -1 8608 8751 8766 -1 8767 8768 8771 -1 8771 8772 8767 -1 8608 8766 8610 -1 8663 8662 8773 -1 8610 8774 8612 -1 8774 8766 8775 -1 8663 8776 8668 -1 8772 8735 8767 -1 8675 8668 8776 -1 8776 8777 8675 -1 8610 8766 8774 -1 8726 8752 8778 -1 8586 8584 8761 -1 8766 8758 8779 -1 3664 8675 8777 -1 8568 8734 8726 -1 8480 8681 8659 -1 8758 8769 8779 -1 8766 8779 8780 -1 8583 8395 8781 -1 8726 8734 8752 -1 8782 8683 8689 -1 8395 8586 8781 -1 8612 8774 8319 -1 8767 8735 8621 -1 8752 8783 8778 -1 8775 8784 8774 -1 3621 8675 3664 -1 8590 8588 8785 -1 8786 8779 8769 -1 8779 8786 8787 -1 8787 8788 8779 -1 8789 8787 8786 -1 1153 8790 8359 -1 8791 8787 8789 -1 8594 8590 8785 -1 8792 8788 8787 -1 8602 8369 8368 -1 8788 8792 8793 -1 8794 8602 8368 -1 8412 8794 8368 -1 8794 8412 8795 -1 8787 8791 8792 -1 8624 8795 8412 -1 8796 8791 8789 -1 8795 8624 8797 -1 8798 2366 8767 -1 8793 8792 8799 -1 2365 8767 2366 -1 8792 8800 8799 -1 8624 8632 8797 -1 8791 8796 8801 -1 8801 8792 8791 -1 8636 8359 8790 -1 8801 8802 8628 -1 8796 8802 8801 -1 8792 8801 8800 -1 8800 8801 8628 -1 8502 8636 8803 -1 8804 8598 8597 -1 8440 8598 8804 -1 8597 8599 8805 -1 8802 8649 8628 -1 8638 8502 8803 -1 8806 8640 8807 -1 8669 8672 8808 -1 8628 8649 8552 -1 8672 8673 8808 -1 8517 8638 8807 -1 6069 6070 8809 -1 8809 6070 6543 -1 8640 8517 8807 -1 8800 8628 8627 -1 8673 8513 8810 -1 8810 8513 8811 -1 8641 8642 8812 -1 8813 8754 8753 -1 8774 8814 8319 -1 8814 8774 8784 -1 2366 8798 2341 -1 2254 8319 8814 -1 8753 8595 8603 -1 8604 8440 8804 -1 8815 8522 8816 -1 8817 8522 8815 -1 2377 8814 8784 -1 8522 8817 8645 -1 8814 2377 2254 -1 8513 8679 8811 -1 8811 8679 8818 -1 8642 8519 8645 -1 8819 8609 8606 -1 8762 8816 8523 -1 8523 8816 8522 -1 8679 8682 8818 -1 8523 8387 8762 -1 2325 2334 8564 -1 8818 8682 8687 -1 8650 8641 8812 -1 8820 8655 8821 -1 8793 8822 8788 -1 8655 8820 8533 -1 8687 8688 8823 -1 8564 2338 2325 -1 8561 8626 8749 -1 8824 8749 8626 -1 8822 8793 8825 -1 8626 8618 8824 -1 8824 8618 8620 -1 8820 8664 8533 -1 6069 8826 8688 -1 8570 8646 8827 -1 8589 8670 8664 -1 8793 8799 8825 -1 8620 8570 8827 -1 2342 8576 2361 -1 8646 8828 8827 -1 8550 8828 8646 -1 1179 1053 1226 -1 8550 8649 8828 -1 8677 1115 1179 -1 8753 8829 8813 -1 8677 8830 1116 -1 2338 8564 2386 -1 8680 1116 8830 -1 8830 8831 8680 -1 8548 8680 8831 -1 8832 8833 8573 -1 8833 8832 8834 -1 8835 8825 8799 -1 8836 8833 8834 -1 8573 8837 8566 -1 8838 8591 8839 -1 8607 8591 8838 -1 8836 8573 8833 -1 8623 8767 8621 -1 8837 8836 8840 -1 8573 8836 8837 -1 2361 8576 2333 -1 8829 8753 8603 -1 8605 8829 8603 -1 8580 2386 8564 -1 8566 8841 8580 -1 8841 8842 8580 -1 8658 8799 8800 -1 8651 8800 8627 -1 8837 8841 8566 -1 8800 8651 8658 -1 8837 8840 8841 -1 8843 8841 8840 -1 8842 8841 8843 -1 8623 8798 8767 -1 8658 8835 8799 -1 8605 8631 8829 -1 8658 8651 8562 -1 8629 8607 8838 -1 2341 8798 8623 -1 8844 8825 8771 -1 8825 8835 8771 -1 2341 8623 2342 -1 2386 8580 2387 -1 8845 8629 8838 -1 8772 8771 8835 -1 8835 8658 8772 -1 8772 8658 8735 -1 8657 8735 8658 -1 8714 8770 8715 -1 8846 8632 8661 -1 8639 8635 8839 -1 8715 8770 8847 -1 8847 8716 8715 -1 8842 8848 8580 -1 8848 8842 8849 -1 8716 8847 8719 -1 2387 8580 8848 -1 8719 8847 8850 -1 2387 8848 2389 -1 8591 8639 8839 -1 8719 8850 8720 -1 8851 8848 8849 -1 8686 8640 8806 -1 2389 8848 8851 -1 8849 8842 8843 -1 8690 8686 8852 -1 8693 8853 8698 -1 2391 2389 8851 -1 8414 8413 8854 -1 8693 8695 8855 -1 8695 8856 8855 -1 8853 8693 8855 -1 8856 8414 8854 -1 8695 8414 8856 -1 8702 8698 8853 -1 8853 8857 8702 -1 8704 8702 8857 -1 8858 8704 8857 -1 8574 8704 8858 -1 8755 8574 8858 -1 8554 8720 8850 -1 8850 8741 8554 -1 8708 8501 8859 -1 8547 8859 8501 -1 2334 2333 8576 -1 8860 8861 8862 -1 8555 8741 8863 -1 8555 8863 8864 -1 8555 8864 8617 -1 8617 8593 8555 -1 8865 8617 8864 -1 8617 8866 8611 -1 8866 8617 8865 -1 8866 8865 8867 -1 8701 8444 8868 -1 8700 8701 8869 -1 8868 8703 8870 -1 2334 8577 8644 -1 8703 8705 8870 -1 8444 8703 8868 -1 8611 8866 8871 -1 8872 8705 8706 -1 8872 8706 8873 -1 8866 8867 8871 -1 8637 8873 8706 -1 8707 8700 8869 -1 8871 8565 8611 -1 8869 3926 8707 -1 3875 8707 3926 -1 8476 8707 3875 -1 3812 8476 3875 -1 8871 8867 8874 -1 8481 8476 3812 -1 3811 8481 3812 -1 8482 8481 3811 -1 8482 3811 3636 -1 8565 8871 8832 -1 8832 8573 8565 -1 8832 8874 8875 -1 8871 8874 8832 -1 8832 8875 8834 -1 8709 3711 3710 -1 8710 8876 8662 -1 8877 8813 8829 -1 8877 8829 8631 -1 8631 8653 8877 -1 8877 8653 8878 -1 8652 8629 8845 -1 8879 8652 8845 -1 8654 8652 8879 -1 8878 8813 8877 -1 8654 8878 8653 -1 8878 8654 8880 -1 8880 8654 8879 -1 8878 8881 8882 -1 8881 8878 8880 -1 8883 8884 8802 -1 8884 8885 8802 -1 8649 8802 8885 -1 1244 8790 1153 -1 8824 8620 8886 -1 8865 8887 8888 -1 8620 8827 8886 -1 8780 8788 8822 -1 8784 8780 8822 -1 8889 1288 8602 -1 8827 8828 8890 -1 8828 8649 8885 -1 8885 8890 8828 -1 8888 8891 8892 -1 8794 8889 8602 -1 8784 8893 2377 -1 8742 8764 8718 -1 8784 8822 8893 -1 8865 8888 8892 -1 8742 8722 8764 -1 8778 8764 8722 -1 8865 8892 8867 -1 8894 8765 8764 -1 8825 8893 8822 -1 8893 2431 2377 -1 8770 8765 8894 -1 8895 8770 8894 -1 8778 8722 8726 -1 2431 8893 8844 -1 8891 8896 8892 -1 8894 8764 8778 -1 8894 8778 8895 -1 8844 2437 2431 -1 8897 8891 8898 -1 2438 2437 8844 -1 8899 8897 8900 -1 8891 8897 8896 -1 8899 8901 8897 -1 8897 8901 8896 -1 8895 8778 8783 -1 8895 8850 8847 -1 8847 8770 8895 -1 8892 8896 8902 -1 8903 8850 8895 -1 2438 8844 2457 -1 8893 8825 8844 -1 8904 8616 8905 -1 8754 8783 8752 -1 8896 8906 8902 -1 8727 8616 8904 -1 8729 8728 8907 -1 8907 8908 8729 -1 8844 8768 2457 -1 8634 8729 8908 -1 8844 8771 8768 -1 8908 8909 8634 -1 8896 8901 8910 -1 8636 8790 8911 -1 8839 8912 8838 -1 8803 8636 8913 -1 8635 8634 8909 -1 8914 8867 8892 -1 8914 8892 8915 -1 8839 8635 8916 -1 8632 8917 8797 -1 8867 8914 8874 -1 8914 8915 8918 -1 8874 8914 8919 -1 8919 8914 8918 -1 8783 8903 8895 -1 8903 8783 8920 -1 8807 8638 8921 -1 8846 8661 8671 -1 8892 8902 8922 -1 8922 8915 8892 -1 8642 8923 8812 -1 8642 8924 8923 -1 8850 8903 8925 -1 8642 8645 8924 -1 8741 8850 8925 -1 8926 8741 8925 -1 8875 8919 8927 -1 8816 8762 8928 -1 8874 8919 8875 -1 8925 8903 8920 -1 8806 8852 8686 -1 8888 8925 8920 -1 8929 8413 8690 -1 8930 8650 8812 -1 8926 8925 8888 -1 8931 8650 8930 -1 8650 8931 8655 -1 8855 8856 8932 -1 8834 8875 8927 -1 8853 8855 8932 -1 8821 8655 8931 -1 8933 8820 8821 -1 8820 8934 8664 -1 8857 8935 8858 -1 8935 8936 8858 -1 8755 8858 8936 -1 8937 8637 8938 -1 8939 8664 8934 -1 8678 8708 8940 -1 8941 8922 8902 -1 8859 8940 8708 -1 8637 8464 8938 -1 8902 8906 8941 -1 8589 8664 8939 -1 8906 8896 8910 -1 1139 8602 1288 -1 8547 8942 8859 -1 8677 8943 8830 -1 8863 8741 8926 -1 8887 8863 8926 -1 8831 8830 8943 -1 8943 8944 8831 -1 8888 8887 8926 -1 8547 8733 8945 -1 8864 8863 8887 -1 8945 8733 8946 -1 8946 8743 8746 -1 8733 8743 8946 -1 8947 8831 8944 -1 8548 8831 8947 -1 8730 8548 8947 -1 8941 8906 8948 -1 8865 8864 8887 -1 8643 8648 8949 -1 8732 8731 8950 -1 8951 8759 8755 -1 8948 8952 8941 -1 8761 8759 8951 -1 8953 8761 8951 -1 2457 8768 2365 -1 8906 8910 8954 -1 8948 8906 8861 -1 8906 8954 8861 -1 8783 8754 8920 -1 8955 8586 8953 -1 8761 8953 8586 -1 8745 8956 8747 -1 8781 8586 8955 -1 8901 8899 8957 -1 8956 8745 8958 -1 8660 8659 8959 -1 8737 8732 8950 -1 8959 8648 8660 -1 8901 8957 8960 -1 8588 8961 8785 -1 8960 8910 8901 -1 8962 8960 8957 -1 8958 8745 8750 -1 8594 8785 8961 -1 8910 8960 8963 -1 8757 8747 8956 -1 8757 8956 8964 -1 8601 8596 8965 -1 8760 8757 8964 -1 8599 8601 8805 -1 8960 8962 8966 -1 8966 8963 8960 -1 8967 8597 8805 -1 8963 8966 8968 -1 8804 8597 8967 -1 8910 8963 8954 -1 8969 8760 8964 -1 8769 8760 8969 -1 8604 8804 8819 -1 8775 8766 8780 -1 8968 8954 8963 -1 8606 8604 8819 -1 8754 8813 8882 -1 8609 8819 8970 -1 8613 8609 8970 -1 8773 8971 8663 -1 8954 8968 8972 -1 8882 8920 8754 -1 8966 8973 8968 -1 8968 8973 8974 -1 8974 8972 8968 -1 8613 8905 8615 -1 8780 8784 8775 -1 8780 8779 8788 -1 8616 8615 8905 -1 8879 8845 8975 -1 8878 8882 8813 -1 8843 8840 8976 -1 3664 8777 3777 -1 8977 8769 8969 -1 8786 8769 8977 -1 8851 8849 8978 -1 8979 8879 8980 -1 8880 8879 8979 -1 8786 8977 8789 -1 8981 8789 8977 -1 8849 8843 8976 -1 8976 8978 8849 -1 8982 8789 8981 -1 8789 8982 8796 -1 8659 8681 8983 -1 8920 8882 8888 -1 8883 8796 8982 -1 8802 8796 8883 -1 8681 8683 8983 -1 8888 8882 8891 -1 8782 8689 8984 -1 8689 8691 8984 -1 8691 8665 8984 -1 8881 8891 8882 -1 8979 8985 8880 -1 8881 8880 8985 -1 8891 8881 8898 -1 8881 8985 8986 -1 8881 8986 8898 -1 8898 8986 8897 -1 8986 8900 8897 -1 8701 8868 8987 -1 8869 8701 8988 -1 8989 8870 8872 -1 8870 8705 8872 -1 8937 8873 8637 -1 8952 8990 8991 -1 8948 8990 8952 -1 8948 8861 8990 -1 8710 8709 3951 -1 8709 3710 3951 -1 8876 8773 8662 -1 8992 8991 8990 -1 8990 8861 8860 -1 8860 8992 8990 -1 8665 8666 8993 -1 8994 7481 8995 -1 7482 7481 8994 -1 7483 7482 8994 -1 8808 8673 8810 -1 8860 8996 8992 -1 8818 8687 8823 -1 8954 8972 8997 -1 8823 8688 8826 -1 8997 8861 8954 -1 8826 6069 8809 -1 8974 8998 8972 -1 8997 8972 8999 -1 8999 8972 8998 -1 9000 8861 8997 -1 8861 9000 8862 -1 8997 8999 9000 -1 9001 9000 8999 -1 8862 8996 8860 -1 8862 9000 9002 -1 9002 9000 9001 -1 8996 8862 9003 -1 8862 9002 9003 -1 7703 8996 9003 -1 8900 9004 9005 -1 8748 8749 9006 -1 8824 9006 8749 -1 8885 8884 9007 -1 8824 8886 9008 -1 9007 9009 8885 -1 8917 8632 8846 -1 9010 8975 8845 -1 8918 8915 9011 -1 8790 1244 9012 -1 8980 8879 8975 -1 8809 6543 9013 -1 8922 9011 8915 -1 8985 8979 8980 -1 8980 9014 8985 -1 9015 9013 6543 -1 6543 6336 9015 -1 9015 6336 6556 -1 8827 8890 9016 -1 9004 8985 9014 -1 8986 8985 9004 -1 9004 8900 8986 -1 9017 8919 8918 -1 8927 8919 9017 -1 9018 8890 8885 -1 9019 8927 9017 -1 9011 8922 9020 -1 9021 8846 8671 -1 9020 8941 8952 -1 8922 8941 9020 -1 9022 9023 1376 -1 8899 8900 9005 -1 9024 8899 9005 -1 8957 8899 9024 -1 8886 8827 9016 -1 8464 8643 8938 -1 9024 9025 8957 -1 8949 8938 8643 -1 8957 9025 8962 -1 9026 1288 8889 -1 9027 8962 9025 -1 8962 9027 8966 -1 8949 8648 8959 -1 8834 8927 9019 -1 9021 8676 9028 -1 8836 8834 9019 -1 8973 8966 9027 -1 8671 8676 9021 -1 9026 8889 9029 -1 8973 9030 8974 -1 9019 9031 8836 -1 8840 8836 9031 -1 9031 8976 8840 -1 8889 8794 9029 -1 8971 8773 9032 -1 8676 8678 9033 -1 9034 9035 8777 -1 8777 8776 9034 -1 8794 9036 9029 -1 3777 8777 9035 -1 8776 8663 8971 -1 8971 9034 8776 -1 9037 8991 8992 -1 2391 8851 8978 -1 8907 8727 8904 -1 8728 8727 8907 -1 8994 8995 9038 -1 2511 2391 8978 -1 9039 8806 9040 -1 8983 8683 8782 -1 8995 7481 2536 -1 8852 8806 9039 -1 8994 9041 7483 -1 9038 9041 8994 -1 8795 9036 8794 -1 7483 9041 7646 -1 8917 9036 8795 -1 8795 8797 8917 -1 8984 8665 9042 -1 1297 9043 1300 -1 9044 8992 8996 -1 9043 1297 1343 -1 8993 9042 8665 -1 8998 8974 9030 -1 8999 8998 9045 -1 8690 8852 8929 -1 8636 8911 8913 -1 8803 8913 9046 -1 9001 8999 9045 -1 9047 9001 9045 -1 9001 9047 9048 -1 9002 9001 9048 -1 8911 8790 9012 -1 8854 8413 8929 -1 8996 7703 9044 -1 9049 8803 9046 -1 7705 7703 9003 -1 9050 7705 9003 -1 9002 9050 9003 -1 9050 9002 9048 -1 8638 8803 9049 -1 9040 8806 8921 -1 8807 8921 8806 -1 8853 8932 9051 -1 8854 9052 8856 -1 8845 8838 9010 -1 8932 8856 9052 -1 8857 8853 9051 -1 8916 8635 8909 -1 9053 8666 9054 -1 8993 8666 9053 -1 8666 8669 9054 -1 9051 8935 8857 -1 8987 8868 9055 -1 8988 8701 8987 -1 8669 8808 9056 -1 9055 8870 8989 -1 8868 8870 9055 -1 9057 8815 9058 -1 8817 8815 9057 -1 8811 8818 9059 -1 9057 9060 8817 -1 9061 8872 8873 -1 8873 8937 9061 -1 8817 9060 8645 -1 3926 8869 3924 -1 8815 8816 9058 -1 8645 9060 8924 -1 8816 8928 9062 -1 9062 9058 8816 -1 8826 8809 9063 -1 8710 3951 3955 -1 8936 8935 9064 -1 8876 8710 3955 -1 8773 8876 3955 -1 9065 8930 9066 -1 8931 8930 9065 -1 9065 9067 8931 -1 9068 8931 9067 -1 8821 8931 9068 -1 8820 8933 8934 -1 9069 8589 8939 -1 9070 1179 1226 -1 8677 1179 9070 -1 8943 8677 9070 -1 8940 8859 9071 -1 9071 8859 8942 -1 9072 8730 8947 -1 8730 9072 8731 -1 8950 8731 9072 -1 9072 9073 8950 -1 8547 8945 8942 -1 8945 8946 9074 -1 1376 9023 1292 -1 9075 8958 9076 -1 8956 8958 9075 -1 8737 8950 9077 -1 1376 1291 9026 -1 8946 8746 9078 -1 1291 1290 9026 -1 8958 8750 9076 -1 9026 1290 1288 -1 8746 8748 9078 -1 9079 8956 9075 -1 8964 8956 9079 -1 9079 9080 8964 -1 8977 8969 9081 -1 9081 9082 8977 -1 9064 9083 8936 -1 8981 8977 9082 -1 8755 8936 9083 -1 9083 9084 8755 -1 8755 9084 8951 -1 9085 8953 8951 -1 8884 8883 9086 -1 8928 8763 9087 -1 8762 8763 8928 -1 8763 8781 9088 -1 8583 8781 8763 -1 8781 8955 9088 -1 8955 8953 9085 -1 8588 8589 9069 -1 8961 8588 9069 -1 8596 8594 8961 -1 8961 8965 8596 -1 8601 8965 8805 -1 8804 9089 8819 -1 9089 8804 8967 -1 8970 8819 9089 -1 8613 8970 9090 -1 8905 8613 9090 -1 8950 9073 9077 -1 9066 8923 9091 -1 9074 9092 8945 -1 9078 9093 8946 -1 8812 8923 9066 -1 8937 8938 9094 -1 8812 9066 8930 -1 9094 9095 8937 -1 9096 8737 9077 -1 8750 8737 9096 -1 9096 9097 8750 -1 9098 9019 9099 -1 9076 8750 9097 -1 9100 9091 9060 -1 9094 8938 9101 -1 9078 8748 9006 -1 9102 9103 9104 -1 8924 9091 8923 -1 9004 9105 9005 -1 9104 9106 9102 -1 9017 8918 9107 -1 9017 9099 9019 -1 8924 9060 9091 -1 9080 9079 9108 -1 9085 8951 9084 -1 8839 8916 8912 -1 9109 8928 9087 -1 8938 8949 9101 -1 8969 8964 9080 -1 9110 9111 9112 -1 8952 9113 9020 -1 9114 9101 8949 -1 8949 8959 9114 -1 9081 8969 9115 -1 9116 9057 9117 -1 9011 9107 8918 -1 9087 8763 9118 -1 8838 8912 9010 -1 9057 9058 9117 -1 9043 1343 1414 -1 9057 9100 9060 -1 9116 9100 9057 -1 9118 9088 9119 -1 9024 9005 9120 -1 8763 9088 9118 -1 9119 8955 9121 -1 9088 8955 9119 -1 8959 8659 9122 -1 9032 8773 3957 -1 9025 9024 9120 -1 8955 9085 9121 -1 8869 8988 3924 -1 8991 9113 8952 -1 9055 8989 9123 -1 8982 8981 9124 -1 9069 9125 8961 -1 9062 8928 9109 -1 8971 9126 9034 -1 9035 9034 9126 -1 9113 8991 9037 -1 9127 8982 9124 -1 8883 8982 9127 -1 9030 8973 9128 -1 9035 3923 3777 -1 9086 8883 9127 -1 8965 8961 9125 -1 9129 9112 9130 -1 9110 9112 9129 -1 9031 9019 9098 -1 9131 8821 9068 -1 8933 8821 9131 -1 9132 8933 9131 -1 9133 8976 9031 -1 8934 8933 9132 -1 9129 9130 9134 -1 8917 8846 9135 -1 8978 8976 9133 -1 8989 8872 9061 -1 9136 8978 9133 -1 9137 8805 8965 -1 8967 8805 9137 -1 1244 9138 9012 -1 1390 9138 1244 -1 8782 8984 9139 -1 9132 9140 8934 -1 2511 8978 9136 -1 8939 8934 9140 -1 9139 8984 9042 -1 9141 9038 9142 -1 2528 2511 9136 -1 9069 8939 9140 -1 9061 9095 9143 -1 9089 9144 8970 -1 9041 9141 9145 -1 9146 9110 9129 -1 8937 9095 9061 -1 9038 9141 9041 -1 9147 9041 9145 -1 9142 8995 2535 -1 1349 9148 1226 -1 9090 8970 9144 -1 9144 9149 9090 -1 9038 8995 9142 -1 9033 9028 8676 -1 9070 1226 9148 -1 9149 9150 9090 -1 8905 9090 9150 -1 9151 8905 9150 -1 8995 2536 2535 -1 9152 8929 8852 -1 9153 8929 9152 -1 9008 8886 9154 -1 9155 9041 9147 -1 9154 8886 9016 -1 8929 9156 8854 -1 9008 9006 8824 -1 9018 8885 9009 -1 1292 9023 1414 -1 9052 8854 9156 -1 7646 9041 9155 -1 9157 8890 9018 -1 9016 8890 9157 -1 8904 8905 9151 -1 1414 9023 9158 -1 3955 3957 8773 -1 8992 9044 9159 -1 9071 8942 9160 -1 9160 8942 9161 -1 8945 9161 8942 -1 8678 8940 9033 -1 9033 8940 9071 -1 9043 9162 1300 -1 9158 9023 9022 -1 9063 8809 9013 -1 9163 9162 9043 -1 1300 9164 1351 -1 9162 9164 1300 -1 9164 1425 1351 -1 9164 9162 9165 -1 9022 9166 9167 -1 1376 9026 9166 -1 9166 9022 1376 -1 7705 9050 7706 -1 9029 9166 9026 -1 9167 9166 9168 -1 9166 9029 9168 -1 8669 9056 9054 -1 9168 9029 9036 -1 9036 9169 9168 -1 9036 8917 9169 -1 9170 9171 8823 -1 8823 8826 9170 -1 9172 9170 8826 -1 9012 9138 9173 -1 8911 9012 9173 -1 9174 8913 8911 -1 8638 9049 9175 -1 8921 8638 9175 -1 9040 8921 9176 -1 9177 9178 9179 -1 9077 9073 9180 -1 8975 9010 9181 -1 8907 8904 9182 -1 9183 9117 9184 -1 9185 8975 9181 -1 8980 8975 9185 -1 9075 9076 9186 -1 9182 8904 9187 -1 9188 9189 9190 -1 9074 8946 9191 -1 9191 9092 9074 -1 9192 9111 9193 -1 9194 9111 9192 -1 8946 9093 9191 -1 8908 8907 9182 -1 9189 9066 9190 -1 9193 9111 9110 -1 9195 9196 9177 -1 9078 9006 9093 -1 9177 9179 9195 -1 9195 9179 9197 -1 9014 9105 9004 -1 9077 9180 9096 -1 9198 8908 9182 -1 9064 9199 9083 -1 9091 9190 9066 -1 9095 9094 9200 -1 9099 9017 9107 -1 9097 9201 9076 -1 9202 4013 8988 -1 3924 8988 4013 -1 9011 9020 9203 -1 9203 9107 9011 -1 9091 9116 9190 -1 9085 9084 9121 -1 9010 8912 9204 -1 9118 9109 9087 -1 9181 9010 9204 -1 9202 8987 9205 -1 8988 8987 9202 -1 9183 9116 9117 -1 9108 9075 9186 -1 9205 8987 9055 -1 9196 9195 9103 -1 9079 9075 9108 -1 9020 9113 9203 -1 8909 8908 9198 -1 9105 9120 9005 -1 9091 9100 9116 -1 9103 9195 9206 -1 9206 9195 9197 -1 8916 8909 9198 -1 9120 9207 9025 -1 9198 8912 8916 -1 9025 9208 9209 -1 9027 9025 9209 -1 9115 8969 9080 -1 9103 9206 9104 -1 9128 9027 9209 -1 9104 9206 9210 -1 9058 9211 9117 -1 9055 9123 9212 -1 9213 1456 1408 -1 9027 9128 8973 -1 9104 9214 9106 -1 1408 1407 9215 -1 9213 1408 9215 -1 9214 9104 9210 -1 9031 9098 9216 -1 9106 9217 9102 -1 9031 9216 9133 -1 9211 9062 9218 -1 9058 9062 9211 -1 9082 9081 9219 -1 9124 9082 9219 -1 9123 8989 9220 -1 1407 1387 9221 -1 9062 9109 9218 -1 9125 9069 9222 -1 8981 9082 9124 -1 9221 1387 1425 -1 9065 9066 9189 -1 9189 9223 9065 -1 9065 9223 9067 -1 9224 9125 9222 -1 9225 9067 9223 -1 9068 9067 9225 -1 9226 9133 9216 -1 8959 9122 9114 -1 9133 9226 9136 -1 9009 9007 9227 -1 9112 9111 9228 -1 9043 1414 9229 -1 9230 9134 9231 -1 9136 9226 9232 -1 9131 9233 9132 -1 9234 9132 9233 -1 3957 4106 9032 -1 8884 9086 9227 -1 8884 9227 9007 -1 9235 9032 4106 -1 9230 9231 9236 -1 9043 9229 9163 -1 9146 9193 9110 -1 8971 9032 9235 -1 9237 8971 9235 -1 9221 1425 9238 -1 9239 9236 9231 -1 9232 9226 9240 -1 9231 9177 9239 -1 9130 9112 9228 -1 9241 9130 9228 -1 8971 9237 9126 -1 9140 9132 9234 -1 9232 9240 2535 -1 3923 9035 9126 -1 9242 9169 9135 -1 9232 2528 9136 -1 9196 9239 9177 -1 8965 9125 9224 -1 2528 9232 2532 -1 2532 9232 2535 -1 1425 9243 9238 -1 9135 9244 9245 -1 9164 9243 1425 -1 9217 9106 9246 -1 9246 9214 9247 -1 9106 9214 9246 -1 9162 9248 9165 -1 9163 9248 9162 -1 9222 9140 9249 -1 9069 9140 9222 -1 9137 8965 9224 -1 9146 9129 9250 -1 9138 1390 1477 -1 9247 9214 9251 -1 9248 9163 9229 -1 9252 9246 9253 -1 9217 9246 9252 -1 9246 9247 9253 -1 9137 9089 8967 -1 9135 8846 9244 -1 9134 9130 9254 -1 9250 9129 9255 -1 9021 9244 8846 -1 9256 9244 9021 -1 9021 9028 9256 -1 9028 9033 9256 -1 9130 9241 9254 -1 9134 9255 9129 -1 9257 9196 9103 -1 9236 9258 9255 -1 9240 9142 2535 -1 9236 9255 9230 -1 9255 9134 9230 -1 9257 9103 9102 -1 8983 9122 8659 -1 9134 9254 9178 -1 9257 9217 9259 -1 9102 9217 9257 -1 8983 8782 9260 -1 9261 9178 9254 -1 9231 9134 9178 -1 9231 9178 9177 -1 9220 9061 9143 -1 8989 9061 9220 -1 1451 9262 9148 -1 9178 9261 9179 -1 9148 1349 1451 -1 9179 9261 9263 -1 7646 9155 7768 -1 9152 8852 9039 -1 9040 9264 9039 -1 9264 9152 9039 -1 9252 9253 9265 -1 9143 9095 9200 -1 9266 9265 9253 -1 9266 9253 9267 -1 9164 9165 9243 -1 9037 8992 9159 -1 9148 9268 9070 -1 8943 9070 9268 -1 9156 8929 9153 -1 9243 9165 9269 -1 8932 9052 9270 -1 9271 9165 9248 -1 9272 8943 9268 -1 9051 8932 9270 -1 9217 9252 9273 -1 9269 9165 9271 -1 9274 9275 9265 -1 9274 9266 9276 -1 9265 9266 9274 -1 9243 9269 9277 -1 9278 9273 9252 -1 8944 8943 9272 -1 9275 9278 9252 -1 8935 9051 9270 -1 9159 9044 9279 -1 9275 9274 9280 -1 9272 8947 8944 -1 9280 9274 9276 -1 9064 8935 9281 -1 8947 9272 9282 -1 9044 7703 9279 -1 9072 8947 9282 -1 9282 9073 9072 -1 9139 9260 8782 -1 7703 7702 9279 -1 9229 1414 9158 -1 8998 9030 9283 -1 9252 9265 9275 -1 9180 9073 9284 -1 9045 8998 9283 -1 9285 9033 9071 -1 9283 9286 9045 -1 9287 9008 9154 -1 9288 9093 9006 -1 9048 9047 9289 -1 9006 9008 9288 -1 9287 9288 9008 -1 9160 9285 9071 -1 9063 9013 9290 -1 9160 9161 9291 -1 9157 9292 9016 -1 9154 9016 9292 -1 9015 9293 9013 -1 9048 7794 9050 -1 9187 8904 9151 -1 9015 6556 9293 -1 9161 8945 9092 -1 7706 9050 7794 -1 9291 9161 9092 -1 9293 6556 9294 -1 9053 9042 8993 -1 6556 6545 9294 -1 9158 9022 9167 -1 9167 9295 9158 -1 9167 9296 9295 -1 8808 8810 9056 -1 9297 9296 9167 -1 9056 8810 9298 -1 8810 8811 9299 -1 9299 9298 8810 -1 9168 9297 9167 -1 9059 9299 8811 -1 9169 9297 9168 -1 9059 8818 9171 -1 8818 8823 9171 -1 9172 8826 9063 -1 9169 8917 9135 -1 9300 9138 1477 -1 9138 9300 9173 -1 9173 9301 8911 -1 9173 9300 9302 -1 8911 9301 9174 -1 8913 9174 9046 -1 9046 9303 9049 -1 9175 9049 9303 -1 9176 8921 9175 -1 9304 9249 9305 -1 9192 9193 9306 -1 9287 9154 9307 -1 9307 9308 9287 -1 9251 9214 9210 -1 9284 9309 9180 -1 9298 9310 9056 -1 9311 9093 9288 -1 9312 9180 9309 -1 9096 9180 9312 -1 9094 9313 9314 -1 9313 9094 9101 -1 9221 9215 1407 -1 9228 9194 9315 -1 9111 9194 9228 -1 9287 9311 9288 -1 9316 9311 9287 -1 9317 9226 9318 -1 9308 9316 9287 -1 9319 9299 9059 -1 9215 9221 9320 -1 9101 9114 9313 -1 9018 9009 9321 -1 9322 9236 9239 -1 9097 9096 9312 -1 9323 9324 9317 -1 9157 9018 9325 -1 9245 9244 9256 -1 9059 9171 9319 -1 9076 9201 9326 -1 9327 9186 9326 -1 9108 9186 9327 -1 9080 9108 9327 -1 9327 9328 9080 -1 9205 9055 9212 -1 9292 9157 9329 -1 9115 9080 9328 -1 9330 9331 1456 -1 9332 1512 1507 -1 9239 9196 9333 -1 9250 9255 9258 -1 9256 9334 9245 -1 9154 9292 9307 -1 9122 9313 9114 -1 9081 9115 9335 -1 9325 9329 9157 -1 1456 9331 1391 -1 9219 9081 9335 -1 9187 9151 9336 -1 9123 9220 9337 -1 9212 9123 9337 -1 9338 9187 9336 -1 9330 1456 9213 -1 9215 9339 9213 -1 9340 9228 9341 -1 9172 9063 9290 -1 9137 9224 9342 -1 9215 9320 9339 -1 9343 9344 9124 -1 9127 9124 9344 -1 9330 9213 9345 -1 9304 9346 9249 -1 9256 9347 9334 -1 9228 9340 9241 -1 9348 9249 9346 -1 9182 9187 9338 -1 9213 9339 9345 -1 9037 9349 9113 -1 9350 9237 9235 -1 9237 9350 9126 -1 9009 9227 9351 -1 3923 9126 9350 -1 9257 9333 9196 -1 9340 9352 9241 -1 9322 9258 9236 -1 1451 1391 9353 -1 9241 9352 9254 -1 9354 9182 9338 -1 9352 9261 9254 -1 9331 9353 1391 -1 9355 1524 1527 -1 9300 1477 9302 -1 9198 9182 9354 -1 9297 9169 9242 -1 9251 9267 9247 -1 1524 9356 1518 -1 9259 9333 9257 -1 1513 9302 1477 -1 9253 9247 9267 -1 9357 9349 9037 -1 9261 9352 9358 -1 9256 9285 9347 -1 9256 9033 9285 -1 9262 9359 9148 -1 9360 9337 9220 -1 9204 8912 9361 -1 9331 9330 9345 -1 9135 9245 9242 -1 9143 9360 9220 -1 9360 9143 9362 -1 9181 9204 9363 -1 9137 9364 9089 -1 9089 9364 9144 -1 9355 9188 1524 -1 9356 1524 9188 -1 9356 9188 9190 -1 9365 9122 8983 -1 8912 9198 9361 -1 9149 9144 9364 -1 9188 9355 9366 -1 9362 9143 9367 -1 9188 9366 9189 -1 9189 9366 9223 -1 9037 9159 9357 -1 9226 9317 9324 -1 9367 9143 9200 -1 9238 9320 9221 -1 9324 9323 9141 -1 9240 9324 9142 -1 9226 9324 9240 -1 9260 9365 8983 -1 9320 9238 9368 -1 9264 9040 9369 -1 9369 9370 9264 -1 9142 9324 9141 -1 9368 9238 9243 -1 9145 9141 9323 -1 8980 9185 9371 -1 9264 9372 9152 -1 9229 9158 9295 -1 9295 9271 9229 -1 8980 9371 9014 -1 9373 9152 9372 -1 9374 9375 9332 -1 9368 9243 9277 -1 9323 9376 9145 -1 9271 9295 9377 -1 9147 9145 9376 -1 9268 9148 9359 -1 9153 9152 9373 -1 9375 9374 9183 -1 9377 9295 9296 -1 9359 9378 9268 -1 9248 9229 9271 -1 9376 9155 9147 -1 9373 9156 9153 -1 9105 9014 9371 -1 9375 9183 9184 -1 9052 9156 9373 -1 9270 9052 9373 -1 9373 9379 9270 -1 9272 9268 9378 -1 9379 9380 9270 -1 9380 9281 9270 -1 9368 9277 9381 -1 9282 9272 9378 -1 8935 9270 9281 -1 9374 9332 9190 -1 9332 9356 9190 -1 9381 9277 9382 -1 9377 9296 9383 -1 9383 9296 9297 -1 9269 9384 9277 -1 9385 9199 9064 -1 9269 9271 9384 -1 9207 9120 9105 -1 9271 9377 9384 -1 1451 9353 9262 -1 9217 9273 9259 -1 9261 9358 9263 -1 9384 9382 9277 -1 9374 9190 9116 -1 9025 9207 9208 -1 9282 9284 9073 -1 9263 9197 9179 -1 9347 9285 9386 -1 9186 9076 9326 -1 9267 9387 9266 -1 9386 9291 9388 -1 9030 9128 9389 -1 6545 6586 9294 -1 9283 9030 9389 -1 9318 9226 9216 -1 9291 9386 9160 -1 9160 9386 9285 -1 9279 7702 7841 -1 9183 9374 9116 -1 9301 9302 9390 -1 9266 9387 9276 -1 9173 9302 9301 -1 9391 9291 9092 -1 9200 9314 9367 -1 9391 9092 9392 -1 9393 9099 9107 -1 9394 9098 9099 -1 9394 9099 9393 -1 9286 9395 9045 -1 9047 9045 9395 -1 9098 9394 9216 -1 9200 9094 9314 -1 9191 9093 9396 -1 9289 9047 9395 -1 9203 9393 9107 -1 9396 9093 9311 -1 9397 9109 9398 -1 9349 9203 9113 -1 9109 9118 9398 -1 9397 9211 9218 -1 9394 9318 9216 -1 9210 9206 9197 -1 9399 9398 9118 -1 9109 9397 9218 -1 9040 9176 9369 -1 9276 9400 9280 -1 9121 9401 9399 -1 9068 9225 9131 -1 9402 9083 9199 -1 9084 9083 9402 -1 9402 9401 9084 -1 9401 9121 9084 -1 9119 9399 9118 -1 9121 9399 9119 -1 9149 9403 9150 -1 9404 9234 9233 -1 9222 9348 9405 -1 9306 9193 9406 -1 9407 9406 9193 -1 9222 9342 9224 -1 9342 9222 9405 -1 9193 9146 9407 -1 9234 9404 9305 -1 9305 9249 9234 -1 9140 9234 9249 -1 9249 9348 9222 -1 9336 9150 9403 -1 9151 9150 9336 -1 9408 9139 9042 -1 9275 9280 9409 -1 9280 9400 9410 -1 9400 9276 9411 -1 9042 9053 9408 -1 9054 9056 9310 -1 9412 9316 9413 -1 9414 9415 9416 -1 9316 9308 9413 -1 9318 9394 9317 -1 9320 9417 9339 -1 9394 9418 9317 -1 9192 9306 9419 -1 9305 9414 9304 -1 9420 9413 9421 -1 9413 9422 9421 -1 9310 9298 9423 -1 9339 9417 9345 -1 9416 9304 9414 -1 9307 9413 9308 -1 9422 9413 9307 -1 9345 9353 9331 -1 9424 9322 9425 -1 9426 9353 9345 -1 9423 9299 9427 -1 9298 9299 9423 -1 9416 9415 9250 -1 9428 9309 9284 -1 9258 9416 9250 -1 9345 9417 9426 -1 9325 9018 9321 -1 9418 9349 9429 -1 9426 9417 9430 -1 9192 9419 9194 -1 9422 9292 9329 -1 9307 9292 9422 -1 9304 9416 9424 -1 9431 9390 9302 -1 9317 9418 9323 -1 9171 9432 9319 -1 9429 9323 9418 -1 9432 9171 9433 -1 9194 9419 9315 -1 9258 9424 9416 -1 9434 9435 9174 -1 9433 9171 9170 -1 9436 9174 9435 -1 9046 9174 9436 -1 9417 9320 9381 -1 9301 9434 9174 -1 9290 9013 9437 -1 9438 9439 9440 -1 9381 9320 9368 -1 9424 9258 9322 -1 9172 9433 9170 -1 9304 9424 9346 -1 9441 9336 9442 -1 9013 9293 9437 -1 9338 9336 9443 -1 9438 9388 9439 -1 9417 9381 9430 -1 9443 9336 9441 -1 9444 9437 9293 -1 9303 9046 9436 -1 9429 9349 9445 -1 1568 9355 1527 -1 9405 9346 9446 -1 9185 9447 9371 -1 9293 9294 9444 -1 9201 9097 9448 -1 9315 9341 9228 -1 9359 9449 9378 -1 9348 9346 9405 -1 1507 1518 9356 -1 9382 9430 9381 -1 9450 9175 9303 -1 9176 9175 9450 -1 9349 9357 9445 -1 1507 9356 9332 -1 9369 9176 9450 -1 9450 9370 9369 -1 9451 9105 9371 -1 9448 9312 9452 -1 9097 9312 9448 -1 9453 9334 9454 -1 9309 9455 9452 -1 9312 9309 9452 -1 9346 9424 9446 -1 9378 9449 9456 -1 9429 9376 9323 -1 9457 9440 9458 -1 9459 9355 1568 -1 9382 9377 9383 -1 9384 9377 9382 -1 9366 9355 9459 -1 9207 9105 9451 -1 9282 9378 9456 -1 9429 9445 9376 -1 9440 9439 9458 -1 9439 9388 9391 -1 9366 9459 9460 -1 9327 9326 9461 -1 9223 9366 9460 -1 9354 9462 9198 -1 9302 1513 9431 -1 9155 9376 9463 -1 9322 9239 9425 -1 9431 1513 9464 -1 1513 1512 9464 -1 9327 9461 9465 -1 9363 9204 9361 -1 9341 9466 9467 -1 9468 9314 9469 -1 6657 6617 9470 -1 6622 9470 6617 -1 9262 9471 9359 -1 9472 9209 9208 -1 9473 9198 9462 -1 9262 9353 9471 -1 9474 9390 9431 -1 9472 9128 9209 -1 9314 9313 9469 -1 9327 9465 9328 -1 9389 9128 9472 -1 9328 9465 9475 -1 9431 9464 9474 -1 9347 9454 9334 -1 9358 9476 9468 -1 9198 9473 9361 -1 9405 9446 9477 -1 9115 9328 9475 -1 9468 9476 9367 -1 9376 9445 9463 -1 9263 9358 9478 -1 9471 9426 9479 -1 9353 9426 9471 -1 9480 9115 9475 -1 9335 9115 9480 -1 9479 9426 9430 -1 7863 9445 9357 -1 9358 9468 9478 -1 9481 9465 9461 -1 9469 9482 9468 -1 9464 1512 9332 -1 9467 9466 9360 -1 9464 9332 9375 -1 9393 9418 9394 -1 9159 7863 9357 -1 9219 9335 9480 -1 7863 9463 9445 -1 9367 9314 9468 -1 9343 9124 9219 -1 9474 9464 9483 -1 9359 9471 9449 -1 9464 9375 9483 -1 9393 9203 9349 -1 9349 9418 9393 -1 7837 9155 9463 -1 9202 4124 4013 -1 7837 7768 9155 -1 7863 9159 9279 -1 9478 9468 9484 -1 9279 7875 7863 -1 9485 9127 9344 -1 9086 9127 9485 -1 7841 7875 9279 -1 9263 9210 9197 -1 9210 9478 9484 -1 9263 9478 9210 -1 9283 9389 9486 -1 9086 9487 9227 -1 9382 9488 9430 -1 9484 9468 9482 -1 9286 9283 9486 -1 9351 9227 9487 -1 9351 9321 9009 -1 9489 9205 9212 -1 9184 9117 9490 -1 9372 9264 9491 -1 9117 9211 9490 -1 9211 9397 9492 -1 9490 9211 9492 -1 9397 9398 9493 -1 9492 9397 9493 -1 9382 9383 9488 -1 9048 9289 7794 -1 9225 9223 9460 -1 9425 9446 9424 -1 9494 9225 9495 -1 9131 9225 9494 -1 9488 9383 9496 -1 9496 9383 9297 -1 9233 9131 9494 -1 9337 9466 9497 -1 9379 9373 9498 -1 9233 9499 9404 -1 9496 9297 9242 -1 9380 9379 9498 -1 9414 9404 9499 -1 9499 9500 9414 -1 9360 9466 9337 -1 9414 9500 9415 -1 9469 9313 9122 -1 9407 9146 9415 -1 9496 9242 9245 -1 9250 9415 9146 -1 9461 9326 9201 -1 9341 9467 9340 -1 9404 9414 9305 -1 9340 9467 9501 -1 9456 9284 9282 -1 9245 9453 9496 -1 9064 9281 9385 -1 9284 9456 9428 -1 9453 9245 9334 -1 9501 9360 9362 -1 9467 9360 9501 -1 4106 4138 9235 -1 9342 9502 9137 -1 9501 9352 9340 -1 9350 9235 4138 -1 9503 9454 9386 -1 9386 9454 9347 -1 9425 9239 9333 -1 9352 9501 9476 -1 9350 4065 3923 -1 9388 9503 9386 -1 9438 9503 9388 -1 9504 9210 9484 -1 9210 9504 9251 -1 9352 9476 9358 -1 9367 9501 9362 -1 9476 9501 9367 -1 9273 9333 9259 -1 9364 9137 9502 -1 9388 9291 9391 -1 9392 9505 9391 -1 9502 9506 9364 -1 9267 9251 9507 -1 9508 9505 9392 -1 9191 9392 9092 -1 9508 9392 9191 -1 9507 9251 9504 -1 9149 9364 9506 -1 9396 9508 9191 -1 9508 9396 9509 -1 9469 9122 9365 -1 9311 9509 9396 -1 9469 9365 9510 -1 9365 9260 9510 -1 9403 9149 9506 -1 9260 9511 9510 -1 9398 9399 9512 -1 9399 9401 9513 -1 9513 9512 9399 -1 9336 9403 9442 -1 9401 9402 9513 -1 9405 9477 9342 -1 9409 9278 9275 -1 9387 9267 9507 -1 9276 9514 9411 -1 9276 9387 9514 -1 9410 9409 9280 -1 9410 9400 9515 -1 9400 9411 9515 -1 9516 9509 9412 -1 9410 9515 9517 -1 9515 9411 9518 -1 9519 9517 9515 -1 9316 9509 9311 -1 9519 9515 9518 -1 9139 9511 9260 -1 9509 9316 9412 -1 9408 9053 9520 -1 9139 9408 9511 -1 9413 9420 9412 -1 9520 9053 9054 -1 9520 9054 9310 -1 9516 9521 9508 -1 9522 9303 9523 -1 9516 9508 9509 -1 9524 9278 9525 -1 9440 9526 9438 -1 9526 9503 9438 -1 9450 9303 9522 -1 9487 9086 9485 -1 9483 9375 9527 -1 9463 7863 7837 -1 9440 9528 9529 -1 9530 9450 9522 -1 9427 9319 9531 -1 9299 9319 9427 -1 9527 9375 9532 -1 9375 9184 9532 -1 9371 9447 9533 -1 9534 9455 9528 -1 9528 9440 9534 -1 9493 9398 9535 -1 9403 9506 9536 -1 9536 9506 9537 -1 9537 9538 9536 -1 9319 9432 9531 -1 9539 9361 9473 -1 9363 9361 9539 -1 9532 9490 9540 -1 9184 9490 9532 -1 9533 9451 9371 -1 9432 9433 9541 -1 9530 9370 9450 -1 9542 9370 9530 -1 9543 9496 9453 -1 9172 9290 9433 -1 9504 9484 9544 -1 9545 9442 9403 -1 9536 9545 9403 -1 9477 9446 9546 -1 9448 9547 9201 -1 9448 9452 9548 -1 9278 9409 9525 -1 9549 9448 9548 -1 9547 9448 9549 -1 9550 9181 9363 -1 9446 9425 9551 -1 9551 9546 9446 -1 9492 9540 9490 -1 9185 9181 9550 -1 9482 9544 9484 -1 9447 9185 9550 -1 4065 9350 4138 -1 9544 9482 9552 -1 9523 9436 9553 -1 9425 9333 9551 -1 9436 9435 9553 -1 9342 9477 9554 -1 9486 9555 9286 -1 9301 9390 9434 -1 9516 9556 9557 -1 9477 9546 9554 -1 9412 9556 9516 -1 9207 9451 9558 -1 9434 9390 9559 -1 9342 9554 9502 -1 9390 9474 9560 -1 9560 9559 9390 -1 9547 9461 9201 -1 9547 9549 9561 -1 9303 9436 9523 -1 9495 9460 9562 -1 9225 9460 9495 -1 9561 9461 9547 -1 9563 9449 9471 -1 9551 9524 9546 -1 9534 9564 9455 -1 9207 9558 9208 -1 9556 9412 9420 -1 9507 9544 9565 -1 9208 9558 9566 -1 9534 9440 9457 -1 9504 9544 9507 -1 9551 9333 9524 -1 9333 9273 9524 -1 9556 9420 9567 -1 9453 9454 9568 -1 9544 9552 9565 -1 9233 9494 9569 -1 9471 9479 9570 -1 9233 9569 9499 -1 9439 9391 9521 -1 9569 9571 9499 -1 9289 9395 9572 -1 9458 9439 9573 -1 9572 7794 9289 -1 9472 9208 9566 -1 9510 9482 9469 -1 9552 9482 9510 -1 9502 9554 9574 -1 9514 9575 9411 -1 9514 9576 9575 -1 9499 9571 9500 -1 9325 9321 9577 -1 9264 9370 9542 -1 9542 9491 9264 -1 9578 9389 9472 -1 9411 9579 9518 -1 9579 9411 9575 -1 9444 9294 9580 -1 9420 9421 9567 -1 9422 9329 9421 -1 9511 9552 9510 -1 9421 9329 9581 -1 9574 9506 9502 -1 9519 9518 9582 -1 9461 9561 9481 -1 9488 9583 9430 -1 9329 9325 9581 -1 9584 9585 9511 -1 9584 9511 9408 -1 9520 9584 9408 -1 9486 9389 9578 -1 9586 9481 9561 -1 9524 9525 9587 -1 9520 9588 9584 -1 9583 9479 9430 -1 9406 9407 9589 -1 9498 9373 9372 -1 9524 9273 9278 -1 9588 9520 9310 -1 9519 9590 9517 -1 6619 9591 6678 -1 9465 9481 9475 -1 9592 9380 9498 -1 9593 9481 9586 -1 9588 9310 9594 -1 9583 9488 9496 -1 9481 9595 9475 -1 9595 9481 9593 -1 9565 9387 9507 -1 9565 9552 9585 -1 9459 1568 1570 -1 9562 9459 9596 -1 9591 6619 6674 -1 9585 9597 9565 -1 9460 9459 9562 -1 9409 9410 9598 -1 9595 9599 9480 -1 9475 9595 9480 -1 9526 9568 9503 -1 9503 9568 9454 -1 9595 9593 9599 -1 9598 9410 9517 -1 9576 9514 9387 -1 9219 9599 9600 -1 9480 9599 9219 -1 9576 9387 9565 -1 9470 6622 9601 -1 9343 9219 9600 -1 9585 9552 9511 -1 9505 9521 9391 -1 9338 9602 9354 -1 9602 9338 9443 -1 6678 9580 9294 -1 9294 6586 6678 -1 9462 9354 9602 -1 9505 9508 9521 -1 9583 9603 9479 -1 6659 9601 6622 -1 9583 9496 9543 -1 9583 9543 9603 -1 9543 9604 9603 -1 9471 9570 9563 -1 9449 9563 9605 -1 9306 9606 9419 -1 9456 9449 9605 -1 9419 9606 9607 -1 9419 9607 9608 -1 9315 9419 9608 -1 9609 9315 9608 -1 9315 9609 9341 -1 9609 9610 9341 -1 9341 9610 9466 -1 9610 9497 9466 -1 9453 9604 9543 -1 9611 4124 9202 -1 9205 9611 9202 -1 9453 9568 9604 -1 9611 9205 9489 -1 9337 9497 9612 -1 9212 9613 9489 -1 9212 9337 9612 -1 9613 9212 9612 -1 9428 9456 9605 -1 9614 9605 9615 -1 9529 9614 9615 -1 9605 9614 9428 -1 9614 9529 9528 -1 9428 9614 9309 -1 9455 9309 9528 -1 9309 9614 9528 -1 9526 9440 9529 -1 9616 9522 9523 -1 9423 9594 9310 -1 9617 9522 9616 -1 9474 9483 9560 -1 9618 9485 9344 -1 9606 9306 9619 -1 9483 9527 9560 -1 9620 9526 9615 -1 9565 9597 9576 -1 9621 9527 9532 -1 9530 9522 9617 -1 9550 9363 9622 -1 9623 9517 9590 -1 9597 9624 9576 -1 9447 9550 9625 -1 9625 9626 9447 -1 9540 9621 9532 -1 9587 9538 9537 -1 9563 9570 9620 -1 9623 9590 9627 -1 9628 9629 9621 -1 9542 9530 9617 -1 9540 9628 9621 -1 9447 9626 9533 -1 9630 9462 9631 -1 9594 9423 9632 -1 9605 9620 9615 -1 9563 9620 9605 -1 9555 9486 9633 -1 9533 9626 9634 -1 9462 9630 9473 -1 9635 9286 9555 -1 9423 9427 9632 -1 9427 9531 9632 -1 9395 9286 9635 -1 9479 9603 9570 -1 9572 9636 7794 -1 9610 9637 9497 -1 9637 9638 9497 -1 9570 9603 9620 -1 9572 9395 9635 -1 9604 9620 9603 -1 9638 9639 9613 -1 9531 9432 9541 -1 9290 9437 9640 -1 9641 9613 9639 -1 9641 9489 9613 -1 4124 9611 9642 -1 9451 9533 9634 -1 9622 9363 9539 -1 9576 9624 9575 -1 9535 9398 9512 -1 9641 9642 9611 -1 9634 9558 9451 -1 9489 9641 9611 -1 9497 9638 9612 -1 9597 9585 9643 -1 9643 9624 9597 -1 9638 9613 9612 -1 9434 9644 9435 -1 9536 9645 9545 -1 9435 9646 9553 -1 9435 9644 9646 -1 9647 9199 9648 -1 9549 9548 9649 -1 9402 9199 9647 -1 9650 9548 9452 -1 9452 9455 9650 -1 9624 9579 9575 -1 9564 9650 9455 -1 9644 9434 9559 -1 9513 9647 9651 -1 9433 9290 9640 -1 9579 9624 9652 -1 9512 9513 9651 -1 9402 9647 9513 -1 9538 9645 9536 -1 9548 9650 9649 -1 9538 9587 9653 -1 9646 9654 9553 -1 9525 9653 9587 -1 9652 9624 9655 -1 9643 9655 9624 -1 9523 9553 9654 -1 9459 1570 9596 -1 9538 9653 9645 -1 9645 9653 9656 -1 9554 9546 9524 -1 9604 9568 9620 -1 9524 9574 9554 -1 9620 9568 9526 -1 9628 9657 9658 -1 9409 9653 9525 -1 9540 9657 9628 -1 9653 9409 9659 -1 9660 9549 9649 -1 9654 9616 9523 -1 9661 9516 9557 -1 9585 9584 9643 -1 9662 9566 9663 -1 9549 9660 9561 -1 9566 9662 9472 -1 9664 9561 9660 -1 9657 9493 9658 -1 9557 9556 9665 -1 9492 9657 9540 -1 9574 9524 9587 -1 9584 9588 9643 -1 9493 9657 9492 -1 9574 9537 9506 -1 9587 9537 9574 -1 9457 9564 9534 -1 9535 9658 9493 -1 9529 9615 9526 -1 9457 9666 9564 -1 9458 9666 9457 -1 9667 9666 9458 -1 9567 9668 9556 -1 9573 9667 9458 -1 9662 9578 9472 -1 9521 9573 9439 -1 9669 6674 9670 -1 6674 6657 9670 -1 9562 9671 9495 -1 9518 9672 9582 -1 9672 9518 9579 -1 9578 9633 9486 -1 9573 9521 9673 -1 9674 9567 9421 -1 9516 9673 9521 -1 9590 9519 9675 -1 9674 9421 9581 -1 9675 9627 9590 -1 9321 9351 9676 -1 6674 9669 9591 -1 9561 9664 9677 -1 9519 9582 9675 -1 9581 9325 9577 -1 9494 9495 9671 -1 9677 9586 9561 -1 9470 9670 6657 -1 9586 9677 9678 -1 9675 9582 9679 -1 9593 9586 9680 -1 9681 9498 9372 -1 9442 9682 9441 -1 9441 9683 9443 -1 9684 9494 9671 -1 9441 9682 9683 -1 9681 9592 9498 -1 6659 6660 9601 -1 9557 9665 9685 -1 9685 9665 9686 -1 9665 9556 9668 -1 9668 9686 9665 -1 9687 9380 9592 -1 9600 9599 9688 -1 9494 9684 9569 -1 9599 9593 9688 -1 9281 9380 9687 -1 9653 9659 9656 -1 9600 9688 9689 -1 9385 9281 9687 -1 9600 9689 9343 -1 9682 9442 9545 -1 9199 9385 9648 -1 9618 9343 9689 -1 9344 9343 9618 -1 9598 9659 9409 -1 9619 9406 9589 -1 9406 9619 9306 -1 9571 9690 9500 -1 9598 9517 9623 -1 9690 9691 9500 -1 9691 9692 9500 -1 9415 9500 9692 -1 9602 9443 9693 -1 9415 9589 9407 -1 9692 9589 9415 -1 9693 9443 9683 -1 9693 9631 9602 -1 9602 9631 9462 -1 9694 9594 9632 -1 9695 9696 9697 -1 9698 9558 9634 -1 9699 9700 9677 -1 9648 9385 9701 -1 9677 9700 9678 -1 9702 9541 9433 -1 9660 9650 9703 -1 9649 9650 9660 -1 9567 9704 9668 -1 9705 9639 9638 -1 9663 9558 9698 -1 9640 9702 9433 -1 9641 9639 9706 -1 9559 9560 9707 -1 9705 9638 9637 -1 9586 9678 9680 -1 9680 9678 9708 -1 9674 9704 9567 -1 9709 9704 9674 -1 9558 9663 9566 -1 9710 9636 9572 -1 9706 9642 9641 -1 9711 9627 9712 -1 9557 9713 9661 -1 9660 9703 9664 -1 9577 9676 9709 -1 9650 9564 9703 -1 9564 9666 9714 -1 9667 9714 9666 -1 9676 9577 9321 -1 9577 9674 9581 -1 9709 9674 9577 -1 9712 9715 9711 -1 9564 9714 9703 -1 9527 9707 9560 -1 9703 9714 9716 -1 9717 9580 9718 -1 9712 9719 9715 -1 9673 9714 9667 -1 9685 9713 9557 -1 9622 9625 9550 -1 9720 9711 9715 -1 9700 9708 9678 -1 9716 9714 9721 -1 9663 9722 9662 -1 9696 9723 9606 -1 9714 9673 9721 -1 9694 9632 9724 -1 9725 9662 9722 -1 9645 9726 9545 -1 9545 9726 9682 -1 9685 9686 9727 -1 9656 9726 9645 -1 9724 9632 9531 -1 9630 9631 9728 -1 9578 9662 9725 -1 9725 9633 9578 -1 9573 9673 9667 -1 9655 9643 9729 -1 7794 9636 7949 -1 9630 9730 9473 -1 9721 9673 9661 -1 9724 9541 9702 -1 9686 9668 9704 -1 9531 9541 9724 -1 9721 9661 9713 -1 9672 9579 9731 -1 9726 9656 9732 -1 9516 9661 9673 -1 9659 9732 9656 -1 9512 9733 9535 -1 9579 9652 9731 -1 9680 9734 9593 -1 9593 9734 9688 -1 9680 9708 9734 -1 9682 9726 9735 -1 9735 9726 9732 -1 9644 9736 9646 -1 9699 9677 9664 -1 9737 9670 9470 -1 9470 9601 9737 -1 9738 9736 9644 -1 9559 9738 9644 -1 9646 9739 9654 -1 9736 9739 9646 -1 9688 9734 9740 -1 9740 9689 9688 -1 9689 9740 9618 -1 9618 9741 9485 -1 9740 9741 9618 -1 9582 9672 9679 -1 9629 9742 9707 -1 9627 9675 9712 -1 9743 9485 9741 -1 9675 9679 9712 -1 9736 9738 9739 -1 9487 9485 9743 -1 9712 9679 9719 -1 9654 9739 9744 -1 9601 9745 9737 -1 9746 9744 9739 -1 9588 9729 9643 -1 9707 9527 9621 -1 9621 9629 9707 -1 9747 9487 9743 -1 9639 4211 9706 -1 9351 9487 9747 -1 9706 4211 4217 -1 9651 9647 9748 -1 9676 9351 9747 -1 9707 9738 9559 -1 9683 9749 9693 -1 9742 9629 9750 -1 9749 9682 9735 -1 9739 9738 9746 -1 9683 9682 9749 -1 9625 9751 9626 -1 9629 9628 9752 -1 9750 9629 9752 -1 9746 9738 9742 -1 9738 9707 9742 -1 9594 9729 9588 -1 9372 9491 9753 -1 9601 6660 9745 -1 9681 9372 9753 -1 9628 9658 9752 -1 9754 9616 9755 -1 9617 9616 9754 -1 9701 9748 9648 -1 9718 9580 6678 -1 9745 6660 6712 -1 9592 9681 9756 -1 9592 9756 9687 -1 9706 4219 9642 -1 9757 9617 9754 -1 9729 9594 9694 -1 9542 9617 9757 -1 9473 9730 9539 -1 9758 9687 9756 -1 9647 9648 9748 -1 9759 9671 9562 -1 9760 9671 9759 -1 9701 9687 9758 -1 9385 9687 9701 -1 9693 9728 9631 -1 9642 4219 4124 -1 9755 9654 9744 -1 9760 9761 9684 -1 9654 9755 9616 -1 9640 9437 9762 -1 9760 9684 9671 -1 9728 9693 9749 -1 9634 9626 9763 -1 9684 9761 9571 -1 9569 9684 9571 -1 9761 9690 9571 -1 9730 9764 9539 -1 9622 9539 9764 -1 9765 9691 9766 -1 9691 9765 9692 -1 9767 9768 9769 -1 9764 9625 9622 -1 9770 9762 9437 -1 9696 9619 9697 -1 9697 9692 9765 -1 9444 9770 9437 -1 9692 9697 9589 -1 9589 9697 9619 -1 9606 9619 9696 -1 9606 9723 9607 -1 9769 9771 9772 -1 9769 9768 9773 -1 9773 9771 9769 -1 1621 9774 9775 -1 9607 9723 9776 -1 9775 9777 1621 -1 9768 9778 9773 -1 9775 9760 9777 -1 9607 9776 9608 -1 9698 9634 9763 -1 9760 9775 9761 -1 9776 9779 9609 -1 9608 9776 9609 -1 9780 9775 9774 -1 9761 9775 9780 -1 9718 6678 9781 -1 9770 9444 9717 -1 9609 9779 9610 -1 9444 9580 9717 -1 9779 9782 9610 -1 9781 6678 9591 -1 9783 9781 9591 -1 9705 9637 9782 -1 9637 9610 9782 -1 9623 9627 9784 -1 9669 9783 9591 -1 9719 9672 9785 -1 9630 9786 9730 -1 9703 9716 9664 -1 9787 9669 9670 -1 9655 9788 9652 -1 9664 9716 9699 -1 9728 9786 9630 -1 9709 9789 9704 -1 9790 9742 9791 -1 9652 9788 9731 -1 9750 9791 9742 -1 9716 9721 9792 -1 9670 9793 9787 -1 9750 9752 9794 -1 9792 9699 9716 -1 9709 9676 9789 -1 9788 9655 9795 -1 9785 9672 9796 -1 9679 9672 9719 -1 9572 9635 9797 -1 9792 9721 9713 -1 9713 9798 9792 -1 9672 9731 9796 -1 9731 9788 9796 -1 9752 9658 9799 -1 9658 9535 9799 -1 9788 9795 9800 -1 9670 9737 9793 -1 9785 9715 9719 -1 9723 9696 9801 -1 9802 9798 9713 -1 9722 9663 9698 -1 9803 9723 9801 -1 9804 9715 9785 -1 9805 9806 9718 -1 9732 9659 9807 -1 9780 9808 9809 -1 9809 9761 9780 -1 9808 9766 9809 -1 9699 9810 9700 -1 9809 9766 9691 -1 9729 9795 9655 -1 9811 9723 9803 -1 9803 9812 9811 -1 9708 9700 9810 -1 9813 9708 9810 -1 9659 9598 9807 -1 9814 9730 9786 -1 9795 9729 9815 -1 9816 9806 9817 -1 9761 9809 9690 -1 1604 9818 9812 -1 9809 9691 9690 -1 9815 9729 9694 -1 9816 9717 9806 -1 9813 9819 9708 -1 9737 9745 9820 -1 9713 9685 9802 -1 9744 9746 9821 -1 9822 9744 9821 -1 9733 9512 9823 -1 9824 9784 9627 -1 9812 9818 9811 -1 9765 9766 9825 -1 9765 9695 9697 -1 9825 9695 9765 -1 9820 9745 9826 -1 9627 9711 9824 -1 9745 6712 9826 -1 9749 9735 9827 -1 9828 9782 9818 -1 9727 9704 9829 -1 9749 9830 9728 -1 9686 9704 9727 -1 9708 9819 9734 -1 9819 9831 9734 -1 9746 9742 9790 -1 9790 9821 9746 -1 9823 9651 9832 -1 9512 9651 9823 -1 9725 9833 9633 -1 9749 9827 9830 -1 1650 4211 9834 -1 9651 9835 9832 -1 9748 9835 9651 -1 9734 9831 9741 -1 9748 9836 9837 -1 9555 9633 9838 -1 9741 9740 9734 -1 9835 9748 9837 -1 9836 9748 9701 -1 9839 9819 9813 -1 9635 9555 9838 -1 9797 9635 9838 -1 9831 9839 9743 -1 9819 9839 9831 -1 9718 9806 9717 -1 9840 9841 9720 -1 9720 9715 9842 -1 9639 9834 4211 -1 9842 9840 9720 -1 9728 9830 9786 -1 9834 9639 9828 -1 9838 9633 9833 -1 9735 9732 9843 -1 9831 9743 9741 -1 9764 9730 9814 -1 9828 9639 9705 -1 9715 9804 9842 -1 9755 9744 9844 -1 9845 9842 9804 -1 9626 9751 9846 -1 9805 9718 9781 -1 9840 9842 9847 -1 9747 9743 9839 -1 9769 9848 9767 -1 9764 9751 9625 -1 9844 9744 9822 -1 9807 9843 9732 -1 9847 9842 9845 -1 9768 9767 9849 -1 9768 9849 9850 -1 9747 9704 9789 -1 9829 9704 9747 -1 4219 9706 4217 -1 9747 9789 9676 -1 9840 9848 9851 -1 9848 9772 9852 -1 9772 9848 9769 -1 9840 9847 9767 -1 9776 9723 9811 -1 9848 9840 9767 -1 9757 9853 9542 -1 9779 9776 9811 -1 9849 9767 9847 -1 9811 9818 9779 -1 9491 9542 9853 -1 9623 9807 9598 -1 9753 9491 9853 -1 9778 9768 9850 -1 9782 9779 9818 -1 9782 9828 9705 -1 9854 9778 9850 -1 1621 1622 9774 -1 9855 9781 9783 -1 9681 9856 9756 -1 9774 1622 9857 -1 9596 1570 1620 -1 9852 9772 9771 -1 9702 9640 9858 -1 9771 9859 9852 -1 9807 9623 9784 -1 9860 9596 1620 -1 9762 9858 9640 -1 9771 9773 9861 -1 1621 9777 1636 -1 9860 1636 9759 -1 9777 9759 1636 -1 9836 9756 9856 -1 9859 9771 9862 -1 9596 9860 9562 -1 9860 9759 9562 -1 9756 9836 9758 -1 9701 9758 9836 -1 9777 9760 9759 -1 9773 9778 9861 -1 9780 9774 9857 -1 9626 9846 9763 -1 9778 9854 9861 -1 9861 9854 9863 -1 9854 9864 9863 -1 9865 1638 9866 -1 9867 9865 9866 -1 9846 9868 9763 -1 9787 9783 9669 -1 9808 9865 9766 -1 9865 9867 9825 -1 9825 9766 9865 -1 9801 9696 9695 -1 9770 9858 9762 -1 9763 9868 9698 -1 9816 9770 9717 -1 9840 9851 9841 -1 9868 9869 9870 -1 9871 9846 9872 -1 9872 9873 9871 -1 9799 9535 9733 -1 9800 9796 9788 -1 9698 9868 9874 -1 9857 9808 9780 -1 9875 9798 9802 -1 9810 9876 9813 -1 9875 9876 9810 -1 9868 9870 9874 -1 9815 9800 9795 -1 9876 9802 9727 -1 9875 9802 9876 -1 9786 9830 9877 -1 9835 9837 9878 -1 9797 9838 9879 -1 9878 9832 9835 -1 9874 9722 9698 -1 9848 9880 9851 -1 9783 9881 9855 -1 9727 9802 9685 -1 9829 9876 9727 -1 9880 9848 9852 -1 9876 9839 9813 -1 9800 9815 9882 -1 9876 9829 9839 -1 9724 9815 9694 -1 9815 9883 9882 -1 9884 9867 9866 -1 9735 9843 9827 -1 9815 9724 9883 -1 9755 9844 9885 -1 9839 9829 9747 -1 9886 9858 9770 -1 9885 9754 9755 -1 9807 9887 9843 -1 9859 9880 9852 -1 9827 9843 9887 -1 9820 9888 9737 -1 9681 9753 9889 -1 9785 9796 9890 -1 9887 9807 9891 -1 9892 9867 9884 -1 9681 9893 9856 -1 9894 9880 9895 -1 9849 9847 9845 -1 9804 9785 9896 -1 9893 9878 9856 -1 9896 9785 9890 -1 9804 9896 9845 -1 9837 9856 9878 -1 9897 9894 9895 -1 9725 9722 9898 -1 9807 9784 9891 -1 9722 9874 9898 -1 1648 9892 9884 -1 9796 9800 9890 -1 9888 9820 9899 -1 9856 9837 9836 -1 9896 9849 9845 -1 9833 9900 9838 -1 1630 1604 9812 -1 9751 9872 9846 -1 9895 9859 9862 -1 9786 9877 9814 -1 9833 9901 9900 -1 9892 1648 9695 -1 9864 9902 9903 -1 9895 9880 9859 -1 9849 9896 9904 -1 9877 9830 9905 -1 1630 9803 9801 -1 9725 9898 9833 -1 9903 9863 9864 -1 9879 9838 9900 -1 9695 1648 9801 -1 9904 9850 9849 -1 1630 9812 9803 -1 9892 9695 9825 -1 9902 9817 9903 -1 9906 9862 9771 -1 9724 9702 9883 -1 9867 9892 9825 -1 9869 9846 9871 -1 1631 9828 9818 -1 9818 1604 1631 -1 9858 9883 9702 -1 9833 9898 9901 -1 9817 9886 9816 -1 9871 9897 9869 -1 9797 9710 9572 -1 9816 9886 9770 -1 9868 9846 9869 -1 9858 9886 9883 -1 9834 1631 1649 -1 9636 9710 8023 -1 7949 9636 8023 -1 9834 1649 1650 -1 9830 9827 9887 -1 9907 9897 9895 -1 9869 9897 9907 -1 9787 9881 9783 -1 9857 1622 1644 -1 9895 9862 9907 -1 9908 9881 9787 -1 1635 9860 1620 -1 1635 1636 9860 -1 9904 9902 9850 -1 9907 9862 9909 -1 9828 1631 9834 -1 9794 9752 9910 -1 9906 9909 9862 -1 9911 9912 9913 -1 9906 9863 9914 -1 9902 9854 9850 -1 1638 1623 9866 -1 9903 9914 9863 -1 9799 9910 9752 -1 9914 9903 9915 -1 9771 9861 9906 -1 9866 1623 1640 -1 9884 9866 1640 -1 9857 1639 9808 -1 9865 9808 1639 -1 9915 9805 9855 -1 9916 9915 9855 -1 9865 1639 1638 -1 9902 9864 9854 -1 9863 9906 9861 -1 9805 9915 9903 -1 9699 9792 9875 -1 9806 9805 9903 -1 9793 9913 9908 -1 9798 9875 9792 -1 9903 9817 9806 -1 9875 9810 9699 -1 9784 9917 9891 -1 9911 9913 9918 -1 9917 9784 9824 -1 9793 9918 9913 -1 9781 9855 9805 -1 9711 9720 9824 -1 9888 9918 9793 -1 9841 9917 9824 -1 9793 9908 9787 -1 9888 9793 9737 -1 9764 9814 9872 -1 9872 9751 9764 -1 9872 9814 9877 -1 9841 9824 9720 -1 9822 9821 9919 -1 9919 9821 9920 -1 9920 9821 9790 -1 9909 9870 9869 -1 9733 9823 9921 -1 9791 9750 9794 -1 9922 9923 9924 -1 9889 9853 9757 -1 9753 9853 9889 -1 9925 9924 9923 -1 9873 9897 9871 -1 9757 9754 9926 -1 9909 9927 9928 -1 9855 9929 9916 -1 9823 9832 9921 -1 9929 9855 9881 -1 9910 9799 9930 -1 9733 9930 9799 -1 9928 9870 9909 -1 9885 9844 9931 -1 9932 9933 9929 -1 9934 9935 9936 -1 9937 9817 9902 -1 9893 9681 9889 -1 9844 9822 9931 -1 9851 9925 9923 -1 9890 9800 9882 -1 9925 9851 9880 -1 9873 9924 9894 -1 9894 9897 9873 -1 9887 9905 9830 -1 9905 9887 9938 -1 9932 9929 9912 -1 9887 9891 9938 -1 9939 9932 9911 -1 9893 9940 9878 -1 9874 9870 9941 -1 1651 9857 1644 -1 9924 9925 9894 -1 9925 9880 9894 -1 9872 9922 9873 -1 9917 9938 9891 -1 9832 9878 9940 -1 9870 9928 9933 -1 9921 9832 9940 -1 9912 9911 9932 -1 9927 9909 9906 -1 1651 1639 9857 -1 9906 9914 9927 -1 9929 9881 9912 -1 9912 9881 9908 -1 9933 9928 9929 -1 9905 9938 9923 -1 9908 9913 9912 -1 9909 9869 9907 -1 9942 9939 9911 -1 9943 9918 9888 -1 9944 9901 9934 -1 9917 9923 9938 -1 9870 9933 9941 -1 1648 9884 1640 -1 9801 1648 1646 -1 9941 9933 9939 -1 1646 1630 9801 -1 9933 9932 9939 -1 9901 9945 9900 -1 9935 9942 9936 -1 9918 9936 9942 -1 9896 9890 9946 -1 9890 9882 9946 -1 9918 9942 9911 -1 9898 9874 9941 -1 9877 9905 9922 -1 9901 9944 9945 -1 9877 9922 9872 -1 9915 9927 9914 -1 9918 9947 9936 -1 9941 9934 9898 -1 9924 9873 9922 -1 9934 9936 9944 -1 9935 9934 9941 -1 9905 9923 9922 -1 9941 9939 9935 -1 9939 9942 9935 -1 9896 9946 9904 -1 9943 9948 9947 -1 9936 9947 9944 -1 9904 9946 9937 -1 9898 9934 9901 -1 9904 9937 9902 -1 9841 9923 9917 -1 9947 9918 9943 -1 9949 9946 9882 -1 9950 9948 9943 -1 9923 9841 9851 -1 9916 9928 9927 -1 9900 9951 9879 -1 9949 9886 9937 -1 9943 9888 9899 -1 9943 9899 9950 -1 9882 9883 9949 -1 9945 9951 9900 -1 9927 9915 9916 -1 9945 9944 9947 -1 9817 9937 9886 -1 9928 9916 9929 -1 9946 9949 9937 -1 9950 9899 9952 -1 9949 9883 9886 -1 8023 9710 9953 -1 9826 9899 9820 -1 9797 9953 9710 -1 9899 9826 9954 -1 9953 9797 9879 -1 9954 9826 6724 -1 9826 6712 6724 -1 9955 9889 9757 -1 9790 9791 9956 -1 9791 9794 9956 -1 9957 9889 9958 -1 9885 9926 9754 -1 9889 9957 9893 -1 9940 9893 9957 -1 9926 9955 9757 -1 9959 9955 9926 -1 9951 9945 9960 -1 9931 9961 9885 -1 9931 9822 9919 -1 9930 9733 9962 -1 9963 9948 9964 -1 9962 9733 9965 -1 9964 8125 9963 -1 9921 9965 9733 -1 9885 9966 9926 -1 9945 9947 9948 -1 9960 9945 9963 -1 9945 9948 9963 -1 9964 9948 9950 -1 9952 9964 9950 -1 9952 9899 9954 -1 9964 9952 8138 -1 8176 9952 9954 -1 6724 8176 9954 -1 9967 9963 8125 -1 9956 9968 9790 -1 9968 9920 9790 -1 9956 9794 9969 -1 9958 9955 9959 -1 9889 9955 9958 -1 9794 9910 9969 -1 9970 9951 9960 -1 9879 9951 9970 -1 9910 9930 9971 -1 8138 9952 8136 -1 9885 9961 9972 -1 9966 9885 9972 -1 8125 8124 9967 -1 9962 9965 9973 -1 9959 9926 9966 -1 9964 8138 8130 -1 8130 8125 9964 -1 9962 9974 9930 -1 9975 9965 9921 -1 9973 9965 9975 -1 9879 9976 9953 -1 9960 9963 9967 -1 9970 9976 9879 -1 9940 9975 9921 -1 6728 8176 6724 -1 9952 8176 8136 -1 9977 9959 9978 -1 9976 9979 9953 -1 9910 9971 9969 -1 9953 8150 8023 -1 9953 9979 8150 -1 9961 9931 9980 -1 9974 9971 9930 -1 8176 6728 8163 -1 9919 9980 9931 -1 6730 8163 6728 -1 9966 9978 9959 -1 9959 9977 9958 -1 9981 9967 8124 -1 8124 8181 9981 -1 9982 9958 9977 -1 9975 9958 9982 -1 9958 9975 9940 -1 9940 9957 9958 -1 9975 9983 9973 -1 9919 9920 9984 -1 9985 9984 9920 -1 9985 9920 9968 -1 9986 9979 9976 -1 9979 9986 8203 -1 8150 9979 8203 -1 9919 9984 9980 -1 9956 9969 9968 -1 9972 9961 9980 -1 9971 9974 9987 -1 9976 9970 9986 -1 9981 9986 9970 -1 9981 9970 9960 -1 9974 9962 9988 -1 9967 9981 9960 -1 8203 9986 8181 -1 9986 9981 8181 -1 9973 9983 9989 -1 9982 9989 9975 -1 9989 9983 9975 -1 9962 9973 9988 -1 9969 9990 9968 -1 9985 9991 9984 -1 9985 9968 9990 -1 9984 9991 9980 -1 9990 9969 9971 -1 9990 9971 9987 -1 9987 9974 9988 -1 9972 9992 9966 -1 9992 9972 9993 -1 9966 9992 9978 -1 9993 9980 9991 -1 9972 9980 9993 -1 9982 9977 9978 -1 9989 9982 9994 -1 9973 9989 9988 -1 9978 9994 9982 -1 9991 9995 9996 -1 9991 9996 9993 -1 9990 9997 9998 -1 9987 9997 9990 -1 9991 9985 9995 -1 9997 9987 9999 -1 9988 9999 9987 -1 10000 9989 9994 -1 9988 9989 10000 -1 9988 10000 9999 -1 9985 9990 9998 -1 9985 9998 9995 -1 9992 9993 9996 -1 9994 9978 9992 -1 9995 9998 10001 -1 9996 9994 9992 -1 9997 10001 9998 -1 9996 9995 10001 -1 10001 9997 9999 -1 9996 10001 9994 -1 10000 9994 10001 -1 10001 9999 10000 -1" solid="false">
    <Coordinate point="-4.64941 -3.02116 -6.69416 -4.61446 -3.05628 -6.70744 -4.64755 -3.06963 -6.698 -4.49832 -3.63788 -6.68694 -4.56841 -3.61061 -6.70512 -4.51939 -3.57423 -6.69637 -4.56891 -3.02614 -6.70206 -4.54666 -2.97539 -6.70475 -4.5799 -2.94637 -6.69939 -4.42687 -3.10154 -6.70093 -4.49682 -3.01694 -6.69511 -4.42812 -3.00423 -6.69578 -4.35667 -3.08651 -6.69777 -4.60695 -3.16869 -6.70936 -4.6411 -3.2766 -6.70232 -4.64874 -3.19466 -6.69907 -4.53143 -3.24541 -6.70534 -4.54166 -3.29167 -6.70073 -4.49688 -3.16103 -6.68992 -4.61139 -3.10546 -6.69176 -4.57042 -3.62715 -6.66624 -4.50289 -3.67841 -6.66467 -4.07795 -3.19998 -6.66955 -4.28617 -3.33763 -6.66661 -4.19258 -3.17483 -6.67323 -4.38983 -3.68656 -6.68182 -4.39388 -3.71161 -6.66335 -4.01979 -3.26893 -6.66147 -4.13861 -3.32367 -6.66023 -4.37119 -3.65292 -6.68054 -4.43193 -3.56616 -6.67288 -2.44531 -3.64362 -6.66663 -2.36346 -3.56922 -6.66183 -2.39956 -3.65513 -6.67134 -4.34503 -3.66996 -6.66374 -4.29438 -3.18909 -6.68166 -4.37339 -3.22428 -6.69274 -4.30674 -3.64742 -6.66468 -4.30872 -3.61038 -6.67761 -4.208 -3.64779 -6.66163 -4.08604 -3.61311 -6.65666 -4.29187 -3.08928 -6.68307 -4.65162 -3.54802 -6.67444 -4.68547 -3.43775 -6.66785 -4.64923 -3.46559 -6.68226 -4.64819 -3.35524 -6.68779 -4.6892 -3.32176 -6.68063 -4.13707 -3.10399 -6.67497 -4.62871 -3.58307 -6.66942 -4.61425 -3.53812 -6.69057 -4.6022 -3.51582 -6.67547 -4.54411 -3.51361 -6.64315 -4.48078 -3.53515 -6.66596 -4.022 -3.10882 -6.662 -4.3457 -3.53431 -6.67615 -4.67882 -3.06601 -6.6654 -4.6012 -3.4086 -6.67146 -4.67241 -2.92233 -6.6647 -4.64459 -2.90194 -6.68262 -4.6556 -2.76093 -6.6682 -4.3267 -2.7171 -6.67806 -4.33172 -2.55605 -6.65275 -4.19759 -2.57424 -6.6613 -4.55482 -3.40215 -6.6624 -4.14671 -2.7055 -6.66969 -4.45379 -3.30728 -6.68651 -4.34684 -3.41427 -6.67075 -4.47787 -3.46878 -6.64797 -4.56462 -3.096 -6.68815 -4.33467 -3.31468 -6.67747 -4.69235 -3.28295 -6.677 -4.49977 -2.9184 -6.68154 -4.67125 -3.23188 -6.66179 -4.67029 -3.19343 -6.66281 -4.64924 -3.12603 -6.68249 -4.36971 -3.00762 -6.69077 -4.39302 -2.88164 -6.68659 -4.3162 -2.91108 -6.67914 -4.46339 -3.22765 -6.68246 -4.58721 -2.85113 -6.68095 -4.61985 -2.77777 -6.67421 -4.58049 -2.73491 -6.65361 -4.48179 -2.81354 -6.6737 -4.61444 -2.46568 -6.66485 -4.61287 -2.53491 -6.69339 -4.63407 -2.53997 -6.66455 -4.38867 -2.7653 -6.67771 -4.58078 -2.5233 -6.69114 -4.52927 -2.76426 -6.66106 -4.63697 -2.63251 -6.68894 -4.61503 -2.64806 -6.70269 -4.61398 -2.68856 -6.66324 -4.58119 -2.44733 -6.67384 -4.5572 -2.67664 -6.65268 -4.40038 -2.61728 -6.65966 -4.53924 -2.51871 -6.65015 -4.5348 -2.42748 -6.6553 -4.55168 -2.6177 -6.65809 -4.29403 -3.47579 -6.66893 -4.61239 -2.36729 -6.6635 -4.61464 -2.59337 -6.69058 -4.63863 -2.56515 -6.64924 -4.57599 -2.58853 -6.66756 -4.23768 -3.52702 -6.66069 -4.16691 -3.5365 -6.65899 -4.58101 -2.37018 -6.67881 -4.51664 -2.39066 -6.65394 -4.38813 -3.48145 -6.65824 -4.23624 -2.95478 -6.69261 -4.57954 -2.31608 -6.65521 -4.60225 -2.17542 -6.66813 -4.57801 -2.15476 -6.67646 -4.57925 -2.20877 -6.66146 -4.09874 -2.95334 -6.68084 -4.12812 -2.88063 -6.6753 -4.25713 -2.86355 -6.68232 -4.22285 -2.78645 -6.6747 -4.03549 -2.78609 -6.66142 -3.99693 -2.958 -6.66937 -3.88038 -3.13593 -6.65809 -3.84704 -2.98411 -6.66727 -3.8918 -2.88778 -6.66759 -3.80701 -2.94837 -6.66003 -3.91459 -2.73564 -6.65792 -3.89507 -3.62302 -6.63198 -3.78261 -3.6141 -6.63733 -3.77033 -3.6464 -6.62626 -4.50547 -3.67251 -6.62846 -4.56051 -3.59781 -6.61343 -4.43683 -3.71678 -6.63005 -4.37464 -3.69809 -6.626 -4.59675 -1.87999 -6.63125 -4.5796 -2.02311 -6.65299 -4.60731 -1.99658 -6.62973 -3.72047 -3.10493 -6.64359 -4.34394 -3.64986 -6.63187 -1.70469 -3.67072 -6.63269 -1.62273 -3.68132 -6.64364 -1.64167 -3.70974 -6.63165 -4.57099 -1.92788 -6.64573 -4.5432 -1.98656 -6.6394 -1.54873 -3.67117 -6.63939 -1.49511 -3.70655 -6.62865 -4.27162 -3.65503 -6.63752 -1.43868 -3.68168 -6.64282 -4.57395 -1.84596 -6.62295 -2.78527 -3.54909 -6.65708 -2.72661 -3.57299 -6.65309 -2.71578 -3.64116 -6.62963 -1.69635 -3.53257 -6.64153 -2.87004 -3.6457 -6.62867 -3.70874 -2.9398 -6.64635 -3.88529 -3.54146 -6.62542 -3.78477 -3.53491 -6.62416 -3.55419 -3.01884 -6.65198 -3.61981 -2.9248 -6.64617 -4.12082 -3.66253 -6.63172 -4.54286 -1.34258 -6.62692 -4.46811 -1.49246 -6.61975 -4.57629 -1.42139 -6.63243 -1.40618 -3.69928 -6.63074 -4.54296 -1.19917 -6.63827 -4.58005 -1.25557 -6.62915 -1.43116 -3.61105 -6.64335 -4.05799 -3.64847 -6.65365 -4.58008 -1.1039 -6.63042 -3.61966 -2.86799 -6.64424 -3.99742 -3.65136 -6.63366 -3.69501 -3.5446 -6.61271 -3.76708 -3.39626 -6.65267 -1.37799 -3.64545 -6.64583 -3.62467 -3.45882 -6.64448 -3.71832 -3.34517 -6.6566 -1.37356 -3.59349 -6.62258 -3.98517 -3.60383 -6.63712 -3.53769 -2.85441 -6.63421 -1.31725 -3.69507 -6.63542 -3.88415 -3.35843 -6.66106 -3.75265 -2.85702 -6.66273 -1.28625 -3.68158 -6.63278 -3.70689 -2.80445 -6.65392 -4.64941 -3.53405 -6.61811 -4.68735 -3.45149 -6.63094 -3.84177 -2.80621 -6.65203 -4.68928 -3.31956 -6.64269 -3.63393 -3.32534 -6.65011 -1.57067 -3.52545 -6.6486 -4.54879 -3.47746 -6.63344 -3.51539 -3.35847 -6.64851 -3.60704 -2.74866 -6.64039 -3.24475 -3.5777 -6.63214 -3.31253 -3.60487 -6.62834 -3.3313 -3.48889 -6.63757 -1.61745 -3.45357 -6.63475 -3.44562 -2.96288 -6.64277 -1.5665 -3.4216 -6.63606 -3.46295 -3.46412 -6.62881 -3.40271 -3.3998 -6.62582 -3.46266 -3.06217 -6.64277 -3.27291 -3.03655 -6.6306 -3.27432 -3.11472 -6.63492 -3.42451 -3.29949 -6.63561 -1.41507 -3.50735 -6.63588 -1.44424 -3.46918 -6.64206 -4.65163 -3.17655 -6.57998 -4.67049 -3.13 -6.62402 -3.35214 -2.91147 -6.64032 -3.83446 -3.25233 -6.65692 -3.7118 -3.26323 -6.64842 -4.12982 -3.54459 -6.65159 -3.42616 -2.84755 -6.63879 -1.68137 -3.41993 -6.63654 -3.50073 -2.74891 -6.62491 -3.67089 -3.19795 -6.63898 -3.57776 -3.14417 -6.63999 -3.35479 -2.82645 -6.63157 -4.11278 -3.40989 -6.66177 -3.23976 -2.95047 -6.6286 -3.25668 -2.84319 -6.63126 -3.70853 -2.70793 -6.64482 -4.05326 -3.55394 -6.62729 -3.84943 -2.65877 -6.66018 -1.40695 -3.45342 -6.63782 -1.46529 -3.37448 -6.64602 -3.9659 -3.54061 -6.63243 -4.04878 -3.48637 -6.65074 -1.47752 -3.29447 -6.64106 -1.34744 -3.37332 -6.64659 -3.48825 -2.66401 -6.62467 -3.65808 -2.5945 -6.63002 -3.78249 -2.51983 -6.65494 -3.97246 -3.35461 -6.66432 -3.63109 -2.51118 -6.61647 -1.60325 -3.25565 -6.62645 -3.40663 -3.15943 -6.64458 -3.31696 -3.2241 -6.62686 -1.51133 -3.104 -6.63379 -3.11703 -2.90301 -6.63971 -3.21383 -2.91147 -6.62817 -3.08195 -3.04833 -6.63489 -3.17337 -3.16606 -6.63401 -3.03794 -2.89517 -6.63857 -3.96897 -3.24117 -6.65499 -3.1182 -2.79274 -6.6264 -3.21541 -3.44706 -6.62244 -3.12369 -3.52378 -6.64126 -3.03625 -3.5574 -6.6466 -3.03113 -3.66715 -6.62262 -3.12303 -3.62957 -6.62385 -2.84349 -3.08324 -6.64112 -2.9102 -3.13356 -6.64603 -2.94994 -3.01143 -6.63373 -2.97095 -2.83632 -6.63812 -3.0031 -3.42859 -6.64529 -2.84127 -2.96578 -6.63332 -2.71297 -3.00038 -6.64549 -3.12617 -3.32338 -6.62933 -3.00328 -3.33629 -6.64857 -2.98773 -3.41936 -6.64351 -3.05599 -3.27051 -6.64861 -2.93396 -3.55526 -6.64799 -4.6702 -2.96622 -6.63139 -4.67747 -2.84864 -6.63248 -2.93204 -3.48016 -6.64417 -4.66833 -2.76346 -6.63062 -4.64798 -2.70563 -6.62628 -2.80445 -2.79006 -6.6324 -2.87286 -3.49214 -6.65956 -4.61794 -2.72407 -6.65113 -2.78628 -2.88757 -6.62755 -4.63515 -2.65753 -6.58984 -4.49075 -2.62571 -6.66071 -2.67596 -2.92254 -6.63779 -2.74534 -3.47961 -6.64678 -2.90922 -3.4398 -6.62479 -2.89541 -2.73032 -6.62453 -2.86071 -3.41241 -6.65773 -2.92626 -3.3712 -6.64708 -3.71559 -2.43102 -6.62575 -3.87556 -2.43221 -6.62745 -2.84875 -3.35916 -6.65469 -4.45554 -2.52501 -6.66421 -2.71194 -3.39613 -6.65484 -2.58974 -3.10584 -6.65006 -2.72109 -3.14064 -6.64284 -2.5294 -3.00744 -6.64958 -3.09491 -3.18405 -6.6444 -2.4744 -3.10543 -6.64463 -4.0383 -2.62752 -6.64414 -2.62158 -2.77363 -6.63468 -2.44251 -2.97451 -6.64375 -2.55548 -2.74096 -6.63337 -2.39888 -2.823 -6.6328 -2.30741 -3.00359 -6.64203 -4.05842 -2.50712 -6.64034 -2.93632 -3.23237 -6.64561 -2.23299 -2.86538 -6.63652 -2.77734 -3.25325 -6.64905 -2.30794 -2.70034 -6.62831 -3.94421 -2.52379 -6.64626 -2.67766 -3.17852 -6.64877 -2.14879 -2.9776 -6.63243 -2.27048 -3.09846 -6.65026 -4.61771 -2.46222 -6.62419 -4.61546 -2.40486 -6.63179 -2.63227 -3.63178 -6.62866 -2.58025 -3.65308 -6.62978 -2.49878 -3.65458 -6.66275 -2.51205 -3.68855 -6.64072 -2.57047 -3.59422 -6.64274 -4.44968 -2.43316 -6.651 -4.36674 -2.43399 -6.64162 -2.42605 -3.66977 -6.63101 -4.34242 -2.37218 -6.63415 -4.61696 -2.30425 -6.62878 -2.36773 -3.68586 -6.64678 -2.35122 -3.65616 -6.6671 -2.30972 -3.68498 -6.64197 -4.50489 -2.32483 -6.64271 -2.23449 -3.64619 -6.65196 -2.18985 -3.66748 -6.62964 -2.21855 -3.61204 -6.65545 -4.53708 -2.21804 -6.64494 -2.13069 -3.64825 -6.65537 -2.12916 -3.61475 -6.65882 -2.06106 -3.65999 -6.62886 -4.39401 -2.30834 -6.62658 -2.06322 -3.64795 -6.64399 -2.06322 -3.61393 -6.65175 -1.97344 -3.65218 -6.65055 -1.96219 -3.62608 -6.65056 -1.95609 -3.68553 -6.63073 -1.88608 -3.64828 -6.63146 -4.61461 -2.19617 -6.63172 -1.8834 -3.603 -6.64035 -4.61064 -2.11891 -6.6304 -4.58068 -2.09216 -6.65162 -1.83645 -3.59891 -6.63709 -1.75684 -3.64192 -6.63774 -4.52097 -2.12679 -6.63692 -4.41562 -2.20993 -6.62666 -4.47616 -2.05112 -6.62712 -2.63926 -3.4447 -6.66046 -2.5501 -3.53096 -6.65102 -2.49332 -3.57788 -6.65516 -2.47028 -3.50835 -6.654 -4.29133 -2.46155 -6.63283 -4.19027 -2.43275 -6.6304 -2.52404 -3.40626 -6.66352 -2.63872 -3.28976 -6.65762 -2.49918 -3.44148 -6.66147 -4.09579 -2.39161 -6.62342 -2.51612 -3.29165 -6.65481 -2.4708 -3.34507 -6.66272 -2.41641 -3.44992 -6.6513 -2.34932 -3.4719 -6.65698 -2.2085 -3.51991 -6.64893 -2.29141 -3.44544 -6.64542 -2.41446 -3.3756 -6.66019 -2.33197 -3.3627 -6.65571 -2.20831 -3.44483 -6.65164 -2.22618 -3.37471 -6.64796 -2.41814 -3.26392 -6.65271 -2.44081 -3.16505 -6.65491 -2.28463 -3.22989 -6.64833 -2.12248 -3.23173 -6.64048 -2.20389 -3.17195 -6.64006 -2.12798 -3.56257 -6.65047 -2.02634 -3.54949 -6.63871 -1.93631 -3.42647 -6.64924 -2.12082 -3.38918 -6.65013 -2.01774 -3.3213 -6.63811 -1.78354 -3.41211 -6.64572 -1.83461 -3.328 -6.63432 -1.71829 -3.28702 -6.62446 -2.07097 -3.13018 -6.61469 -1.90451 -3.20127 -6.61593 -4.48195 -3.61561 -6.59095 -4.44389 -3.68402 -6.59443 -3.19831 -1.67078 -6.60099 -2.99133 -1.62908 -6.60003 -3.242 -1.77754 -6.61277 -3.8564 -2.25884 -6.61561 -4.02871 -2.34737 -6.62291 -4.02137 -2.25388 -6.61598 -1.86881 -2.93178 -6.60304 -1.91683 -3.01303 -6.60284 -1.97369 -2.93869 -6.59419 -1.73754 -3.21519 -6.61765 -1.85497 -3.22347 -6.61394 -1.81781 -3.15898 -6.61522 -4.46034 -3.64802 -6.59459 -2.13715 -2.88828 -6.61584 -3.85881 -1.4259 -6.6132 -3.98295 -1.51337 -6.61348 -3.95928 -1.39419 -6.60944 -2.08213 -2.903 -6.6168 -3.12262 -1.55501 -6.59504 -3.90673 -2.06834 -6.61544 -4.41467 -3.64189 -6.59733 -3.72564 -0.889091 -6.60781 -3.82378 -0.84903 -6.60053 -3.68918 -0.814157 -6.59097 -3.01509 -1.4893 -6.59605 -2.12776 -2.78474 -6.6222 -2.03988 -2.82605 -6.61388 -4.31915 -3.6306 -6.6004 -3.76446 -2.21673 -6.61329 -3.32333 -1.68057 -6.6136 -3.21204 -1.44356 -6.60438 -3.98989 -2.07012 -6.61024 -2.00394 -2.89667 -6.60116 -4.21321 -3.66118 -6.56745 -1.94907 -3.15603 -6.60709 -1.84651 -3.03828 -6.60148 -1.94337 -2.83475 -6.59609 -3.99537 -3.6591 -6.60491 -4.07378 -3.64995 -6.56338 -3.97177 -1.29581 -6.59738 -3.92786 -1.29876 -6.59509 -1.77995 -3.0939 -6.61944 -3.9154 -3.65121 -6.61619 -3.86154 -1.30804 -6.59308 -3.82826 -3.6509 -6.59169 -1.74223 -2.98256 -6.61232 -4.67445 -3.47054 -6.58945 -3.13593 -1.34776 -6.60709 -4.67645 -3.42553 -6.56104 -1.74961 -2.90094 -6.60394 -4.65681 -3.29878 -6.59941 -1.6028 -2.97732 -6.62704 -1.5823 -3.09289 -6.62606 -4.07037 -1.28887 -6.60215 -4.06261 -1.16835 -6.60442 -3.70799 -1.33984 -6.60181 -3.75922 -1.53536 -6.62193 -3.93401 -3.57153 -6.61887 -3.76129 -1.2638 -6.59841 -3.59451 -1.40786 -6.60299 -3.53808 -1.31309 -6.59935 -3.88597 -1.96669 -6.61178 -4.65367 -3.04464 -6.58864 -4.65597 -2.96186 -6.59335 -4.65449 -2.90221 -6.59116 -4.64313 -2.84483 -6.55613 -4.65563 -2.72998 -6.60197 -1.57856 -2.80263 -6.60621 -1.86333 -2.77441 -6.58986 -1.7051 -2.81068 -6.59442 -3.277 -2.78382 -6.62201 -3.93054 -1.19365 -6.59156 -3.73361 -1.16111 -6.59622 -3.81882 -1.19405 -6.59727 -4.61637 -2.59971 -6.52192 -3.58758 -1.20204 -6.59067 -4.29035 -1.13631 -6.61278 -4.43483 -1.15831 -6.61803 -4.42106 -1.07388 -6.61263 -4.35628 -1.00444 -6.60582 -3.44548 -1.38398 -6.59616 -3.57105 -1.52984 -6.61452 -3.54362 -2.54883 -6.62075 -4.60604 -2.48477 -6.56316 -2.12773 -2.68165 -6.61465 -2.21183 -2.62701 -6.62174 -4.61631 -2.34295 -6.59285 -2.00011 -2.68889 -6.59466 -2.08083 -2.61556 -6.60772 -1.94916 -2.7302 -6.59369 -3.25166 -1.3171 -6.59604 -3.37482 -1.483 -6.6081 -3.73206 -3.65865 -6.59584 -2.14802 -2.57242 -6.61972 -3.38099 -2.6894 -6.62766 -3.677 -3.64401 -6.61492 -4.24757 -1.05613 -6.6083 -3.79325 -1.07368 -6.59827 -2.13836 -2.41526 -6.60986 -3.67845 -1.06728 -6.59786 -4.38644 -2.0604 -6.62156 -4.17316 -1.09554 -6.60292 -4.22591 -1.14872 -6.6069 -4.61066 -2.11292 -6.57507 -3.65165 -3.66284 -6.60474 -4.17506 -1.22692 -6.6137 -2.02754 -2.51444 -6.60968 -3.61927 -3.58118 -6.59849 -1.88437 -2.61817 -6.60317 -3.56593 -3.65057 -6.61695 -3.56839 -3.6857 -6.60313 -4.45387 -1.97334 -6.59719 -4.07506 -1.02245 -6.59631 -3.71104 -0.986884 -6.59909 -4.35376 -1.95783 -6.59181 -3.54787 -3.61364 -6.61049 -4.22157 -2.38628 -6.62696 -3.2907 -2.64244 -6.61566 -1.84731 -2.56236 -6.6044 -3.89927 -1.00811 -6.60185 -3.45291 -3.64971 -6.58551 -3.46068 -2.59786 -6.61064 -4.27924 -2.27246 -6.61853 -4.16737 -1.02109 -6.5918 -3.37715 -3.68783 -6.59618 -3.29924 -3.66479 -6.60907 -3.31137 -3.71044 -6.59685 -3.43604 -2.50186 -6.59339 -3.61414 -0.919953 -6.59204 -3.32891 -2.52815 -6.61743 -4.12715 -2.31175 -6.63027 -4.14477 -2.20716 -6.61899 -3.25026 -2.59821 -6.60864 -1.76129 -2.62902 -6.59627 -4.24285 -0.983074 -6.59927 -3.05384 -1.29168 -6.5945 -2.9503 -1.35212 -6.59011 -1.57007 -3.71225 -6.59474 -1.68147 -3.68712 -6.59723 -2.64472 -2.47959 -6.61688 -2.55624 -2.4828 -6.6169 -2.68954 -2.51375 -6.61101 -2.78884 -2.39098 -6.60478 -3.09519 -1.20393 -6.59496 -4.05608 -2.20504 -6.60761 -3.17454 -1.16914 -6.5919 -3.03294 -2.74605 -6.60896 -3.79972 -2.33917 -6.62858 -1.46968 -3.70055 -6.59634 -2.56466 -2.39191 -6.61427 -3.25418 -3.65918 -6.61215 -1.36664 -3.69081 -6.59882 -2.44707 -2.50855 -6.62852 -2.41847 -2.41961 -6.62263 -4.32968 -2.19267 -6.60843 -3.21566 -3.71834 -6.62107 -3.21094 -3.74462 -6.59696 -2.64559 -2.32074 -6.61419 -2.74957 -2.27141 -6.60595 -4.24535 -2.1627 -6.62074 -1.23889 -3.69994 -6.59422 -1.22977 -3.6825 -6.63357 -3.14917 -2.70189 -6.61939 -4.26002 -2.0969 -6.61022 -1.28104 -3.6149 -6.60354 -3.15072 -3.72796 -6.59824 -3.15183 -3.68197 -6.61386 -2.68106 -2.20493 -6.59994 -4.12294 -2.11018 -6.60564 -2.55235 -2.21349 -6.60033 -3.05776 -2.72329 -6.60636 -4.30783 -2.0484 -6.6089 -3.96373 -1.09403 -6.59404 -4.19726 -2.01694 -6.6065 -2.49304 -2.29138 -6.62183 -2.99311 -2.61835 -6.60324 -3.10534 -3.69507 -6.60071 -4.27471 -2.00423 -6.58789 -2.9882 -3.71874 -6.59401 -3.06874 -2.55499 -6.60155 -2.40397 -2.63149 -6.61907 -2.34144 -2.47409 -6.61242 -2.35225 -2.39423 -6.61001 -2.28996 -2.53979 -6.6137 -3.20196 -2.43595 -6.59733 -2.27661 -2.41615 -6.60692 -2.87678 -3.67561 -6.613 -2.83291 -3.68888 -6.59681 -2.16349 -2.34587 -6.60766 -2.98941 -2.49824 -6.60141 -2.35382 -2.2728 -6.61222 -2.91681 -2.64182 -6.60038 -2.25329 -2.27816 -6.60343 -2.737 -2.67689 -6.62383 -2.7484 -3.68446 -6.61187 -2.73726 -3.69751 -6.5973 -2.85435 -2.55984 -6.59763 -2.77056 -2.10709 -6.59039 -2.90954 -2.47172 -6.6095 -2.82581 -2.44648 -6.60801 -2.75078 -2.57309 -6.61076 -2.62882 -2.08864 -6.60211 -3.69856 -3.57961 -6.61134 -1.34672 -3.49964 -6.60525 -2.49235 -2.17446 -6.58848 -3.92045 -0.922066 -6.60127 -2.52814 -2.1166 -6.59697 -3.62099 -2.39194 -6.59894 -1.27337 -3.49763 -6.60497 -3.54815 -2.42082 -6.59138 -2.35505 -2.21533 -6.6044 -2.35237 -2.11125 -6.58307 -3.54893 -3.5564 -6.61094 -3.6869 -2.30118 -6.62116 -2.18454 -2.19258 -6.6096 -2.29137 -2.12953 -6.59802 -2.18829 -2.08203 -6.58634 -3.58083 -2.27103 -6.60685 -3.4759 -3.54811 -6.61811 -3.50866 -2.14555 -6.60794 -3.37536 -2.42095 -6.60469 -3.32062 -2.4207 -6.60665 -1.99206 -2.42076 -6.60991 -1.89525 -2.34743 -6.62381 -3.43064 -2.32522 -6.61161 -3.49499 -2.27883 -6.61655 -2.13896 -2.27575 -6.60754 -1.99319 -2.26709 -6.61968 -3.29769 -2.27339 -6.58642 -3.26539 -2.35708 -6.5996 -1.97744 -2.15369 -6.62498 -3.61843 -2.15648 -6.61584 -3.67303 -1.93987 -6.61867 -3.31319 -3.37002 -6.61526 -3.54768 -2.01825 -6.61532 -3.35881 -2.18678 -6.59761 -3.39926 -2.06757 -6.60047 -3.28899 -2.10731 -6.61026 -3.30253 -2.21442 -6.59143 -2.0204 -2.10755 -6.6185 -2.10443 -2.05894 -6.59036 -3.37195 -1.9761 -6.58728 -3.22521 -1.99798 -6.60398 -3.06866 -2.39433 -6.59619 -3.1087 -2.27067 -6.60624 -3.19531 -2.19587 -6.59484 -2.98661 -2.29809 -6.60955 -2.87785 -2.32731 -6.60228 -4.59966 -1.884 -6.59936 -4.48394 -1.89459 -6.60957 -4.37609 -1.86065 -6.60428 -4.44616 -1.80748 -6.59892 -4.60026 -1.7911 -6.5946 -4.57447 -1.78021 -6.62199 -4.59529 -1.73091 -6.59362 -4.58118 -1.64946 -6.62168 -2.88102 -2.17955 -6.59537 -4.54521 -1.71718 -6.6361 -4.28826 -1.76701 -6.603 -2.6417 -3.66544 -6.57855 -2.59664 -3.66156 -6.59515 -4.39932 -1.67006 -6.60506 -4.59933 -1.65915 -6.59182 -4.53861 -1.62645 -6.63293 -4.59319 -1.57231 -6.60158 -2.52246 -3.69 -6.60328 -3.0741 -2.08508 -6.59514 -4.47482 -1.57028 -6.62179 -3.07248 -2.17245 -6.59603 -4.31332 -1.54185 -6.61362 -4.32666 -1.62986 -6.59895 -2.39515 -3.6669 -6.59247 -4.53648 -1.51073 -6.62566 -4.59049 -1.48601 -6.60324 -4.58575 -1.42773 -6.58752 -2.23803 -3.6729 -6.5757 -4.39377 -1.45491 -6.61161 -4.45361 -1.36991 -6.61343 -3.15145 -1.92892 -6.60509 -4.28695 -1.89079 -6.58931 -2.11715 -3.66382 -6.57658 -4.0858 -1.85995 -6.6107 -4.23972 -1.95345 -6.59237 -2.03691 -3.66737 -6.58314 -4.11524 -1.76747 -6.61316 -3.79314 -1.88168 -6.61627 -1.86094 -3.65852 -6.59088 -1.76526 -3.66576 -6.59476 -4.21623 -1.71268 -6.61024 -2.65332 -2.65838 -6.61259 -3.57944 -1.89569 -6.6175 -3.98818 -1.86456 -6.61716 -2.52766 -2.64046 -6.62306 -2.44576 -2.72341 -6.61775 -2.65907 -2.58221 -6.60603 -3.8429 -1.67854 -6.61818 -3.75355 -1.65245 -6.62434 -3.62262 -1.76363 -6.62705 -4.03744 -1.67696 -6.62348 -3.93069 -1.68949 -6.61951 -1.98813 -3.10394 -6.60936 -3.68575 -1.61857 -6.62019 -3.4569 -1.63444 -6.61768 -4.20964 -1.56421 -6.61076 -3.43844 -1.90401 -6.60876 -4.10696 -1.62167 -6.61785 -3.39977 -1.77952 -6.61277 -4.15892 -1.44619 -6.61884 -4.10472 -1.45048 -6.61969 -3.90076 -1.55885 -6.62119 -3.3175 -1.88699 -6.60178 -2.04569 -2.9756 -6.62687 -4.58021 -1.34084 -6.59975 -4.47666 -1.26659 -6.60908 -3.64362 -1.4857 -6.61634 -4.59059 -1.23241 -6.59644 -4.2671 -1.35673 -6.61757 -4.27572 -1.26648 -6.61998 -4.1812 -1.31073 -6.60634 -3.047 -1.77061 -6.60066 -4.01644 -1.35438 -6.61352 -4.44209 -3.62447 -6.56356 -2.46184 -2.07925 -6.58838 -4.40288 -3.62966 -6.56399 -3.28121 -1.14772 -6.58241 -3.33256 -1.00775 -6.56817 -3.15483 -1.02396 -6.57511 -3.08319 -0.867266 -6.56547 -3.20144 -0.918251 -6.56118 -3.12861 -0.777954 -6.5618 -3.05806 -1.0963 -6.57406 -2.99492 -1.15302 -6.58067 -2.95186 -0.731545 -6.55956 -2.98913 -0.988701 -6.56298 -4.26195 -3.64558 -6.50014 -2.70654 -1.92861 -6.58494 -2.90198 -2.01103 -6.57769 -4.15013 -3.65899 -6.49614 -2.9389 -0.891445 -6.56145 -3.09008 -0.944684 -6.56903 -2.53797 -2.00661 -6.58339 -3.88773 -3.65919 -6.50082 -2.87814 -0.749689 -6.55847 -4.65243 -3.49961 -6.48245 -3.32018 -0.89407 -6.56598 -3.22005 -0.836531 -6.56137 -4.55015 -3.58863 -6.51368 -4.65592 -3.34867 -6.52612 -2.34132 -2.04817 -6.58664 -2.45259 -1.90895 -6.58052 -2.89048 -1.08609 -6.57391 -2.89254 -1.0166 -6.5627 -2.26397 -2.05909 -6.5652 -2.20401 -2.03605 -6.55963 -2.82908 -1.11392 -6.57255 -2.73095 -1.06985 -6.56016 -2.72327 -1.19272 -6.57348 -4.63219 -2.79839 -6.53227 -2.24082 -2.00936 -6.56407 -2.27263 -1.97059 -6.58732 -4.60632 -2.38696 -6.49347 -2.16528 -2.04906 -6.57745 -2.15819 -2.00505 -6.57218 -2.69412 -1.82084 -6.57895 -2.61719 -1.8227 -6.57337 -4.60413 -2.24719 -6.54398 -4.59806 -2.02523 -6.48845 -2.43107 -1.78965 -6.57274 -2.88851 -1.77057 -6.586 -2.78341 -1.67961 -6.58817 -2.68933 -1.5992 -6.5797 -3.78331 -3.65855 -6.46175 -2.50795 -1.73413 -6.56651 -4.59482 -1.5262 -6.56182 -3.57761 -3.68486 -6.56335 -3.46087 -3.68575 -6.56957 -3.36542 -3.70535 -6.56341 -3.30808 -3.70281 -6.56895 -3.16542 -3.71838 -6.56866 -4.57966 -1.29061 -6.55861 -3.20714 -3.68253 -6.56141 -2.88995 -1.89707 -6.5743 -2.16798 -1.92287 -6.58162 -3.1133 -3.69599 -6.56027 -2.3096 -1.82629 -6.5936 -2.26153 -1.75697 -6.59054 -2.97868 -3.72203 -6.56277 -2.39303 -1.71659 -6.57509 -3.85059 -1.26528 -6.59037 -2.84584 -3.69217 -6.5617 -2.7513 -3.70139 -6.56326 -2.70111 -3.68983 -6.55354 -2.53783 -1.60352 -6.57687 -4.32357 -0.90844 -6.5829 -2.5785 -3.66473 -6.5516 -2.51716 -1.49202 -6.58512 -2.48009 -3.6686 -6.51928 -2.76608 -1.49856 -6.58781 -2.58008 -1.32144 -6.58268 -2.08985 -3.66958 -6.47341 -1.94018 -3.66717 -6.54849 -2.42286 -1.57795 -6.58624 -2.27667 -1.55221 -6.57187 -1.72151 -3.6608 -6.54008 -1.6376 -3.66884 -6.53914 -1.55826 -3.6793 -6.55473 -2.41022 -1.36121 -6.59112 -2.1042 -1.90266 -6.58621 -2.75797 -1.34818 -6.58377 -2.56664 -1.1399 -6.5698 -2.44102 -1.16701 -6.57528 -2.63871 -1.10176 -6.57111 -2.64253 -1.00005 -6.5554 -3.52233 -0.82036 -6.58275 -3.62761 -0.742076 -6.57392 -3.46375 -0.874553 -6.57554 -1.48744 -3.6823 -6.57258 -3.4215 -0.78706 -6.56276 -1.41197 -3.67784 -6.57012 -1.34978 -3.66741 -6.56665 -1.23207 -3.68247 -6.55969 -2.92194 -1.67356 -6.58612 -2.97825 -1.416 -6.58697 -2.90029 -1.47103 -6.59269 -3.41925 -1.30863 -6.58813 -3.50861 -1.1555 -6.5813 -3.40459 -1.11456 -6.58107 -3.55665 -1.05863 -6.592 -3.53038 -0.955667 -6.58759 -3.44678 -0.990828 -6.58437 -2.95995 -1.29876 -6.59268 -2.8567 -1.26236 -6.57906 -4.3502 -3.63059 -6.48116 -4.59447 -1.86504 -6.53274 -1.53902 -3.66512 -6.50392 -1.39624 -3.67432 -6.50638 -4.58657 -1.62336 -6.48551 -1.29285 -3.67045 -6.52768 -3.20668 -0.7188 -6.55964 -3.11536 -0.69535 -6.55146 -3.03871 -0.679946 -6.55264 -1.18742 -3.67625 -6.52926 -4.58567 -1.42396 -6.53549 -4.58227 -1.36907 -6.45551 -4.64993 -3.19724 -6.51254 -2.78712 -0.883215 -6.55407 -2.77865 -0.770261 -6.54648 -2.70075 -0.816386 -6.55317 -4.66756 -3.04203 -6.51706 -4.66933 -2.97058 -6.51569 -2.86556 -0.941671 -6.56137 -4.64981 -2.88627 -6.49845 -2.90998 -0.654578 -6.54773 -4.61084 -2.14766 -6.50394 -3.69897 -3.65475 -6.51383 -2.7484 -0.958533 -6.55209 -3.59218 -3.65637 -6.45453 -3.53008 -3.67141 -6.50484 -3.41103 -3.6875 -6.51967 -3.32426 -3.66715 -6.53297 -3.18417 -3.66596 -6.53425 -3.06807 -3.69657 -6.51852 -3.02605 -3.69594 -6.49208 -2.93426 -3.67761 -6.50067 -2.81498 -3.67723 -6.49732 -2.71071 -3.68679 -6.50842 -1.86082 -3.66795 -6.48487 -2.70638 -0.677123 -6.55515 -3.30239 -0.806759 -6.54976 -3.32369 -0.695927 -6.56089 -4.58928 -1.99055 -6.37846 -4.49564 -3.61593 -6.43964 -4.44135 -3.62347 -6.44222 -1.44716 -3.66724 -6.4226 -4.10997 -3.65352 -6.43705 -3.9807 -3.65568 -6.42445 -1.22454 -3.67911 -6.4353 -4.68214 -3.43249 -6.47545 -4.67564 -3.38252 -6.43774 -4.65306 -3.14427 -6.46873 -4.62465 -2.6887 -6.45971 -4.60493 -2.31041 -6.44327 -4.60967 -2.1037 -6.48345 -3.33848 -3.65612 -6.49124 -3.31008 -3.65802 -6.4591 -3.18023 -3.66464 -6.48542 -2.38622 -3.65718 -6.48075 -2.27037 -3.6609 -6.47415 -1.68722 -3.6718 -6.43448 -4.58902 -1.77138 -6.403 -1.34688 -3.67094 -6.41381 -4.58542 -1.65336 -6.40887 -4.57944 -1.52237 -6.43852 -4.58086 -3.56736 -6.39278 -4.66579 -3.06955 -6.4572 -4.65027 -3.02648 -6.40198 -4.63161 -2.80926 -6.41429 -3.68293 -3.67025 -6.42137 -3.4341 -3.68645 -6.42284 -3.5265 -3.66729 -6.40297 -3.377 -3.67774 -6.40227 -3.29577 -3.67275 -6.40398 -3.08023 -3.70335 -6.43183 -2.65465 -3.6916 -6.3808 -2.52445 -3.68117 -6.39368 -2.13547 -3.66408 -6.39879 -2.02399 -3.67175 -6.39654 -1.53191 -3.67115 -6.38339 -4.25759 -3.63695 -6.40181 -4.60067 -2.5212 -6.37065 -4.15676 -3.64684 -6.39507 -1.25898 -3.67501 -6.35154 -2.74708 -3.6795 -6.38866 -4.60858 -2.39433 -6.39547 -4.60951 -2.22683 -6.40947 -3.95367 -3.6552 -6.37763 -4.64316 -3.46137 -6.37772 -4.6219 -3.51779 -6.37325 -4.59785 -2.12367 -6.35813 -4.65621 -3.22808 -6.41464 -2.40248 -3.66641 -6.40915 -4.6305 -2.94454 -6.35675 -3.20819 -3.68789 -6.38825 -1.92805 -3.67586 -6.31338 -3.02918 -3.70734 -6.34615 -2.87924 -3.68391 -6.36352 -4.58719 -1.45573 -6.37421 -4.60827 -2.71401 -6.35844 -4.42707 -3.61248 -6.39474 -4.61222 -2.62852 -6.36077 -4.28783 -3.61274 -6.36141 -4.03593 -3.64058 -6.34923 -2.58381 -3.68564 -6.37158 -4.59117 -2.3344 -6.32989 -4.65413 -3.34096 -6.3723 -4.55055 -3.57545 -6.36687 -3.83917 -3.6657 -6.36424 -3.77927 -3.66752 -6.35757 -2.26408 -3.66514 -6.32909 -3.63477 -3.67355 -6.34502 -3.44227 -3.67893 -6.34014 -4.64301 -3.12493 -6.39242 -1.79922 -3.66467 -6.38512 -4.58499 -1.87278 -6.36965 -4.58263 -1.56422 -6.34595 -2.07219 -3.68109 -6.33434 -4.61877 -3.04828 -6.35386 -4.20772 -3.62049 -6.35668 -1.50529 -3.67539 -6.30469 -2.73524 -3.68509 -6.29827 -4.57072 -1.73627 -6.32739 -4.61462 -2.8268 -6.35491 -4.57955 -2.24428 -6.33041 -1.61633 -3.66949 -6.28044 -4.58717 -2.55771 -6.32863 -3.05275 -3.69476 -6.28769 -4.38693 -3.58062 -6.35039 -4.62337 -3.22704 -6.34921 -4.60639 -3.14562 -6.32358 -4.18491 -3.56822 -6.29754 -4.57445 -2.45424 -6.32666 -4.58096 -2.04259 -6.3222 -4.56447 -1.84202 -6.31927 -4.57016 -3.06004 -6.31972 -4.00503 -3.63994 -6.31591 -3.93908 -3.67135 -6.25859 -1.34143 -3.67941 -6.2783 -4.57136 -2.98161 -6.32139 -4.61247 -2.93172 -6.33004 -3.85277 -3.68374 -6.26766 -4.56577 -2.84429 -6.30988 -4.57764 -2.09685 -6.30471 -4.57609 -3.4644 -6.31273 -4.5026 -3.47199 -6.28769 -4.57931 -2.80138 -6.32247 -4.58605 -2.63336 -6.30703 -1.78508 -3.66712 -6.29471 -3.53883 -3.68827 -6.22492 -2.59773 -3.69367 -6.27066 -4.60764 -3.42347 -6.32245 -2.39485 -3.66885 -6.28355 -3.30091 -3.67781 -6.2798 -4.60187 -3.29338 -6.31549 -2.17328 -3.67849 -6.32061 -4.55947 -3.23704 -6.32308 -4.57939 -3.16992 -6.31582 -2.938 -3.69196 -6.31551 -2.85551 -3.68681 -6.27442 -4.29839 -3.55484 -6.30959 -3.08824 -2.77457 -6.30574 -3.05674 -2.96979 -6.31507 -3.04564 -2.74934 -6.29286 -4.54478 -1.96704 -6.29038 -3.01203 -2.95024 -6.2896 -3.01119 -3.06594 -6.31184 -2.96844 -3.13512 -6.28934 -3.7965 -3.68252 -6.26414 -4.37857 -3.50827 -6.2937 -3.70578 -3.68589 -6.22565 -4.57248 -3.34361 -6.28702 -4.52017 -3.29912 -6.28647 -4.53778 -3.27279 -6.30862 -4.41102 -3.28742 -6.30106 -3.30708 -2.79921 -6.28906 -3.16763 -2.56941 -6.2927 -4.32971 -3.28991 -6.29947 -4.30983 -3.23085 -6.30935 -4.49802 -3.09894 -6.31318 -4.32265 -3.11962 -6.30586 -3.22278 -3.69888 -6.2789 -3.03691 -3.68682 -6.25431 -4.4492 -3.01048 -6.30459 -4.19667 -3.53689 -6.26934 -3.08829 -2.5812 -6.29271 -4.12305 -3.5413 -6.25084 -4.02506 -3.57547 -6.25052 -3.68335 -3.20666 -6.31791 -3.74833 -3.16951 -6.29858 -3.71606 -3.23983 -6.30157 -4.24554 -3.24942 -6.28543 -3.63155 -3.29668 -6.30304 -3.50003 -3.31702 -6.28666 -3.54293 -3.27583 -6.30707 -3.67823 -3.29661 -6.28573 -4.2286 -3.17033 -6.28864 -4.24717 -3.04915 -6.30362 -3.69731 -3.0448 -6.30473 -3.52326 -3.20759 -6.30082 -4.50081 -2.92579 -6.29072 -3.52013 -3.05618 -6.30542 -4.35049 -2.93967 -6.29623 -4.43343 -2.94481 -6.29032 -3.49039 -3.25357 -6.28937 -3.4267 -3.15404 -6.29425 -3.43151 -3.1057 -6.30387 -4.51371 -2.74157 -6.28043 -3.36339 -3.02554 -6.2999 -4.51381 -2.61375 -6.27537 -4.5159 -2.51493 -6.29134 -3.29438 -3.14366 -6.29465 -3.25234 -3.08742 -6.30307 -4.51827 -1.88812 -6.25579 -3.20957 -3.10768 -6.29386 -3.0731 -3.15494 -6.29958 -3.12313 -3.09737 -6.31676 -4.26264 -2.90558 -6.2914 -4.54321 -1.69898 -6.27167 -3.03411 -3.12839 -6.31218 -3.00302 -3.17079 -6.28318 -4.20479 -2.91181 -6.26761 -4.21067 -3.07277 -6.28466 -4.56258 -1.58981 -6.29043 -4.5585 -2.33523 -6.2916 -4.54407 -2.25094 -6.28161 -2.21795 -3.66417 -6.25612 -2.15117 -3.67452 -6.23785 -3.75253 -3.04736 -6.28964 -3.67869 -2.94141 -6.29491 -3.54982 -2.97101 -6.28979 -3.62337 -2.93103 -6.28856 -3.47348 -2.94458 -6.29486 -3.41451 -2.87976 -6.29796 -3.45923 -2.88814 -6.2869 -3.23552 -2.89309 -6.3039 -3.47668 -2.744 -6.28674 -3.42326 -2.76384 -6.30058 -3.45749 -2.57314 -6.28499 -3.31983 -2.61162 -6.28815 -3.17275 -3.00267 -6.30459 -3.96242 -3.65289 -6.22214 -3.01455 -2.82911 -6.26204 -4.51491 -2.20707 -6.25238 -4.50841 -2.04173 -6.26374 -2.95038 -3.09609 -6.25374 -4.49535 -1.993 -6.25435 -2.98819 -2.96993 -6.25545 -4.48105 -3.37671 -6.23708 -1.56482 -3.66898 -6.22491 -3.61186 -3.6821 -6.23028 -4.44445 -3.37754 -6.22855 -4.39565 -3.42406 -6.25546 -1.45812 -3.67038 -6.21985 -4.47604 -3.33647 -6.23978 -4.42948 -3.32035 -6.25352 -4.34562 -3.34029 -6.25574 -1.30372 -3.68292 -6.21642 -4.31543 -3.43103 -6.25383 -4.17318 -3.47393 -6.20877 -3.02387 -2.68207 -6.25631 -3.74163 -3.25061 -6.26576 -3.59065 -3.34066 -6.23384 -4.30875 -3.35909 -6.23109 -3.80312 -3.1604 -6.22883 -4.17224 -3.16749 -6.23144 -4.20739 -3.24823 -6.23272 -4.16589 -3.12772 -6.23307 -3.44342 -3.31502 -6.20945 -3.44403 -3.24178 -6.23636 -3.42269 -3.20044 -6.24847 -4.00471 -3.13961 -6.26621 -3.98835 -3.21895 -6.25476 -3.95614 -3.15432 -6.27009 -4.00426 -3.03108 -6.27661 -3.96942 -3.03811 -6.28452 -4.05624 -3.08948 -6.22154 -3.34186 -3.17361 -6.26199 -3.96473 -3.26056 -6.23823 -3.93544 -3.03551 -6.2576 -3.25405 -3.18486 -6.26544 -3.17147 -3.16587 -6.24116 -4.51487 -2.84426 -6.25326 -4.41911 -2.90075 -6.24895 -4.48573 -2.67675 -6.23945 -4.49134 -2.50226 -6.25846 -2.39219 -3.66356 -6.20384 -4.16449 -3.04153 -6.22547 -4.17296 -2.90145 -6.21837 -2.02988 -3.6686 -6.2071 -4.31843 -2.86072 -6.26522 -1.89478 -3.66507 -6.21962 -4.2726 -2.76699 -6.24194 -4.23251 -2.81301 -6.24957 -3.74529 -2.87315 -6.26373 -3.79009 -2.98313 -6.22884 -3.54727 -2.93247 -6.26944 -3.96845 -2.94416 -6.2719 -4.00619 -2.9292 -6.26769 -3.69782 -2.85235 -6.26368 -3.72794 -2.82547 -6.25012 -3.6464 -2.88284 -6.25936 -3.59628 -2.89177 -6.2214 -3.93964 -2.9092 -6.24434 -3.96849 -2.87663 -6.25138 -3.50636 -2.88206 -6.25107 -3.55005 -2.89912 -6.23129 -4.49461 -2.41435 -6.24374 -4.51154 -1.80295 -6.25406 -4.50756 -1.6524 -6.22898 -3.00319 -3.1941 -6.16658 -2.95103 -3.17007 -6.21399 -3.92569 -3.66627 -6.22334 -2.91885 -3.13924 -6.17424 -2.64613 -3.67937 -6.22059 -2.54295 -3.68654 -6.16075 -4.4347 -3.34212 -6.23164 -4.34495 -3.38565 -6.24569 -2.08653 -3.67603 -6.15655 -4.26603 -3.41494 -6.20563 -1.87816 -3.66928 -6.1618 -1.69773 -3.66276 -6.20312 -4.03163 -3.49775 -6.18974 -4.24609 -3.33903 -6.18519 -4.21106 -3.29751 -6.18199 -3.79889 -2.83864 -6.19042 -3.75511 -2.77367 -6.21683 -3.69677 -2.77053 -6.22153 -4.14239 -3.13746 -6.21926 -3.62995 -2.84229 -6.19092 -3.99457 -3.27768 -6.21527 -3.54935 -2.85728 -6.20618 -3.54971 -2.70209 -6.20137 -3.72637 -2.71776 -6.21185 -3.93092 -3.26575 -6.21482 -4.06394 -3.1598 -6.21972 -3.88311 -3.16695 -6.20189 -3.90233 -3.0258 -6.21975 -2.92941 -3.10035 -6.18592 -4.46931 -2.85855 -6.21729 -2.96537 -2.99043 -6.18922 -4.39683 -2.86324 -6.21479 -4.48208 -2.77975 -6.21655 -4.45939 -2.58402 -6.18958 -4.46956 -2.51723 -6.20229 -2.9937 -2.83908 -6.18857 -3.01406 -2.68305 -6.19218 -4.37323 -2.80106 -6.18648 -4.32027 -2.72605 -6.19586 -4.14636 -2.86881 -6.17826 -4.04024 -2.98405 -6.22206 -4.02616 -2.89267 -6.2329 -3.91097 -2.94205 -6.21297 -4.00187 -2.82752 -6.23175 -3.96604 -2.74591 -6.21008 -3.93002 -2.80078 -6.21272 -4.21648 -2.72165 -6.22586 -4.25552 -2.69903 -6.22459 -4.48179 -2.30676 -6.2085 -4.47997 -2.1506 -6.20106 -4.47983 -2.10786 -6.19571 -3.76988 -3.67627 -6.22217 -3.33921 -3.68538 -6.19365 -3.26752 -3.69243 -6.21957 -3.12627 -3.69828 -6.22149 -2.85878 -3.68935 -6.18874 -3.7243 -3.32612 -6.18441 -3.78539 -3.25033 -6.18841 -3.61066 -3.35616 -6.1926 -3.49041 -3.34712 -6.19422 -3.35439 -3.21015 -6.19689 -3.21534 -3.21153 -6.19404 -4.5016 -1.83768 -6.16979 -3.92727 -3.64071 -6.19653 -3.77969 -3.64644 -6.18615 -2.69597 -3.68566 -6.14786 -4.06639 -3.47372 -6.1781 -4.25619 -3.3749 -6.182 -2.45093 -3.67467 -6.15513 -4.23342 -3.39751 -6.18168 -2.30806 -3.67398 -6.15128 -4.14619 -3.43388 -6.18698 -1.8262 -3.66759 -6.13566 -3.96828 -3.56754 -6.18791 -2.3839 -3.30853 -6.2001 -2.51529 -3.30838 -6.18277 -2.50089 -3.34014 -6.18331 -4.16742 -3.24827 -6.18544 -2.36268 -3.35079 -6.19675 -2.32798 -3.33391 -6.19615 -4.09629 -3.16843 -6.20881 -3.83282 -3.04352 -6.21028 -3.82815 -2.91292 -6.18441 -4.10494 -3.09177 -6.20646 -3.97287 -3.34305 -6.16671 -3.59319 -2.85647 -6.1886 -4.05505 -3.24968 -6.18861 -3.58691 -2.81451 -6.18003 -3.75985 -2.66822 -6.18654 -3.88687 -3.24137 -6.18431 -3.65755 -2.78211 -6.18607 -3.83379 -3.18455 -6.2021 -3.86576 -3.03816 -6.20524 -4.4423 -2.80766 -6.18867 -4.41359 -2.80127 -6.17759 -4.44572 -2.69231 -6.18704 -4.13281 -2.97229 -6.19052 -4.10061 -3.00309 -6.1862 -4.07254 -2.99366 -6.19224 -4.06682 -2.90031 -6.18125 -3.8694 -2.91358 -6.18288 -4.06927 -2.77037 -6.15463 -3.89857 -2.82506 -6.18829 -3.87528 -2.70663 -6.15061 -4.20416 -2.63492 -6.17913 -4.14423 -2.6612 -6.13988 -4.00756 -2.69691 -6.18388 -4.45492 -2.41211 -6.16543 -4.4701 -2.21195 -6.16838 -4.48028 -1.91647 -6.13278 -3.69932 -3.66781 -6.18267 -3.62632 -3.65791 -6.18297 -3.5569 -3.66397 -6.18917 -3.24198 -3.68346 -6.18522 -3.12091 -3.68772 -6.19092 -3.01647 -3.68775 -6.18765 -3.43183 -3.36135 -6.15485 -3.39457 -3.24052 -6.182 -3.27927 -3.2385 -6.15653 -3.19206 -3.22654 -6.15437 -3.07778 -3.20342 -6.15587 -1.54677 -3.67129 -6.12768 -1.63187 -3.66422 -6.12104 -1.35758 -3.67404 -6.16597 -3.76088 -3.61037 -6.16743 -3.5665 -3.3945 -6.16167 -2.97825 -2.84013 -6.1524 -2.99218 -2.70112 -6.13906 -4.18927 -3.33681 -6.17461 -3.77585 -3.31474 -6.15139 -3.85979 -3.2897 -6.14993 -4.02416 -3.39133 -6.14051 -3.37089 -3.30963 -6.15437 -3.35597 -3.35096 -6.1396 -3.34219 -3.25894 -6.14507 -3.97619 -3.49454 -6.16148 -3.92885 -3.54516 -6.17367 -3.79237 -3.54551 -6.1615 -3.91748 -3.45116 -6.15153 -3.85447 -3.45745 -6.13927 -2.92794 -3.17418 -6.14521 -4.02621 -3.44322 -6.14603 -2.62064 -3.68102 -6.14873 -3.92028 -3.37669 -6.15579 -3.96565 -3.39653 -6.15175 -4.10818 -3.29519 -6.16874 -1.99968 -3.67095 -6.12402 -4.03836 -3.31935 -6.15604 -1.76263 -3.66092 -6.12888 -2.5161 -3.37136 -6.12531 -2.25582 -3.34691 -6.1493 -2.53417 -3.24614 -6.13903 -4.3563 -2.71445 -6.16754 -4.40016 -2.65325 -6.15883 -4.34927 -2.64038 -6.14663 -4.42216 -2.53961 -6.15718 -2.37187 -3.21948 -6.13668 -2.30618 -3.24349 -6.15072 -2.26412 -3.29048 -6.1688 -4.10639 -2.84224 -6.15993 -2.21794 -3.34944 -6.14912 -2.16898 -3.31725 -6.16341 -2.17231 -3.26951 -6.16401 -2.2043 -3.24035 -6.14848 -2.13111 -3.30756 -6.14048 -1.45094 -3.66854 -6.12141 -3.84934 -2.83409 -6.16804 -1.19432 -3.67837 -6.16519 -3.62691 -2.77471 -6.17064 -3.82427 -2.73349 -6.15509 -3.82275 -2.68842 -6.14575 -3.59503 -2.63531 -6.17164 -3.66433 -2.66298 -6.16609 -3.63065 -2.61951 -6.1589 -3.66439 -2.5896 -6.14949 -3.76461 -2.58061 -6.14668 -3.72807 -2.57402 -6.1574 -4.24972 -2.59508 -6.15743 -4.20576 -2.54348 -6.13696 -2.9261 -3.04041 -6.14294 -3.92963 -2.61467 -6.15989 -3.96812 -2.54301 -6.15134 -4.00233 -2.57191 -6.15275 -3.93741 -2.46831 -6.12589 -4.43635 -2.43887 -6.15088 -4.44847 -2.25552 -6.13975 -4.44278 -2.12845 -6.12736 -3.7152 -3.63768 -6.16651 -3.59874 -3.58867 -6.16222 -3.52484 -3.64813 -6.17642 -3.44586 -3.61031 -6.15532 -3.41429 -3.64824 -6.16283 -3.22872 -3.64698 -6.15488 -3.3279 -3.57936 -6.14658 -3.13208 -3.64301 -6.15909 -3.02715 -3.67857 -6.15822 -2.93475 -3.67907 -6.15695 -2.83091 -3.68458 -6.14998 -3.65286 -3.47864 -6.14746 -3.67417 -3.37965 -6.16481 -3.71215 -3.42851 -6.15029 -3.54393 -3.47276 -6.15248 -3.46497 -3.41628 -6.14204 -3.31156 -3.40694 -6.12903 -3.79897 -3.35734 -6.13452 -2.94352 -2.88471 -6.11693 -3.19973 -3.27887 -6.13046 -4.37228 -2.5113 -6.12603 -3.19106 -3.57394 -6.13815 -4.10312 -2.71254 -6.13338 -4.28832 -2.56154 -6.12177 -3.14591 -3.4346 -6.11767 -3.10192 -3.59507 -6.13914 -4.29512 -2.50881 -6.10788 -2.94708 -3.61129 -6.12492 -2.92106 -3.52368 -6.11811 -4.13915 -2.60633 -6.11882 -4.16545 -2.49825 -6.10956 -4.06461 -2.64247 -6.11694 -3.19764 -3.34327 -6.13343 -3.06842 -3.4083 -6.11404 -3.0332 -3.33966 -6.12864 -3.01947 -3.40191 -6.11385 -4.01113 -2.50757 -6.12243 -2.92163 -3.37878 -6.12481 -2.92548 -3.34304 -6.12393 -3.84524 -2.57984 -6.11281 -4.40838 -2.39571 -6.13116 -4.40834 -2.28767 -6.11412 -3.04767 -3.28112 -6.11492 -4.39659 -2.15203 -6.08778 -3.06872 -3.23998 -6.12349 -4.44619 -2.04052 -6.1043 -2.95758 -3.20415 -6.11817 -3.98279 -2.43968 -6.12629 -2.84822 -3.17529 -6.09187 -2.85283 -3.12019 -6.10357 -2.65085 -3.66868 -6.11993 -2.82756 -3.65053 -6.11577 -3.01575 -3.64795 -6.13677 -2.47104 -3.66892 -6.12171 -2.93037 -3.64698 -6.13233 -2.30197 -3.67044 -6.12012 -2.14051 -3.66907 -6.12142 -2.58981 -3.38515 -6.11409 -2.5637 -3.35513 -6.13368 -2.60929 -3.36481 -6.11709 -2.37567 -3.38506 -6.12128 -2.59446 -3.31792 -6.11374 -2.60899 -3.28123 -6.10641 -2.59303 -3.21832 -6.1141 -1.37786 -3.64014 -6.08641 -2.33237 -3.17955 -6.09046 -2.26683 -3.18958 -6.0888 -1.22204 -3.65316 -6.11534 -2.2504 -3.20533 -6.09826 -2.14737 -3.36648 -6.1278 -2.08521 -3.27171 -6.03703 -3.79779 -2.58649 -6.12545 -3.72956 -2.3887 -6.11421 -1.34332 -3.34225 -6.1588 -1.4091 -3.34443 -6.13115 -1.36508 -3.3765 -6.12762 -1.2641 -3.37821 -6.12064 -1.21505 -3.34174 -6.12869 -1.36364 -3.30869 -6.14569 -1.23673 -3.30158 -6.10802 -4.10424 -2.61249 -6.10646 -2.64644 -3.64721 -6.10434 -2.72162 -3.61158 -6.10454 -4.0701 -2.53696 -6.09191 -2.60127 -3.599 -6.08862 -2.72095 -3.52071 -6.10301 -2.91878 -2.74338 -6.0858 -4.33756 -2.20318 -6.06402 -2.78111 -3.3781 -6.10072 -2.71467 -3.46616 -6.09623 -2.67744 -3.37634 -6.11584 -1.64019 -3.64921 -6.08287 -1.45453 -3.65024 -6.08394 -2.56062 -3.44607 -6.08708 -2.69844 -3.34221 -6.11018 -4.30487 -2.33736 -6.0861 -1.22816 -3.62108 -6.08475 -4.26931 -2.42407 -6.08801 -2.50607 -3.41711 -6.08827 -1.47335 -3.32883 -6.06615 -1.41712 -3.39787 -6.0572 -1.34413 -3.40305 -6.07601 -1.17491 -3.40935 -6.08799 -4.12134 -2.42755 -6.06827 -4.20109 -2.36617 -6.0871 -1.56486 -3.25418 -6.07849 -1.66006 -3.22783 -6.10174 -1.66395 -3.27178 -6.0884 -2.4009 -3.42689 -6.08424 -1.56769 -3.22547 -6.08858 -3.81679 -2.48212 -6.08555 -1.49455 -3.27105 -6.08879 -1.45583 -3.22647 -6.08614 -1.44522 -3.27164 -6.10338 -1.38457 -3.27089 -6.10872 -2.92324 -3.44903 -6.10848 -2.27311 -3.40848 -6.08766 -1.41281 -3.23604 -6.08547 -1.52992 -3.17346 -6.07976 -1.69121 -3.19792 -6.09341 -2.15163 -3.41463 -6.09294 -4.01581 -2.3419 -6.08107 -2.65331 -3.30193 -6.09578 -2.75575 -3.2616 -6.06803 -2.65076 -3.1747 -6.08142 -2.5073 -3.12505 -6.0902 -2.5882 -3.06962 -6.06125 -2.81495 -3.33998 -6.10466 -2.17666 -3.22203 -6.02842 -2.41501 -3.1533 -6.09951 -2.94774 -3.27249 -6.09345 -2.08743 -3.35349 -6.09798 -2.87494 -3.25451 -6.07034 -2.05974 -3.30539 -6.05901 -2.94053 -3.23255 -6.09064 -1.72282 -3.25293 -6.09244 -2.88165 -2.96795 -6.09253 -2.798 -3.12786 -6.07372 -2.4773 -3.6487 -6.10282 -2.47682 -3.59621 -6.08587 -2.38556 -3.64509 -6.08525 -2.18893 -3.64613 -6.10019 -2.2543 -3.60825 -6.08157 -2.08584 -3.64237 -6.1007 -1.98259 -3.63886 -6.08106 -1.78553 -3.64225 -6.09307 -1.68479 -3.61378 -6.06153 -4.3975 -1.98864 -6.05296 -2.83606 -2.87523 -6.06409 -4.27481 -2.33702 -6.07689 -2.41272 -3.50504 -6.07627 -2.80633 -3.23463 -6.06547 -4.27262 -2.2627 -6.05471 -2.3657 -3.57233 -6.07483 -2.74928 -3.16925 -6.07006 -1.5774 -3.607 -6.06404 -1.46271 -3.61168 -6.06255 -2.79645 -3.03211 -6.04958 -2.74779 -3.06876 -6.05303 -1.55577 -3.50354 -6.05837 -1.45875 -3.46886 -6.04851 -1.35725 -3.57429 -6.06775 -2.82618 -2.71385 -6.05153 -2.30986 -3.5417 -6.04713 -2.30667 -3.51235 -6.04743 -1.86986 -3.60939 -6.07345 -1.78919 -3.62138 -6.08245 -1.35323 -3.44293 -6.06142 -2.19646 -3.54436 -6.06663 -1.23804 -3.58015 -6.07129 -1.15388 -3.45123 -6.07402 -2.21385 -3.51271 -6.06224 -2.24334 -3.45895 -6.07382 -2.87099 -2.5914 -6.05127 -1.51223 -3.36227 -6.01211 -1.63963 -3.14327 -6.06217 -1.37588 -3.12118 -6.03523 -1.33486 -3.16559 -6.05782 -1.2438 -3.23434 -6.05776 -2.68529 -3.05296 -6.05411 -1.24139 -3.14968 -6.0468 -2.45073 -2.98515 -6.05462 -2.43239 -3.09924 -6.08006 -2.35365 -3.08627 -6.04491 -2.3035 -3.11232 -6.05046 -2.06726 -3.53482 -6.06967 -2.10987 -3.48727 -6.05475 -2.13278 -3.45952 -6.05651 -2.00809 -3.47786 -6.05995 -1.84968 -3.45438 -6.06161 -1.91467 -3.42025 -6.05348 -2.0477 -3.42755 -6.06717 -1.9884 -3.38937 -6.0548 -1.78828 -3.56349 -6.06795 -2.48611 -2.94529 -6.0462 -1.69761 -3.4677 -6.05489 -1.80024 -3.41929 -6.05101 -1.77491 -3.27966 -6.05038 -1.78217 -3.24479 -6.03681 -1.75145 -3.20681 -6.04583 -1.69536 -3.17397 -6.05296 -2.63367 -2.74936 -6.02234 -2.4836 -2.7745 -6.02439 -2.51149 -2.61835 -6.01636 -1.65974 -3.33485 -6.01836 -1.58658 -3.33026 -6.01118 -2.2451 -3.15697 -6.01643 -2.69351 -2.68966 -6.03051 -2.57927 -2.52323 -6.0193 -2.73036 -2.57821 -6.01727 -1.63078 -3.08344 -6.00569 -2.30495 -3.02856 -6.01215 -2.24374 -3.10208 -5.97041 -2.41742 -2.8408 -6.03338 -2.34737 -2.73438 -6.02466 -1.96984 -3.31196 -6.01475 -1.88379 -3.34605 -6.01832 -1.74894 -3.37497 -6.01874 -2.73563 -2.76161 -6.03925 -1.79683 -3.33376 -6.01566 -2.24781 -2.64844 -6.02852 -2.31262 -2.76053 -6.01677 -1.64558 -3.41581 -6.02407 -2.23555 -2.71971 -6.01052 -1.52464 -3.41426 -6.00723 -1.82623 -3.26947 -6.01663 -1.85438 -3.30995 -6.01511 -1.6773 -3.12333 -5.99321 -2.72986 -2.9553 -6.03312 -2.73944 -2.89454 -6.02983 -2.61693 -2.85229 -6.02888 -2.37639 -2.99461 -6.01311 -2.34104 -2.95548 -5.99823 -2.42142 -2.89941 -6.03517 -2.37076 -2.84868 -6.01937 -2.1748 -3.1755 -5.9701 -1.56114 -3.05281 -5.9875 -2.27983 -2.81292 -5.97291 -1.61303 -3.00932 -5.96835 -2.20872 -2.75789 -5.95499 -1.37522 -3.0189 -5.97271 -1.30589 -3.0507 -5.98581 -2.3662 -2.90555 -6.0003 -2.26997 -2.92098 -5.98097 -2.32256 -2.85487 -5.98165 -1.95739 -3.2792 -5.99398 -1.569 -3.37668 -5.99749 -1.88013 -3.27433 -5.99193 -1.73251 -3.17763 -5.97641 -1.66764 -3.01087 -5.95117 -1.4589 -2.98946 -5.96094 -2.17759 -3.08044 -5.91313 -1.61384 -2.95166 -5.95409 -1.46356 -2.89911 -5.94869 -1.97931 -3.18272 -5.91856 -1.38146 -2.90694 -5.94321 -1.91038 -3.21702 -5.92377 -2.1198 -3.1424 -5.91823 -1.30723 -2.90402 -5.95126 -1.83852 -3.20806 -5.91282 -1.72948 -3.12819 -5.9229 -2.22616 -3.00983 -5.93396 -1.17385 -2.93198 -5.96009 -2.20457 -2.80088 -5.93906 -2.19693 -2.67966 -5.99017 -2.19273 -2.7181 -5.93065 -2.19333 -2.66247 -5.89297 -1.65701 -2.88819 -5.92435 -1.55905 -2.87421 -5.91225 -1.46571 -2.84518 -5.91021 -2.17414 -2.94775 -5.89283 -1.77979 -3.168 -5.90359 -1.691 -2.99054 -5.92746 -1.70462 -2.93448 -5.92416 -1.742 -2.88672 -5.88851 -2.16339 -2.75631 -5.90669 -2.12334 -2.80343 -5.88282 -1.32905 -2.8754 -5.91604 -1.5219 -2.78755 -5.85081 -2.15497 -2.98007 -5.88279 -2.05912 -3.06963 -5.86685 -1.35109 -2.8295 -5.81791 -1.38284 -2.83242 -5.81722 -1.98993 -3.12585 -5.8831 -1.32102 -2.81032 -5.82799 -1.87182 -3.17098 -5.88619 -1.7953 -3.14469 -5.86854 -1.75746 -3.12186 -5.87492 -1.73129 -3.0562 -5.88066 -1.74159 -2.97037 -5.86789 -1.71162 -2.86529 -5.87986 -1.77021 -2.80289 -5.88413 -1.80079 -2.82672 -5.87939 -2.11814 -2.76279 -5.87798 -2.17244 -2.69632 -5.85574 -1.48484 -2.77377 -5.86051 -1.44816 -2.8142 -5.86716 -2.09538 -2.93599 -5.8592 -1.91384 -3.06658 -5.85548 -1.44784 -2.75553 -5.84802 -1.47332 -2.70369 -5.84828 -1.82297 -3.12719 -5.86102 -1.96701 -2.87608 -5.83799 -1.80937 -2.99303 -5.83444 -1.79381 -3.07621 -5.84545 -1.75808 -3.03204 -5.84821 -2.00555 -2.82356 -5.84942 -2.03462 -2.7632 -5.8739 -1.79166 -2.94711 -5.84412 -1.84447 -2.86738 -5.8503 -1.83186 -2.80966 -5.84922 -1.58214 -2.8394 -5.83226 -1.75472 -2.77547 -5.85444 -2.13245 -2.69683 -5.82769 -2.06577 -2.74161 -5.87744 -2.09122 -2.70435 -5.8444 -2.16794 -2.64877 -5.84275 -2.03024 -2.67695 -5.87493 -1.99876 -2.7129 -5.85557 -1.78862 -2.74353 -5.84409 -1.89541 -2.86083 -5.83668 -1.95076 -2.8424 -5.82323 -1.59385 -2.81658 -5.80925 -1.55082 -2.7869 -5.80761 -1.96562 -2.78588 -5.78677 -1.38974 -2.79158 -5.79098 -1.55314 -2.71459 -5.79821 -1.39529 -2.69461 -5.8275 -1.88724 -2.78076 -5.76359 -1.72338 -2.77557 -5.80184 -1.68665 -2.82821 -5.81356 -2.13126 -2.6614 -5.82229 -2.09783 -2.65671 -5.82964 -1.87855 -2.74244 -5.77589 -1.82466 -2.71396 -5.83741 -1.88702 -2.67722 -5.80085 -1.72807 -2.7258 -5.79219 -1.92778 -2.78073 -5.75766 -1.69009 -2.77586 -5.7791 -1.96312 -2.75927 -5.77489 -1.9613 -2.67988 -5.80986 -1.37166 -2.79831 -5.7907 -1.63329 -2.75533 -5.80081 -1.56814 -2.75581 -5.78787 -1.68171 -2.67133 -5.80545 -1.34831 -2.75844 -5.80207 -1.31545 -2.7601 -5.83502 -1.92766 -2.72625 -5.76209 -3.99698 2.74013 -6.63949 -4.16909 2.66724 -6.63115 -4.16508 2.88662 -6.61963 -3.08827 2.30285 -6.64142 -2.90706 2.28749 -6.64303 -2.89807 2.14712 -6.63027 -2.98076 2.64381 -6.64722 -2.84949 2.83504 -6.65342 -2.79381 2.64329 -6.65622 -3.36949 1.63974 -6.62676 -3.36882 1.81253 -6.63723 -3.22664 1.77481 -6.62756 -3.80935 2.76196 -6.63645 -3.86867 2.60259 -6.63156 -2.82819 2.19336 -6.63337 -2.76342 2.34445 -6.6488 -3.97463 2.92561 -6.6328 -3.35296 1.95996 -6.63941 -3.50633 1.88146 -6.61483 -3.80771 3.02432 -6.63242 -3.63789 3.0297 -6.65023 -3.71146 2.9433 -6.63942 -3.65672 2.8584 -6.63712 -3.73682 3.26173 -6.6501 -3.56301 3.33333 -6.64897 -3.19525 2.08712 -6.63543 -3.45024 2.13111 -6.62951 -3.48821 2.95256 -6.64259 -3.42368 3.07944 -6.65258 -3.34751 2.87506 -6.64503 -3.96315 3.1991 -6.64228 -3.51105 3.15293 -6.65158 -3.23816 2.99604 -6.64694 -4.09406 3.19691 -6.63281 -3.31928 2.27978 -6.63603 -3.27449 3.32376 -6.6613 -3.548 2.25341 -6.62453 -3.4181 2.3637 -6.63804 -2.59109 2.26781 -6.64731 -2.71377 2.07259 -6.62284 -4.00179 3.30558 -6.64425 -3.27784 2.49977 -6.64526 -3.22628 2.34475 -6.63658 -2.49793 2.08567 -6.63455 -3.98742 3.42834 -6.63526 -3.08331 2.15791 -6.63003 -3.0342 1.92324 -6.63024 -3.02052 2.90022 -6.6516 -3.15456 2.86084 -6.63803 -3.72194 2.66749 -6.63172 -3.72438 2.49779 -6.63339 -3.46321 2.52856 -6.6335 -3.36876 2.53267 -6.64392 -3.51113 2.62347 -6.6325 -3.30825 2.61339 -6.63814 -4.22045 2.58526 -6.63177 -4.08164 2.61926 -6.63016 -3.45457 2.80029 -6.63847 -3.90915 2.42492 -6.63451 -3.32582 2.72497 -6.61342 -3.23591 2.78563 -6.63673 -3.10498 2.45741 -6.6416 -2.95366 2.48774 -6.6512 -3.24967 2.66736 -6.63644 -3.1268 2.65776 -6.6406 -2.80264 2.56132 -6.65522 -4.27195 2.82485 -6.61874 -4.28695 2.99895 -6.60537 -3.2202 0.546531 -6.59638 -3.35794 0.55133 -6.59953 -3.25469 0.681956 -6.59691 -4.23443 2.71763 -6.61791 -4.40431 1.16951 -6.58616 -4.44447 1.11087 -6.61082 -4.44403 1.17914 -6.58804 -3.04501 0.570674 -6.59645 -3.09271 0.644878 -6.59785 -4.35976 1.10851 -6.58744 -3.16223 0.716827 -6.59216 -4.44351 1.21692 -6.58449 -4.36541 1.26087 -6.6084 -4.44246 1.32435 -6.61934 -4.4554 2.96611 -6.61459 -4.47981 2.89451 -6.59768 -4.48807 2.97068 -6.60234 -4.19972 0.816776 -6.60119 -4.1267 0.822122 -6.6083 -4.13297 0.762927 -6.59595 -4.47582 3.06464 -6.58668 -4.441 3.06815 -6.60249 -2.84337 1.31608 -6.61181 -2.81496 1.4488 -6.61855 -2.71674 1.2035 -6.61788 -2.95955 0.546366 -6.6001 -2.78523 0.641434 -6.59637 -2.94571 0.455609 -6.59525 -4.25635 3.21598 -6.6059 -4.44493 3.21206 -6.60005 -2.92066 0.840699 -6.59554 -4.3635 3.35027 -6.60201 -4.44992 3.34418 -6.58036 -4.16049 0.899518 -6.59537 -4.24631 0.903651 -6.59908 -3.89641 0.334606 -6.59416 -3.86084 0.508043 -6.60892 -3.69407 0.359311 -6.60495 -3.94963 0.460081 -6.60052 -4.15909 3.0385 -6.62408 -4.08919 0.880941 -6.61441 -3.68602 0.756487 -6.60572 -3.85384 0.700407 -6.59109 -3.83455 0.860882 -6.60213 -4.11119 0.989615 -6.60169 -3.65176 0.994865 -6.61455 -3.89294 0.58222 -6.60171 -4.04401 0.543328 -6.58697 -3.4827 0.804696 -6.60564 -3.9499 0.776515 -6.58512 -4.38989 0.906489 -6.59443 -4.48191 0.903347 -6.60746 -4.41095 0.957511 -6.60339 -3.80958 0.988912 -6.61183 -4.50275 1.05206 -6.59862 -4.51125 0.871876 -6.59338 -4.47421 1.03471 -6.61738 -4.47984 1.13097 -6.60081 -3.95777 1.00392 -6.61495 -3.30668 0.865679 -6.6006 -3.4963 0.72995 -6.6051 -4.20631 3.36112 -6.61397 -3.88995 1.06755 -6.60995 -3.22484 0.842983 -6.59514 -4.18169 0.993319 -6.58588 -4.06375 1.13722 -6.60084 -4.22714 3.46593 -6.59951 -4.28322 3.49989 -6.59777 -3.52069 1.01727 -6.61022 -4.14707 3.46973 -6.61648 -3.24827 1.04791 -6.59979 -4.22701 1.15755 -6.59576 -4.33932 1.34416 -6.60916 -4.43452 3.5386 -6.5969 -4.44565 3.59815 -6.6042 -4.35084 3.58964 -6.59178 -4.44537 3.73901 -6.61179 -4.47047 3.65084 -6.59508 -4.47687 3.77978 -6.59639 -4.14181 1.32993 -6.60847 -3.88367 1.18938 -6.61128 -3.68003 1.19119 -6.60953 -4.44097 3.89077 -6.61974 -4.47712 3.9002 -6.59593 -4.19348 -0.814668 -6.59397 -4.08994 -0.825136 -6.60027 -4.12696 3.55339 -6.62075 -4.26176 3.63405 -6.59931 -4.23028 3.7171 -6.59179 -3.86108 1.29007 -6.6072 -4.25859 3.80727 -6.60037 -4.12817 3.74735 -6.61035 -3.95386 1.32522 -6.61262 -3.65126 1.276 -6.60645 -4.00748 3.5056 -6.62916 -3.55405 1.22674 -6.60956 -3.9642 3.69383 -6.6251 -4.47368 1.28353 -6.5989 -4.48203 1.37739 -6.60608 -4.44102 1.51088 -6.6225 -4.48506 1.57463 -6.60393 -4.34714 1.46239 -6.6054 -4.43628 1.63689 -6.62005 -4.4869 1.66569 -6.59579 -3.33363 1.17264 -6.60872 -4.46525 1.75504 -6.62292 -4.49892 1.82347 -6.59645 -4.37171 1.78057 -6.62515 -4.47826 1.86378 -6.61948 -4.44083 1.88243 -6.63128 -3.32917 1.29542 -6.61104 -2.68405 1.62751 -6.60575 -2.81465 1.60814 -6.61451 -2.71471 1.7427 -6.61005 -4.28802 1.52237 -6.61354 -3.78578 1.39172 -6.61463 -4.19572 1.53249 -6.60724 -3.68716 1.47156 -6.60576 -3.65189 1.40915 -6.60671 -4.07076 1.43119 -6.61891 -4.10151 1.58947 -6.61117 -4.22807 1.63351 -6.61203 -3.54419 1.45546 -6.61228 -3.05116 0.920678 -6.59291 -3.95538 1.4701 -6.62223 -3.77345 1.51577 -6.61314 -3.74089 2.39646 -6.61971 -2.81804 0.895788 -6.60673 -3.68483 1.62906 -6.61448 -3.58186 1.60164 -6.61714 -3.60311 2.35285 -6.61813 -2.94203 1.01748 -6.59332 -3.39233 1.37088 -6.61211 -2.75266 0.989652 -6.61046 -3.44057 1.50061 -6.62037 -3.12649 1.13265 -6.5955 -4.17581 1.70798 -6.61683 -4.05651 1.71422 -6.61881 -3.20257 1.24613 -6.60927 -4.2412 1.7948 -6.62013 -3.05352 1.29938 -6.60236 -4.09981 1.77781 -6.6229 -4.55487 -0.419852 -6.6072 -4.54711 -0.54824 -6.5974 -4.56346 -0.459658 -6.5889 -3.29003 1.53292 -6.61986 -4.50969 -0.505328 -6.60883 -4.51463 -0.373016 -6.61675 -4.54885 -0.3633 -6.59956 -3.95454 1.6114 -6.62344 -4.02592 1.76914 -6.62071 -4.38362 -0.421008 -6.60922 -4.41375 -0.520227 -6.5919 -4.33275 -0.481727 -6.59071 -3.79058 1.73839 -6.61847 -4.46577 -0.293574 -6.60933 -3.8347 1.83445 -6.60942 -3.70091 1.80774 -6.61587 -3.94963 1.84801 -6.61155 -2.84617 1.22309 -6.60653 -4.34216 1.96786 -6.6197 -4.46638 2.01907 -6.62476 -4.49806 2.04051 -6.59569 -3.96808 -0.822378 -6.60594 -3.55419 1.71307 -6.61794 -4.44222 2.14745 -6.61977 -4.48569 2.14792 -6.60399 -3.57662 1.79352 -6.6137 -4.01679 -0.741573 -6.5933 -3.49627 1.70534 -6.62181 -4.47765 2.27376 -6.59564 -4.43294 2.3208 -6.61205 -3.11218 1.60517 -6.62909 -4.48574 2.43413 -6.59984 -3.88161 -0.717677 -6.59443 -3.77419 -0.68204 -6.58676 -4.20221 2.02298 -6.6242 -4.2914 -0.386597 -6.5878 -4.30674 -0.313137 -6.60143 -4.05203 1.9458 -6.629 -4.52214 -0.259062 -6.59895 -3.05101 1.43721 -6.6145 -4.27036 2.17133 -6.61869 -2.95324 1.36761 -6.61287 -4.47499 -0.152541 -6.58944 -4.42696 -0.181915 -6.58428 -3.99759 2.1285 -6.62071 -4.36885 -0.182516 -6.5802 -3.95936 1.95576 -6.62699 -4.50693 -0.0491576 -6.60253 -4.54712 0.0199286 -6.59669 -4.50804 0.0192839 -6.60772 -2.98294 1.53766 -6.61208 -4.54319 0.114561 -6.59001 -4.50689 0.14874 -6.59362 -3.78461 2.0603 -6.62991 -4.27278 -0.19515 -6.59642 -4.16945 -0.2967 -6.59199 -4.08263 2.18865 -6.61288 -4.32481 2.39458 -6.61207 -4.145 2.30108 -6.61526 -2.96351 1.7776 -6.61992 -4.27646 2.4527 -6.61704 -3.20241 1.89328 -6.6222 -3.98716 2.24908 -6.617 -3.92731 2.29114 -6.62097 -3.85862 2.20564 -6.61757 -4.03219 2.35884 -6.62587 -3.79926 2.3142 -6.61117 -3.52349 0.252893 -6.58346 -3.72028 0.189112 -6.57613 -3.69686 0.485696 -6.60604 -3.70944 1.88292 -6.61764 -3.51569 0.446253 -6.59322 -3.69466 2.11989 -6.62971 -3.69389 0.590063 -6.60888 -3.50292 0.59755 -6.60283 -2.77917 1.91486 -6.61189 -4.44464 2.43789 -6.61 -4.44197 2.5293 -6.59977 -4.48284 2.58366 -6.596 -4.44415 2.60618 -6.61278 -4.35199 2.58804 -6.62716 -4.47653 2.66616 -6.59819 -4.44814 2.74831 -6.6231 -4.48671 2.76276 -6.6038 -4.47712 2.83535 -6.59557 -4.43651 2.87079 -6.61363 -4.11707 2.43908 -6.61236 -4.08529 2.50145 -6.62458 -3.93243 -0.64892 -6.58929 -4.49155 2.89251 -6.56049 -4.49873 3.0012 -6.56274 -4.51358 0.295431 -6.59144 -4.51688 0.217888 -6.56425 -4.53053 0.2643 -6.56106 -4.54327 0.321435 -6.56133 -4.48973 3.0885 -6.55584 -4.46094 0.21524 -6.58163 -4.50365 2.18273 -6.56121 -4.47564 0.322254 -6.58692 -4.49316 3.14377 -6.55895 -4.47847 3.17578 -6.58735 -4.37897 0.326502 -6.56128 -4.35562 0.178611 -6.56981 -4.48741 2.50042 -6.57311 -4.51515 2.39422 -6.55428 -4.4792 3.21899 -6.56116 -4.49905 2.33349 -6.56307 -4.44333 3.43713 -6.58608 -4.46461 3.41862 -6.5601 -4.50521 0.482598 -6.58486 -4.53188 0.519932 -6.5617 -3.20592 -0.553832 -6.56416 -3.24954 -0.656776 -6.56816 -3.32855 -0.567057 -6.57153 -4.35161 0.419291 -6.5563 -4.47126 3.54017 -6.55749 -3.29091 -0.486812 -6.57831 -3.914 -0.609239 -6.5814 -4.38729 3.42538 -6.58464 -4.40857 0.474081 -6.55524 -3.09997 -0.514873 -6.5687 -3.19343 -0.433012 -6.56455 -4.33996 3.47726 -6.57996 -3.11901 -0.588165 -6.55561 -4.51051 0.571141 -6.55984 -3.03486 -0.555165 -6.55958 -4.32378 -0.587963 -6.58268 -4.41379 -0.601833 -6.58736 -3.07508 -0.446929 -6.56417 -4.39749 3.51443 -6.58757 -4.28268 -0.656743 -6.59017 -4.18632 -0.571252 -6.58659 -4.46549 0.603361 -6.56003 -4.48075 3.64844 -6.56477 -4.20381 -0.508611 -6.5824 -3.31134 -0.340638 -6.56935 -3.24591 -0.293178 -6.57092 -4.5095 2.68932 -6.54616 -4.47844 3.78783 -6.56502 -4.51424 2.74452 -6.54942 -4.49198 2.80709 -6.56544 -4.28355 0.244663 -6.55858 -2.97514 -0.445879 -6.56275 -4.48494 3.9105 -6.56664 -4.16153 -0.664397 -6.58306 -4.05006 -0.568054 -6.58579 -4.19217 0.270238 -6.56299 -4.18898 0.149525 -6.5784 -3.01266 -0.279151 -6.56667 -4.09364 0.276392 -6.56454 -4.09435 0.0962254 -6.57967 -4.09257 -0.517983 -6.58863 -4.15884 0.427339 -6.56172 -3.86619 0.234847 -6.57696 -4.03548 0.243419 -6.57292 -3.96788 0.185114 -6.57131 -4.02843 0.344987 -6.58512 -3.81156 0.116728 -6.57383 -3.37958 -0.242025 -6.56385 -3.44375 0.365415 -6.5902 -4.07149 -0.423723 -6.58187 -4.18363 0.566657 -6.56303 -3.25577 -0.0822869 -6.57327 -3.43952 -0.121084 -6.55704 -3.44483 -0.0463989 -6.56403 -3.88193 -0.139847 -6.5736 -3.82325 -0.0236709 -6.56947 -3.72057 -0.0746757 -6.55909 -4.12534 0.598568 -6.57447 -4.41373 0.681165 -6.57446 -4.30798 0.71373 -6.58658 -4.33641 0.526972 -6.55297 -4.10259 -0.281928 -6.57997 -4.2595 0.504811 -6.54458 -4.23282 0.70779 -6.59287 -3.65536 0.0651178 -6.57678 -4.46667 0.781624 -6.58204 -4.00339 -0.640805 -6.59591 -3.95943 -0.535823 -6.5803 -3.52283 0.0993761 -6.57015 -3.46822 0.230463 -6.57854 -3.88556 0.0377306 -6.56521 -4.05427 0.658701 -6.56738 -3.89494 -0.521633 -6.58161 -3.78732 -0.564703 -6.57523 -3.93501 -0.45193 -6.56643 -4.04058 0.723193 -6.5688 -4.0015 -0.359893 -6.56393 -4.5125 0.783244 -6.56098 -4.5216 0.88056 -6.56122 -4.47993 0.71182 -6.56177 -3.24894 0.0724891 -6.57315 -4.35737 0.859285 -6.58129 -3.82244 -0.289083 -6.56178 -4.49585 1.11569 -6.5655 -3.31712 0.335979 -6.57491 -3.78404 -0.398541 -6.56532 -3.25392 0.214171 -6.57646 -4.54235 -0.309651 -6.55958 -4.47976 1.20786 -6.56094 -4.31911 -0.822292 -6.5966 -3.1225 -0.244478 -6.56822 -4.54638 -0.229874 -6.56179 -4.33113 -0.723578 -6.58744 -4.49003 1.21031 -6.52671 -4.52411 -0.134188 -6.57219 -4.54631 -0.0513219 -6.56181 -4.31061 0.864989 -6.57673 -2.99 -0.126085 -6.56817 -3.12277 -0.158972 -6.57324 -4.46177 -0.0750419 -6.60271 -4.31134 0.950031 -6.56981 -4.33728 0.968655 -6.57351 -4.26362 0.966524 -6.58131 -4.24016 1.05974 -6.59455 -3.08853 -0.0382807 -6.57678 -4.56184 0.0201281 -6.55679 -4.5565 0.108179 -6.55948 -2.89605 -0.357423 -6.56074 -4.39546 0.0266037 -6.58033 -2.87469 -0.126714 -6.56569 -4.4356 0.0825641 -6.57524 -4.48772 1.32121 -6.56406 -4.49503 1.4129 -6.54799 -4.54392 0.175167 -6.55222 -4.50659 1.6243 -6.5539 -4.50199 1.72161 -6.56657 -4.50496 1.8383 -6.55399 -4.51417 1.90485 -6.53645 -4.50522 1.98079 -6.55356 -4.52066 2.08622 -6.54355 -3.13346 0.167118 -6.58278 -4.10658 -0.21294 -6.57708 -4.28865 -0.130606 -6.58378 -4.20312 -0.112276 -6.57219 -4.2628 -0.0667216 -6.5822 -3.2184 0.317517 -6.57712 -2.90195 0.0441025 -6.58045 -4.05852 -0.0938187 -6.58355 -2.93101 0.206242 -6.5816 -3.96587 -0.213158 -6.57462 -3.88374 -0.239241 -6.56701 -3.00009 0.29731 -6.58857 -4.0054 -0.159502 -6.57066 -3.93462 -0.0563312 -6.57857 -3.0872 0.415923 -6.58975 -4.28437 0.00384372 -6.5786 -4.18826 -0.0047606 -6.58322 -4.27732 0.0890687 -6.57676 -3.69581 -0.661729 -6.58947 -4.04287 -0.0276257 -6.58017 -3.67542 -0.5502 -6.58291 -4.07365 0.0456822 -6.5813 -3.59819 -0.527407 -6.58404 -3.50488 -0.640138 -6.56275 -2.84185 0.323195 -6.58388 -3.50774 -0.55339 -6.57179 -3.77001 -0.480595 -6.57712 -3.65645 -0.432696 -6.57058 -3.52423 -0.409966 -6.56169 -3.93334 0.0355587 -6.56852 -3.68015 -0.336864 -6.56568 -3.97683 0.0882534 -6.56447 -2.84047 0.40959 -6.59151 -3.54653 -0.353962 -6.55562 -3.42407 -0.494625 -6.56961 -3.01566 1.18924 -6.58234 -4.54629 -0.234526 -6.50121 -4.53723 -0.386734 -6.52412 -4.49032 2.99637 -6.49617 -4.54434 -0.14286 -6.52347 -4.51378 2.29047 -6.48222 -4.51016 2.46304 -6.51152 -4.5168 2.38379 -6.50526 -4.51498 2.53431 -6.51982 -4.55859 -0.0074523 -6.52755 -4.55691 0.111913 -6.52426 -4.47393 3.1853 -6.45684 -4.52211 2.62555 -6.51345 -4.47295 3.31845 -6.5249 -4.48962 2.87023 -6.51609 -2.90891 -0.579879 -6.55477 -2.94436 -0.513962 -6.5548 -4.48642 3.88793 -6.52906 -4.4752 4.01451 -6.52637 -3.72343 -0.233608 -6.55318 -3.57977 -0.269464 -6.55948 -3.63895 -0.193379 -6.55033 -3.63777 -0.148263 -6.55221 -4.53755 0.214882 -6.51184 -4.52894 0.292781 -6.4873 -4.53121 0.550942 -6.52828 -4.5272 0.465969 -6.50182 -4.5159 0.671414 -6.53136 -4.29325 0.370803 -6.55586 -4.51861 0.771011 -6.50451 -4.50952 0.897044 -6.48062 -4.49497 1.03138 -6.50439 -4.49299 1.12653 -6.4986 -4.48132 1.33269 -6.4842 -4.49861 1.44401 -6.47814 -4.49492 1.5089 -6.50232 -4.50511 1.64693 -6.48203 -4.49307 1.72775 -6.5049 -4.51247 2.15762 -6.50929 -4.49135 1.18884 -6.46566 -4.49166 1.58913 -6.39527 -4.50362 1.85855 -6.45691 -4.55331 -0.232888 -6.44976 -4.54925 -0.104354 -6.46136 -4.52132 2.54845 -6.49034 -4.5515 0.0329185 -6.45045 -4.50967 2.75401 -6.46809 -4.49667 2.81496 -6.44847 -4.47626 3.10065 -6.50412 -4.47075 3.3992 -6.40086 -4.46963 3.47739 -6.41572 -4.47359 3.6593 -6.38962 -4.47871 3.71966 -6.40972 -4.47049 3.86902 -6.44744 -4.47168 3.80574 -6.47236 -4.45622 3.93869 -6.42915 -4.52344 0.504684 -6.4578 -4.52367 0.629579 -6.49449 -4.51046 0.768414 -6.39908 -4.49428 1.04716 -6.45306 -4.49055 1.32197 -6.4026 -4.5377 0.195565 -6.42008 -4.49484 1.73398 -6.41292 -4.53173 0.330834 -6.39334 -4.52484 0.589502 -6.45282 -4.4944 1.94075 -6.46217 -4.49629 2.03884 -6.42662 -4.51408 2.23085 -6.42194 -4.50939 2.30595 -6.43444 -4.49958 2.40877 -6.39106 -4.5144 2.55476 -6.44179 -4.50114 2.65356 -6.42151 -4.51793 2.86596 -6.40501 -4.49382 2.95045 -6.44149 -4.47303 3.04575 -6.40071 -4.47193 3.3017 -6.38435 -4.4659 3.52986 -6.4152 -4.48972 1.50799 -6.35051 -4.51075 1.80922 -6.34259 -4.49828 1.99558 -6.40667 -4.51939 0.666861 -6.38606 -4.50558 2.47826 -6.39304 -4.51058 0.904078 -6.39636 -4.51015 1.14694 -6.3436 -4.4934 1.19217 -6.42242 -4.47737 3.01058 -6.40278 -4.4884 1.415 -6.33286 -4.48901 1.57943 -6.347 -4.47198 3.55519 -6.36929 -4.47082 3.78855 -6.33238 -4.51348 1.89373 -6.38029 -4.52696 1.93268 -6.34906 -4.50191 2.03858 -6.34201 -4.51474 2.14306 -6.38198 -4.53556 0.500726 -6.37326 -4.5303 0.605903 -6.35405 -4.55325 -0.0627761 -6.35038 -4.56495 -0.0252695 -6.23691 -4.48543 2.53661 -6.36622 -4.48603 2.59409 -6.35799 -4.51657 1.0626 -6.33678 -4.50203 2.94975 -6.37693 -4.50302 1.24132 -6.35569 -4.46551 3.24603 -6.31727 -4.46703 3.17402 -6.32647 -4.50353 1.6937 -6.31665 -4.48235 3.31355 -6.28547 -4.54538 0.333995 -6.2945 -4.5539 0.125683 -6.34349 -4.51761 2.18377 -6.35135 -4.5356 0.514021 -6.26561 -4.50933 2.33124 -6.35681 -4.47315 3.47936 -6.32479 -4.52318 0.762143 -6.30812 -4.48966 2.74181 -6.35865 -4.47152 3.60069 -6.30897 -4.51229 0.920586 -6.32903 -4.4771 3.69751 -6.34944 -4.47865 3.00114 -6.34339 -4.45439 3.86802 -6.32827 -4.56533 -0.202664 -6.33211 -4.47202 3.10756 -6.31787 -4.47763 3.04658 -6.29686 -4.50693 3.69119 -6.29824 -4.53865 0.69695 -6.23104 -4.51465 0.96668 -6.28922 -4.56576 -0.10721 -6.23989 -4.52369 1.72912 -6.26133 -4.51352 2.10224 -6.30285 -4.50554 2.24582 -6.28518 -4.48436 2.36209 -6.29166 -4.48802 2.46852 -6.28373 -4.48192 2.53988 -6.27887 -4.48551 2.66045 -6.28323 -4.5006 2.84842 -6.32622 -4.492 2.59053 -6.27433 -4.49451 2.77701 -6.29292 -4.49609 2.89792 -6.29181 -4.48026 2.97737 -6.2932 -4.47362 3.08933 -6.28305 -4.50935 3.13992 -6.29399 -4.46861 3.19737 -6.2858 -4.55389 0.220649 -6.22566 -4.56122 0.0932359 -6.22353 -4.50767 3.49731 -6.27614 -4.5367 0.607396 -6.26595 -4.5095 3.78976 -6.27557 -4.46501 3.8792 -6.28706 -4.53128 1.09329 -6.29485 -4.52635 1.24791 -6.28942 -4.52342 1.35704 -6.26033 -4.52552 1.48396 -6.25845 -4.52997 1.57477 -6.23444 -4.50054 1.9962 -6.29029 -4.53154 1.92212 -6.23297 -4.50907 2.15876 -6.27739 -4.48897 2.34307 -6.25751 -4.51177 2.45856 -6.23284 -4.51747 2.6884 -6.22652 -4.5205 2.81029 -6.22901 -4.51714 2.89578 -6.23894 -4.51328 2.97332 -6.25255 -4.50092 3.03618 -6.2585 -4.50779 3.0784 -6.23159 -4.51678 3.15295 -6.25589 -4.4985 3.26314 -6.25691 -4.49579 3.35571 -6.22439 -4.50986 3.57202 -6.24075 -4.51317 3.63316 -6.24104 -4.51825 3.72063 -6.25129 -4.50859 3.85895 -6.23536 -4.48894 3.9765 -6.26646 -4.54307 0.524119 -6.19338 -4.54357 0.795241 -6.22772 -4.53459 0.884472 -6.22357 -4.52972 1.00768 -6.25105 -4.5371 1.12706 -6.25799 -4.53381 1.28141 -6.25694 -4.53221 1.65601 -6.23036 -4.52596 1.77104 -6.24012 -4.51485 1.82035 -6.21754 -4.53365 2.12552 -6.22468 -4.53051 2.01984 -6.21488 -4.53194 1.3432 -6.22173 -4.53232 1.17139 -6.22513 -4.53539 1.48662 -6.22319 -4.52566 2.22183 -6.22168 -4.51295 2.34012 -6.22018 -4.51742 2.53022 -6.22813 -4.51487 2.97842 -6.22205 -4.51512 3.18472 -6.20838 -4.50597 3.42728 -6.21124 -4.55022 0.41637 -6.19196 -4.53051 1.01646 -6.22339 -3.78274 1.39706 -6.20307 -3.61265 1.30593 -6.21655 -3.75158 1.49139 -6.20194 -3.41203 1.35806 -6.21928 -4.20663 1.0833 -6.18703 -3.98668 1.22006 -6.20774 -4.10282 1.3369 -6.19495 -3.99062 0.9148 -6.19986 -3.4327 1.66639 -6.21051 -3.87071 1.1384 -6.2113 -3.81604 0.968812 -6.20669 -3.45539 1.22096 -6.22272 -3.24797 1.2102 -6.22161 -4.54667 0.229663 -6.18251 -4.5128 2.36652 -6.18322 -4.51762 2.5195 -6.1857 -3.20539 1.55993 -6.2184 -4.5346 0.66005 -6.18768 -4.53758 0.786643 -6.18809 -3.85745 0.749434 -6.20348 -3.61898 0.735473 -6.22289 -4.51324 2.67315 -6.16486 -4.51207 2.79765 -6.17481 -3.88879 1.30558 -6.2039 -4.50324 2.98949 -6.1966 -3.887 1.7262 -6.18504 -3.60735 1.80524 -6.20044 -4.51761 1.36056 -6.18185 -4.5126 1.13614 -6.18758 -4.5142 1.55617 -6.18246 -4.51796 1.70862 -6.18301 -4.50033 3.20889 -6.16035 -4.49279 3.32554 -6.18751 -3.51969 1.72499 -6.2084 -4.50389 3.534 -6.19092 -4.50641 3.70881 -6.16328 -4.51173 3.62009 -6.15778 -4.10773 1.51233 -6.18625 -4.21327 1.39714 -6.17918 -3.67729 0.974313 -6.21656 -3.8587 1.91579 -6.18883 -4.50815 3.84642 -6.18945 -4.06916 0.704774 -6.18771 -4.16766 0.381051 -6.18678 -3.96781 0.53752 -6.20376 -3.98642 1.62899 -6.18751 -3.35998 2.50074 -6.19324 -3.50703 2.50823 -6.18622 -3.36135 2.38364 -6.19765 -3.29108 2.40662 -6.19404 -3.27866 2.62914 -6.1794 -3.46686 2.70824 -6.18548 -3.57365 2.62451 -6.18624 -3.36435 1.87088 -6.20784 -3.29568 1.69714 -6.21214 -4.54528 -0.00224069 -6.18806 -3.25328 1.95067 -6.21331 -4.52178 0.874902 -6.18439 -4.51819 0.963292 -6.1827 -4.54994 0.0604727 -6.18312 -4.51534 1.92319 -6.165 -4.53126 2.14015 -6.18681 -4.52555 2.25431 -6.18865 -3.16909 1.79507 -6.21761 -3.08056 1.58025 -6.21422 -3.00858 1.71766 -6.21869 -3.04515 1.81518 -6.21514 -2.9666 1.72144 -6.21532 -2.98572 1.82116 -6.19013 -2.94344 1.74086 -6.18729 -3.65159 1.16963 -6.2214 -3.71327 2.04095 -6.19755 -3.82797 2.06508 -6.19622 -3.74767 2.17257 -6.1854 -3.44085 2.10773 -6.20478 -3.6249 2.13978 -6.19747 -3.35289 2.03329 -6.21086 -3.21916 2.09149 -6.2033 -3.78357 2.2299 -6.17771 -3.65567 2.35203 -6.18081 -3.52018 2.39966 -6.18668 -3.26918 2.16433 -6.20111 -3.26121 2.30626 -6.192 -3.08578 1.90387 -6.21056 -3.05061 1.91459 -6.18705 -3.15351 1.99279 -6.20851 -3.09563 1.99991 -6.19064 -3.15054 2.0805 -6.18624 -3.21524 2.18355 -6.1904 -4.51147 0.793898 -6.15778 -3.88325 2.36975 -6.17069 -4.04165 2.50783 -6.16082 -4.225 2.2922 -6.15259 -4.47806 0.804417 -6.14971 -4.45924 0.883533 -6.15623 -4.33799 0.841363 -6.16296 -4.35635 0.768183 -6.15842 -3.84202 2.51238 -6.17108 -3.78615 2.39684 -6.17249 -3.78449 2.49298 -6.16863 -3.62056 2.47009 -6.16193 -4.47101 0.990226 -6.16192 -3.94583 2.1233 -6.17978 -4.33028 1.01247 -6.17475 -3.5951 2.5579 -6.18312 -4.478 1.17879 -6.16454 -4.29646 2.11693 -6.14812 -3.75767 2.58581 -6.18178 -4.43958 1.09273 -6.16293 -4.5094 0.0222974 -6.16771 -3.79376 2.66872 -6.17962 -4.44442 1.28649 -6.15839 -4.08179 2.68933 -6.15588 -3.94315 2.70804 -6.16864 -4.33359 1.31316 -6.1646 -4.51129 0.123836 -6.16569 -4.50774 0.222917 -6.15454 -4.00854 2.9054 -6.15297 -4.15511 2.80996 -6.15005 -4.2075 0.78888 -6.17139 -3.66212 2.86411 -6.16888 -4.5114 0.342853 -6.15436 -3.87824 3.00451 -6.15361 -4.48315 3.14918 -6.14894 -4.47798 2.94439 -6.14873 -4.47836 0.354923 -6.15189 -4.47671 3.30132 -6.15045 -4.48364 3.45615 -6.14436 -4.33761 0.350003 -6.16437 -4.51374 0.472346 -6.15423 -4.42926 0.499431 -6.15457 -4.48351 3.54277 -6.14569 -4.50724 0.690241 -6.15697 -2.96125 1.8432 -6.12947 -3.04869 1.99203 -6.13095 -4.36932 0.246151 -6.16459 -3.07443 2.05953 -6.11795 -4.47852 1.37696 -6.15874 -4.44626 1.56188 -6.14784 -4.47823 1.56619 -6.15459 -4.26659 0.538116 -6.17397 -4.47618 1.75386 -6.15524 -4.47201 1.85652 -6.15675 -4.4364 1.85293 -6.14833 -4.33952 1.47841 -6.1572 -4.2042 1.63944 -6.17326 -3.1622 2.21015 -6.13823 -4.43555 1.64635 -6.1464 -4.25392 1.71003 -6.16906 -3.2206 2.29875 -6.17319 -4.04485 1.73885 -6.1762 -4.12357 1.86244 -6.16762 -4.43391 1.73696 -6.14796 -4.30869 1.84966 -6.16025 -3.16113 2.2644 -6.13733 -3.18068 2.35323 -6.16335 -4.49929 2.03898 -6.15399 -4.51419 2.12738 -6.15147 -4.49824 2.36269 -6.15676 -4.33942 1.95071 -6.15065 -4.49893 2.51211 -6.14851 -4.50624 2.55993 -6.15857 -4.48914 2.74402 -6.14353 -4.20122 2.45685 -6.1487 -3.02361 1.93886 -6.10741 -4.44278 2.65104 -6.12832 -4.43297 2.53065 -6.13415 -4.24641 2.73742 -6.14373 -3.11003 2.16325 -6.12061 -4.33356 2.41298 -6.13778 -4.44058 2.22561 -6.12962 -2.96056 1.88072 -6.10827 -4.4432 2.74562 -6.12896 -3.12036 2.24959 -6.12684 -4.38361 2.88861 -6.12573 -4.19454 2.99248 -6.14062 -4.46234 1.93803 -6.13821 -4.45928 2.8711 -6.13458 -4.43355 2.9621 -6.12084 -4.44365 3.08054 -6.13397 -4.4368 2.02838 -6.13818 -4.33473 3.02737 -6.13335 -4.44349 3.15672 -6.13287 -4.47914 3.20922 -6.13382 -4.44016 3.27577 -6.13053 -4.46594 2.12471 -6.12703 -4.47711 2.21718 -6.13774 -4.44088 3.37534 -6.12569 -4.34558 3.36557 -6.13921 -2.91838 1.76836 -6.11028 -4.43907 3.54931 -6.12723 -4.47555 2.39984 -6.13966 -4.2614 3.22604 -6.13945 -4.43985 2.44439 -6.13168 -4.01194 3.1313 -6.14676 -4.09095 3.23558 -6.14314 -4.21068 3.34577 -6.14545 -4.11014 3.43444 -6.14306 -4.47785 2.64636 -6.13326 -4.23986 3.48119 -6.14183 -4.47771 0.617488 -6.14873 -4.48014 3.61877 -6.12658 -4.44956 3.64249 -6.12361 -4.37402 3.64078 -6.13753 -4.4788 3.78423 -6.13459 -4.21267 3.63492 -6.14793 -2.90766 1.8398 -6.09017 -3.0141 2.01438 -6.1068 -3.03428 2.10105 -6.10075 -2.93684 1.93759 -6.09065 -2.86388 1.86584 -6.08722 -2.98699 1.95344 -6.08628 -2.87194 1.94372 -6.09873 -2.79091 1.79425 -6.07945 -2.78071 1.84258 -6.10801 -2.94376 2.04587 -6.10013 -1.01838 2.75724 -6.66237 -1.04807 2.72092 -6.66657 -1.06329 2.87413 -6.66781 -0.552221 1.13955 -6.62961 -0.51544 1.31784 -6.64929 -0.379893 1.24663 -6.62768 -1.45965 2.48535 -6.63531 -1.62561 2.47513 -6.65519 -1.50034 2.69895 -6.65106 -0.400353 1.34533 -6.63913 -1.58176 2.72162 -6.66261 -1.43695 2.30982 -6.62813 -1.4151 2.39934 -6.63376 -1.32059 2.31663 -6.63573 -1.3677 2.55033 -6.61841 -1.22725 2.44345 -6.62172 -1.07789 1.27971 -6.63335 -1.21119 1.31386 -6.63223 -1.02176 1.4373 -6.63513 -1.30461 2.62952 -6.6208 -1.1298 2.52961 -6.63493 -0.91382 1.30664 -6.63791 -0.986996 1.56254 -6.63559 -0.745094 1.97595 -6.64003 -0.977101 2.12843 -6.62464 -0.834735 2.14337 -6.64291 -0.759983 1.39709 -6.64306 -0.569152 1.75357 -6.6422 -0.742055 1.80015 -6.64434 -0.716023 1.8917 -6.64481 -2.23274 1.79323 -6.63477 -2.32265 1.62156 -6.62881 -2.43673 1.80927 -6.62456 -0.615201 1.95035 -6.63302 -1.49849 2.82258 -6.6556 -0.839218 1.61411 -6.64088 -1.36216 2.71532 -6.62757 -0.904512 0.900715 -6.63191 -0.722941 0.825017 -6.63151 -0.86959 0.801693 -6.63427 -0.670134 1.29919 -6.64954 -0.834121 1.87418 -6.62897 -0.924235 1.13031 -6.63202 -0.777829 0.615958 -6.62596 -0.633426 1.52562 -6.65362 -2.43459 1.97335 -6.62451 -0.537323 2.05892 -6.63469 -0.728953 0.999485 -6.63494 -2.27216 2.0208 -6.63194 -2.04655 1.93201 -6.62461 -0.612663 0.839112 -6.62697 -0.512813 1.46988 -6.65647 -0.58604 1.6307 -6.65328 -0.950116 2.28367 -6.63901 -1.1978 1.61342 -6.6288 -1.17459 1.50902 -6.62603 -0.858232 2.27675 -6.6396 -1.0902 2.28718 -6.6259 -1.00418 2.376 -6.64148 -1.08974 1.71748 -6.63295 -0.931461 1.6535 -6.63475 -2.37939 2.11867 -6.63604 -1.19287 2.78756 -6.65129 -1.08396 2.65966 -6.65885 -0.983317 2.44121 -6.64978 -0.737496 1.7106 -6.65428 -0.97892 1.76465 -6.6219 -0.771237 1.13551 -6.64187 -0.503633 2.17104 -6.63546 -0.695314 2.33053 -6.63264 -0.868335 2.51356 -6.64254 -0.943926 2.62225 -6.66082 -0.494815 2.30993 -6.63429 -0.585842 2.52549 -6.62505 -0.839523 2.63093 -6.63636 -0.392341 1.50592 -6.62337 -0.39163 1.6504 -6.62288 -2.39742 2.22561 -6.63671 -2.33488 2.27149 -6.63007 -0.962142 2.82216 -6.64399 -2.24656 2.17856 -6.63404 -2.13891 2.09044 -6.62958 -0.439152 1.89404 -6.63328 -2.50502 2.48991 -6.64743 -2.39989 2.54656 -6.63191 -2.32438 2.44836 -6.62901 -0.457247 2.02755 -6.64141 -0.382263 2.04658 -6.63821 -2.1915 2.35974 -6.6445 -2.11713 2.25946 -6.64137 -1.94501 2.06285 -6.626 -0.238024 2.16022 -6.61558 -0.112904 1.98683 -6.59648 -1.86985 2.23803 -6.64111 -1.97851 2.36391 -6.64054 -0.285602 2.21516 -6.62391 -2.70313 2.72836 -6.65019 -1.75623 2.2902 -6.64009 -1.56927 2.31357 -6.63921 -1.78511 2.09186 -6.61723 -1.85685 2.37844 -6.64507 -2.23345 2.54115 -6.64877 -1.9801 2.56531 -6.65565 -1.84831 2.67912 -6.66359 -2.15092 2.69262 -6.64752 -2.56418 1.07703 -6.61424 -2.6475 1.05273 -6.61119 -2.64662 1.13736 -6.61748 -2.508 1.22281 -6.61778 -1.38842 2.09532 -6.60578 -1.4781 2.1596 -6.61219 -0.486156 0.753259 -6.5972 -0.567128 0.75185 -6.60769 -0.543618 0.789512 -6.61223 -2.43811 1.02206 -6.61798 -0.909815 -0.0704516 -6.59037 -1.10621 -0.0618306 -6.60483 -1.08105 0.0632837 -6.60125 -0.395542 0.830759 -6.60099 -0.929753 0.110351 -6.59188 -1.00532 0.286094 -6.61115 -1.21441 0.309539 -6.61225 -0.419496 1.03797 -6.61315 -1.29627 2.15681 -6.62239 -1.16716 2.26785 -6.62651 -1.20154 2.09544 -6.62652 -1.03669 2.11938 -6.61946 -2.624 1.40813 -6.61823 -0.816175 0.231486 -6.60799 -0.701345 0.181269 -6.60208 -0.7869 0.0286609 -6.58605 -0.292918 0.998689 -6.60395 -1.69488 0.287213 -6.59735 -1.6839 0.468488 -6.60823 -1.50907 0.222997 -6.60206 -0.592905 0.123173 -6.595 -0.633468 0.308978 -6.60238 -0.54265 0.246085 -6.58919 -2.33718 1.08407 -6.61219 -2.35862 0.945279 -6.61089 -1.38913 0.397302 -6.62379 -1.34778 0.224852 -6.60281 -1.53474 0.440164 -6.62128 -1.22513 1.87402 -6.62481 -0.956641 1.95869 -6.61867 -0.344606 1.11703 -6.61661 -0.454645 2.44601 -6.6242 -2.34988 1.2452 -6.61229 -0.272346 1.10496 -6.60247 -2.18929 1.26845 -6.60112 -0.718614 2.62072 -6.62608 -0.256307 1.24825 -6.59159 -2.35876 1.43339 -6.62237 -1.28862 0.178613 -6.59722 -0.57574 2.69936 -6.61722 -2.62294 1.53135 -6.6144 -1.83621 0.716307 -6.59822 -1.99385 0.921384 -6.59538 -1.75917 0.970946 -6.60892 -1.6762 0.823894 -6.60105 -0.763933 2.83742 -6.61613 -1.21303 0.521995 -6.62172 -1.05962 0.517544 -6.62298 -1.01493 0.429779 -6.61412 -2.52553 1.60457 -6.61657 -1.34298 1.43377 -6.62061 -1.51975 1.33162 -6.62 -1.46379 1.48831 -6.61829 -1.62544 0.586345 -6.60418 -0.301088 1.38156 -6.60582 -1.62267 1.42945 -6.60684 -1.93302 1.10459 -6.6017 -1.38535 0.560338 -6.62211 -1.68285 1.49839 -6.60403 -1.57163 1.58808 -6.60666 -0.277042 1.49871 -6.60283 -1.60895 0.953652 -6.61624 -1.34542 1.59309 -6.62751 -2.06521 0.0989866 -6.59438 -1.94941 0.273107 -6.60717 -1.84072 0.183878 -6.58778 -1.33026 1.1806 -6.62822 -1.72883 1.14954 -6.61682 -1.46708 0.674129 -6.61385 -2.26763 1.47698 -6.62322 -1.38419 0.620017 -6.61125 -2.09149 1.18965 -6.60246 -2.13471 1.04309 -6.59369 -2.11687 1.33487 -6.59792 -0.241516 1.73876 -6.61266 -1.23094 0.618205 -6.59625 -0.169753 1.60002 -6.59375 -1.10234 0.586143 -6.61659 -0.174015 1.75982 -6.60142 -1.2873 0.715484 -6.61547 -1.14094 0.699544 -6.61614 -0.303504 1.90933 -6.62194 -1.55112 1.70238 -6.60181 -1.93818 1.3419 -6.60788 -1.35489 1.71481 -6.61498 -2.14569 1.49285 -6.60497 -2.16271 1.6545 -6.62341 -0.906914 0.44173 -6.62304 -1.73936 1.69568 -6.60406 -1.65305 1.79688 -6.59542 -0.736642 0.33782 -6.61512 -1.48399 1.89499 -6.59882 -0.751934 0.453575 -6.62652 -0.660752 0.432822 -6.62028 -0.710457 0.504498 -6.62223 -0.505653 0.426156 -6.58472 -0.544774 0.468568 -6.58694 -0.88926 0.541736 -6.62735 -0.333507 2.37435 -6.61606 -0.996168 0.700279 -6.62498 -1.76289 1.3038 -6.61711 -0.0990344 2.08724 -6.59361 -0.738121 0.580807 -6.62279 -0.178085 2.29869 -6.60744 -0.116201 2.21095 -6.59278 -0.621377 0.570977 -6.57072 -0.683332 0.659873 -6.61414 -2.56211 1.91571 -6.61293 -0.128142 2.38507 -6.60419 -0.0513146 2.29043 -6.59378 -0.386959 2.57688 -6.6009 -1.40801 0.835454 -6.62138 -1.41574 0.981456 -6.62527 -1.19086 0.868229 -6.62106 -1.10448 0.999983 -6.62231 -1.42816 1.17694 -6.62899 -1.6351 0.0298223 -6.59199 -1.41426 0.0494496 -6.60052 -1.61588 1.89128 -6.59527 -1.42024 -0.203656 -6.59346 -1.25876 -0.176521 -6.59763 -1.32267 1.97716 -6.61285 -1.61088 2.03824 -6.61217 -1.18609 0.0554008 -6.59956 -0.95367 -0.271543 -6.60648 -1.99099 1.54633 -6.61555 -0.842843 -0.210906 -6.59701 -2.13008 0.270233 -6.59796 -2.07697 0.382773 -6.6032 -1.95769 0.371613 -6.6101 -2.14473 0.399206 -6.59052 -2.07415 0.49996 -6.59847 -1.83178 0.540748 -6.5956 -1.84339 0.328968 -6.60551 -1.84037 0.414892 -6.60677 -1.79902 1.45979 -6.60925 -1.75897 1.40498 -6.61053 -2.0677 0.587573 -6.59813 -2.63392 0.727199 -6.59504 -2.66985 0.930973 -6.61067 -2.47634 0.937387 -6.61525 -2.36749 0.763477 -6.59474 -2.16573 0.772014 -6.58813 -1.99481 1.79459 -6.61795 -2.17714 0.908546 -6.59496 -1.8839 1.76556 -6.60921 -1.80517 1.81351 -6.60677 -1.74127 1.98077 -6.60492 -1.91667 1.90848 -6.60784 -2.79954 0.090265 -6.58918 -2.59432 0.074578 -6.58696 -2.74916 -0.0105328 -6.58495 -0.27292 0.739873 -6.59086 -1.33896 -0.345077 -6.58843 -1.51292 -0.426681 -6.58778 -1.47608 -0.280581 -6.58554 -2.3551 0.444323 -6.58068 -2.26232 0.374619 -6.58857 -2.38841 0.328179 -6.57984 -0.114392 0.752855 -6.5839 -0.151634 0.888944 -6.58758 -2.39926 0.237778 -6.58586 -2.39704 0.0688677 -6.59018 -2.55711 0.251932 -6.58094 -0.417127 -0.120637 -6.58669 -0.569041 -0.00170822 -6.59415 -0.413648 0.0886547 -6.57876 0.0292375 0.806378 -6.56067 -0.0288266 0.846237 -6.56501 -0.560723 0.57304 -6.56218 -2.65952 0.494074 -6.58228 -0.0305732 1.57765 -6.57287 -2.51279 0.68963 -6.58659 -0.316452 -0.0889441 -6.58435 -0.576464 0.634528 -6.55333 -2.45193 0.601215 -6.5887 -2.50364 0.454772 -6.57607 -0.266278 0.0801765 -6.57991 -0.532449 0.683142 -6.54192 -2.26439 -0.0829884 -6.5894 -2.19007 0.0754383 -6.58763 -2.12126 -0.034523 -6.59187 -0.349945 0.294405 -6.58639 -0.0628502 1.05665 -6.55866 -0.132228 -0.0592495 -6.57605 -0.109477 0.0571502 -6.57014 -2.27433 0.601699 -6.58941 0.0577157 -0.0494156 -6.57013 0.0160037 0.97381 -6.54173 -0.479473 0.454101 -6.58401 -1.69304 -0.198521 -6.59167 -1.67371 -0.292307 -6.58789 -0.181185 0.277996 -6.57455 -0.247134 0.37911 -6.5872 -0.296602 0.487202 -6.5863 -0.0439379 0.242823 -6.57825 -1.5953 -0.11863 -6.58918 -2.2906 0.217771 -6.5885 -0.183071 1.17599 -6.5698 -0.134013 0.437286 -6.59521 -1.18243 -0.393999 -6.59864 0.059124 0.39782 -6.58163 0.100608 1.53294 -6.55887 0.0582968 1.72135 -6.5689 -0.106321 1.17456 -6.55837 -0.453941 0.604908 -6.56505 0.2211 1.57753 -6.53971 0.081675 0.112028 -6.57401 -0.372718 0.603882 -6.57628 -2.05094 -0.248977 -6.57656 -2.11433 -0.395586 -6.57679 -2.19018 -0.311029 -6.57548 0.333283 -0.0166888 -6.56568 0.214793 0.112084 -6.56827 -2.15492 -0.192688 -6.58181 0.0437543 1.82058 -6.58004 -0.253615 0.601555 -6.57508 -1.9042 -0.305379 -6.57936 -1.97503 -0.453236 -6.58181 -0.187745 1.34896 -6.58169 0.181867 0.309752 -6.57008 0.335953 0.290456 -6.56753 -0.428575 0.682176 -6.58152 0.326444 0.0672628 -6.56059 -1.9803 -0.124302 -6.58782 -0.661115 -0.214242 -6.58594 0.100112 1.82894 -6.57736 -1.84558 -0.193917 -6.58443 -0.136629 0.600334 -6.57762 0.244089 1.88562 -6.58159 0.0471474 0.644915 -6.55658 -0.119065 1.42651 -6.56499 0.037654 0.547216 -6.56795 0.188174 0.506174 -6.56636 -1.78393 -0.276741 -6.57918 -1.88151 -0.447459 -6.58679 0.378219 0.127938 -6.55565 -2.7659 -0.265483 -6.57099 0.494211 0.184186 -6.55398 -1.76672 -0.361172 -6.5882 -2.78277 -0.410086 -6.55571 0.291658 0.42324 -6.56035 -0.531797 -0.155475 -6.58647 0.217895 0.635366 -6.5566 -2.73527 -0.146045 -6.5785 0.0334652 1.42253 -6.54989 0.0269685 2.06651 -6.5836 -1.86124 0.0619976 -6.58704 -2.32844 -0.604969 -6.56173 -2.27826 -0.685118 -6.57564 -2.40086 -0.625698 -6.5613 0.113947 1.99841 -6.58388 -2.19903 -0.514077 -6.57394 -2.38224 -0.445266 -6.54965 -1.73982 0.113714 -6.58548 -2.27999 -0.424064 -6.56384 -2.11007 -0.59164 -6.57934 -2.73497 0.305753 -6.58459 -1.63429 -0.492918 -6.59553 -2.68072 -0.425768 -6.55542 -2.60485 -0.259409 -6.56329 -2.54175 -0.115631 -6.58303 -2.42972 -0.248697 -6.57076 -2.44181 -0.368349 -6.56004 -2.31073 -0.225141 -6.57982 -2.60067 0.310804 -6.57583 0.143944 0.732091 -6.55785 0.178982 1.46348 -6.54251 0.0375492 1.33052 -6.5449 0.169407 1.3276 -6.54072 0.0996858 1.23462 -6.54806 0.3431 0.596126 -6.54045 0.409239 0.433614 -6.5302 -0.527579 0.656222 -6.53804 -2.76534 -0.681718 -6.5506 0.432622 0.0231045 -6.54779 0.326739 0.713021 -6.52253 -2.79364 -0.51295 -6.56261 -2.58052 -0.52217 -6.5557 0.105607 0.872116 -6.53205 -2.63873 -0.719515 -6.54645 -2.59728 -0.643652 -6.55632 0.190539 0.807369 -6.53402 -2.51793 -0.734118 -6.54489 -2.48536 -0.579723 -6.55927 0.235486 0.868827 -6.52716 0.132048 0.977449 -6.53191 -2.54751 -0.459954 -6.55133 0.139419 1.07043 -6.53794 0.215593 0.967676 -6.53053 0.0321556 1.17313 -6.55698 0.271498 1.09951 -6.54749 0.212675 1.19726 -6.5416 -0.958314 -3.70551 -6.59712 -0.878056 -3.68463 -6.60095 -0.893576 -3.71629 -6.59741 -0.975025 -3.67965 -6.61749 0.10057 -3.58003 -6.57119 -0.0352674 -3.71149 -6.56566 -0.0858029 -3.60605 -6.58336 0.0842395 -3.47621 -6.56756 0.688545 -3.71996 -6.56389 0.546473 -3.71497 -6.56186 0.57509 -3.67151 -6.57857 0.774007 -3.68583 -6.57558 0.67343 -3.54879 -6.56561 0.780803 -3.72148 -6.5684 0.189601 -3.58308 -6.56051 0.14276 -3.49483 -6.55402 0.790667 -3.5415 -6.56565 0.93425 -3.64344 -6.55247 -0.0666081 -3.4782 -6.57681 -0.048352 -3.39827 -6.57122 0.165056 -3.40596 -6.56746 1.12938 -3.70569 -6.58267 1.04051 -3.68013 -6.56767 1.11371 -3.60827 -6.5806 -0.0143938 -3.35274 -6.56411 0.0915113 -3.29529 -6.56829 1.10473 -3.72577 -6.56206 1.22063 -3.72058 -6.57328 1.1947 -3.73687 -6.56051 1.16848 -3.66087 -6.58322 1.23337 -3.67601 -6.55782 0.169369 -3.34105 -6.56251 0.243571 -3.3405 -6.56853 0.509559 -3.63725 -6.57386 0.547946 -3.52658 -6.57644 0.224263 -3.41877 -6.56569 0.621036 -3.41894 -6.56126 0.366261 -3.49416 -6.55574 0.409624 -3.41724 -6.57254 0.494924 -3.43469 -6.5781 0.805199 -3.39031 -6.55414 0.315347 -3.34408 -6.5646 0.475848 -3.36531 -6.56182 0.918017 -3.49498 -6.55581 1.03941 -3.47973 -6.5786 -0.0435658 -3.21165 -6.55773 1.03948 -3.425 -6.56764 0.13426 -3.21047 -6.56965 0.253511 -3.23413 -6.57332 1.15652 -3.54212 -6.56949 1.12914 -3.44385 -6.56014 0.214791 -3.09412 -6.55322 0.321815 -3.16457 -6.55733 -1.05682 -3.68144 -6.56217 -1.02801 -3.71425 -6.59643 -0.965406 -3.67576 -6.54831 -0.882604 -3.71596 -6.56323 -0.808978 -3.71591 -6.58351 -0.810149 -3.72523 -6.56232 -0.75619 -3.67684 -6.5866 -0.694518 -3.71576 -6.58088 -0.723572 -3.6107 -6.58165 -0.657032 -3.72641 -6.56216 -0.579985 -3.71479 -6.56166 -0.587761 -3.68036 -6.56897 -0.608267 -3.61156 -6.5659 -0.718965 -3.48832 -6.58007 -0.554967 -3.44147 -6.57367 -0.582134 -3.36491 -6.5719 -0.520178 -3.72984 -6.56786 -0.47448 -3.68316 -6.57208 -0.444633 -3.72352 -6.56442 -0.389591 -3.67688 -6.56986 -0.458406 -3.61683 -6.56405 -0.365915 -3.71315 -6.56139 -0.322389 -3.67699 -6.58007 -0.29151 -3.69491 -6.56274 -0.337813 -3.56039 -6.57814 -0.208738 -3.68052 -6.57769 -0.202171 -3.70249 -6.56246 -0.206302 -3.54154 -6.58211 -0.0955985 -3.69647 -6.57064 0.0990229 -3.69269 -6.56372 0.163784 -3.68298 -6.56086 0.269186 -3.68284 -6.56354 0.244191 -3.63693 -6.56848 0.416215 -3.67929 -6.55435 -0.438908 -3.49818 -6.57396 -0.30434 -3.38663 -6.56236 -0.465711 -3.38354 -6.56068 -0.226309 -3.43673 -6.56476 -0.175226 -3.34479 -6.55702 -0.156338 -3.07306 -6.54553 0.0130265 -3.06463 -6.54606 -0.0599598 -3.14066 -6.5525 0.802092 -3.15307 -6.54918 0.650402 -3.02371 -6.51995 0.76646 -3.04542 -6.54085 0.205714 -3.51973 -6.52304 0.211676 -3.49162 -6.5267 -1.07965 -3.66274 -6.52885 0.280993 -3.4986 -6.53985 0.740386 -2.84812 -6.51943 0.849135 -2.90426 -6.52263 -0.896033 -3.66607 -6.51705 0.886473 -2.98576 -6.53754 -0.792087 -3.68739 -6.49063 0.318554 -3.5633 -6.54055 0.350975 -3.63409 -6.55065 1.05222 -3.0282 -6.52231 1.06511 -3.11737 -6.53272 0.998561 -2.94813 -6.51966 -0.762639 -3.71607 -6.53297 -0.620425 -3.72415 -6.53004 1.17253 -2.82057 -6.53562 1.20423 -2.84242 -6.53239 1.14342 -2.89195 -6.52753 -0.560931 -3.72482 -6.52811 1.2014 -2.78468 -6.52065 1.12576 -2.5653 -6.53196 1.10295 -2.52533 -6.52857 1.13456 -2.52533 -6.54085 1.18805 -2.58222 -6.51903 1.14546 -2.59404 -6.51615 1.18347 -2.51323 -6.52915 0.117316 -3.12691 -6.55517 0.0950131 -3.05012 -6.54822 1.10659 -2.48834 -6.52438 0.389161 -3.2938 -6.554 0.528746 -3.26399 -6.55016 0.46283 -3.17459 -6.5453 0.541641 -3.18981 -6.55127 0.384976 -3.06398 -6.54144 -0.485915 -3.73128 -6.5288 -0.403845 -3.72284 -6.52998 -0.305499 -3.69223 -6.52397 -0.229699 -3.69897 -6.52899 0.547579 -3.04487 -6.52741 -0.119677 -3.68947 -6.52783 -0.0196468 -3.71108 -6.52878 0.0547006 -3.70442 -6.52985 0.148968 -3.71428 -6.52664 0.231343 -3.69786 -6.52909 0.324912 -3.6829 -6.55576 0.296031 -3.70886 -6.52927 0.418323 -3.71898 -6.52921 -0.401973 -3.29712 -6.54601 -0.25986 -3.22913 -6.5593 0.0612403 -2.86922 -6.50705 0.154098 -2.99298 -6.53939 0.00604509 -2.92911 -6.52399 0.25386 -2.96089 -6.52877 0.172349 -2.84814 -6.52257 0.33637 -2.90045 -6.51878 0.592719 -3.74133 -6.52781 0.726242 -3.74187 -6.52946 0.843433 -3.74407 -6.52961 0.964852 -3.71012 -6.5484 0.99234 -3.73118 -6.53722 1.09251 -3.74012 -6.52276 1.23663 -3.73073 -6.53107 1.26838 -3.68518 -6.52028 1.22866 -3.59832 -6.53135 0.566962 -3.36002 -6.53663 0.734885 -3.29705 -6.55541 1.02995 -3.35663 -6.5561 0.905973 -3.30564 -6.55928 0.605697 -3.28182 -6.54405 0.669107 -3.21047 -6.54604 0.763333 -3.22064 -6.55759 0.916095 -3.16091 -6.54331 1.02686 -3.16448 -6.53568 1.10215 -3.18919 -6.54713 1.12704 -3.27923 -6.55621 1.17947 -3.40415 -6.54641 1.23556 -3.4805 -6.52087 1.16349 -3.28594 -6.54509 1.19711 -3.34084 -6.52089 1.23359 -3.36538 -6.51387 1.17086 -3.24179 -6.54037 1.23268 -3.26333 -6.52205 1.15781 -3.16363 -6.5163 1.15001 -3.1161 -6.5133 0.478507 -2.87961 -6.52069 0.474392 -2.72804 -6.51888 0.567278 -2.93896 -6.52253 0.63395 -2.86126 -6.51597 0.682319 -2.75627 -6.51617 1.19184 -2.48495 -6.4923 1.11366 -2.45621 -6.49515 0.737435 -2.77942 -6.51549 0.206689 -2.74759 -6.5199 1.00688 -2.87046 -6.51199 0.384241 -2.76103 -6.51282 -0.964074 -3.66571 -6.46612 0.860346 -2.70282 -6.51618 0.125756 -2.78774 -6.52342 0.0116837 -2.78738 -6.52271 -0.691239 -3.6855 -6.48136 -0.548405 -3.70479 -6.49311 -0.56634 -3.71565 -6.51944 1.07211 -2.67979 -6.51312 0.628808 -2.68728 -6.52475 0.537118 -2.61492 -6.5222 -0.422884 -3.68241 -6.48393 -0.356071 -3.68678 -6.48713 0.717795 -2.67216 -6.49141 0.663076 -2.61948 -6.51178 -0.214175 -3.68003 -6.50359 0.0292092 -3.67508 -6.51019 0.511321 -2.52508 -6.52105 0.618511 -2.52974 -6.50864 -0.102153 -3.66872 -6.49622 0.703626 -2.57923 -6.50704 0.139905 -3.68447 -6.46624 0.517821 -3.7344 -6.48979 0.586151 -3.74214 -6.49702 0.0110688 -3.65144 -6.48279 0.201196 -3.67698 -6.49109 0.249226 -3.66425 -6.49796 0.61393 -2.45581 -6.51284 0.773082 -3.74434 -6.49365 0.829268 -2.56841 -6.51679 0.346343 -3.72152 -6.49082 0.400059 -2.71108 -6.50888 0.343697 -2.65487 -6.51401 0.925644 -3.75197 -6.4929 1.00889 -2.6992 -6.51604 0.872782 -2.55628 -6.51041 1.22281 -3.71268 -6.4844 1.01527 -2.64148 -6.50653 1.26416 -3.62244 -6.47802 1.08188 -2.60117 -6.48726 1.25148 -3.57053 -6.49426 0.971819 -2.54082 -6.48235 1.1908 -2.99956 -6.51379 1.26085 -3.49027 -6.49355 1.12995 -2.94858 -6.5236 1.21835 -2.88942 -6.49934 1.22041 -3.03489 -6.49522 1.24196 -2.92763 -6.47966 1.19951 -3.05147 -6.50758 1.26003 -3.35396 -6.49407 0.406999 -2.54288 -6.52739 1.22651 -2.82335 -6.49517 1.19518 -2.73195 -6.52415 1.14636 -2.64846 -6.51354 1.20319 -2.64938 -6.52246 1.23601 -2.69446 -6.50234 1.25722 -3.25863 -6.4946 1.23102 -3.19262 -6.49974 1.12333 -2.55729 -6.4952 1.09278 -2.49387 -6.49137 1.22954 -2.62448 -6.49239 1.21194 -2.56232 -6.48634 0.511017 -2.43044 -6.52429 0.633987 -2.38006 -6.50345 0.684032 -2.43225 -6.51291 0.814834 -2.46069 -6.52374 0.711771 -2.36791 -6.51529 0.806642 -2.33633 -6.51892 0.717924 -2.29223 -6.50649 0.81401 -2.27647 -6.49162 0.818264 -2.22292 -6.48998 0.863977 -2.35074 -6.51212 0.935509 -2.43337 -6.48138 0.948635 -2.35497 -6.47284 0.893431 -2.25758 -6.50779 0.868498 -2.17432 -6.49335 0.944101 -2.16819 -6.49029 1.1481 -2.4952 -6.46506 1.13989 -2.53321 -6.45944 1.18117 -2.48708 -6.46202 1.20111 -2.50157 -6.43437 1.0225 -2.22143 -6.47879 1.0356 -2.15065 -6.48396 1.10053 -2.16952 -6.45732 1.08227 -2.02598 -6.46409 0.664296 -3.73529 -6.40089 1.03723 -2.53845 -6.45212 1.09404 -2.53356 -6.4454 0.862491 -3.73903 -6.42836 1.23726 -3.06279 -6.45856 1.24022 -3.09225 -6.47439 -1.09628 -3.67503 -6.38457 -0.876643 -3.67175 -6.41297 1.24287 -2.83606 -6.41616 1.23394 -2.76468 -6.4441 -0.732933 -3.68078 -6.42034 1.23991 -2.63332 -6.42877 -0.510533 -3.68685 -6.43661 0.989243 -3.74715 -6.40775 -0.271405 -3.66985 -6.45621 1.11725 -3.7196 -6.4204 1.23872 -2.59579 -6.45235 -0.161206 -3.66254 -6.42566 1.216 -3.68564 -6.43632 1.24843 -3.64099 -6.42485 -0.0669295 -3.65052 -6.44073 1.26344 -3.59331 -6.45518 1.27345 -3.48791 -6.45226 1.26655 -3.4034 -6.45748 1.00218 -2.40913 -6.44294 1.25322 -3.29633 -6.45546 1.25806 -3.21875 -6.45599 0.241888 -3.66197 -6.46898 0.31559 -3.69691 -6.44847 0.354652 -3.7037 -6.43698 0.42591 -3.7013 -6.42625 1.03773 -2.04882 -6.47793 1.05276 -2.34423 -6.43496 1.23292 -3.10739 -6.41333 1.24243 -2.93724 -6.41918 1.11721 -2.28611 -6.41512 -0.586105 -3.67884 -6.38326 1.13296 -2.46139 -6.43156 1.22582 -2.56585 -6.4044 1.03106 -2.43766 -6.43723 0.553128 -3.71545 -6.35939 1.17595 -2.45533 -6.42625 -0.357981 -3.66599 -6.4159 1.11965 -2.37804 -6.4156 0.196815 -3.68407 -6.40058 1.17935 -3.68673 -6.40732 1.12964 -2.25294 -6.41101 1.23084 -3.67077 -6.41802 1.24743 -3.60142 -6.37465 1.25703 -3.5448 -6.37361 1.25035 -3.45398 -6.36145 1.11203 -2.05201 -6.40549 1.1269 -2.16816 -6.41065 0.277436 -3.69632 -6.37233 1.20542 -3.05092 -6.32385 0.391819 -3.67756 -6.34135 1.20496 -2.41868 -6.38997 1.16878 -2.41259 -6.41155 -0.964865 -3.67749 -6.31892 1.21544 -2.7681 -6.3541 1.22566 -2.59529 -6.37531 1.21797 -2.49538 -6.39232 1.1898 -2.29485 -6.39307 1.16842 -2.27273 -6.39989 -0.230893 -3.676 -6.35245 1.15823 -2.18745 -6.38061 -0.12508 -3.66894 -6.34588 1.12959 -2.1071 -6.36903 -0.0305537 -3.65602 -6.38205 0.0053627 -3.66941 -6.33458 0.0784184 -3.66329 -6.34656 0.772783 -3.72071 -6.30905 0.878739 -3.72772 -6.38778 1.1432 -3.66203 -6.36056 1.242 -3.24266 -6.33682 1.20554 -2.84439 -6.32322 1.23977 -3.31417 -6.33453 1.20352 -2.3383 -6.34756 1.19405 -2.25355 -6.35757 0.958201 -3.7115 -6.36507 0.930321 -3.65946 -6.35173 0.907592 -3.67992 -6.34932 0.891717 -3.7012 -6.35465 -1.03494 -3.68345 -6.29513 1.01075 -3.68511 -6.30089 1.07102 -3.68908 -6.33691 1.19757 -2.95241 -6.32741 1.15333 -2.06774 -6.35367 -0.818754 -3.68007 -6.33152 -0.592517 -3.6794 -6.29449 1.23285 -3.67221 -6.35578 1.193 -1.98789 -6.32525 1.16154 -1.92131 -6.33907 1.25509 -3.64795 -6.35847 -0.381921 -3.68375 -6.33449 -0.484098 -3.69402 -6.31553 -0.328908 -3.67811 -6.30341 0.255024 -3.69032 -6.34236 0.195782 -3.67753 -6.30573 1.259 -3.61465 -6.31434 0.618504 -3.70828 -6.29246 0.542961 -3.68011 -6.27189 1.20394 -2.63803 -6.30735 1.23686 -3.3582 -6.29897 1.21388 -2.54073 -6.3214 0.81151 -3.69759 -6.26512 -1.13017 -3.67948 -6.29538 1.2156 -2.43917 -6.32649 1.19795 -2.22261 -6.32468 1.2022 -3.13785 -6.31833 0.971371 -3.68061 -6.3276 1.19005 -2.14618 -6.32458 1.17548 -2.06969 -6.3269 1.20499 -3.64761 -6.28872 1.24051 -3.64676 -6.31432 1.19077 -2.84894 -6.29257 0.445013 -3.64518 -6.24323 1.20961 -1.99076 -6.29904 1.18748 -1.87055 -6.28791 1.16376 -3.21333 -6.2813 0.999096 -3.16129 -6.29294 1.02782 -3.26429 -6.28973 0.962284 -3.04879 -6.28776 1.16087 -3.11406 -6.29464 0.974898 -2.99912 -6.28457 1.27887 -3.56523 -6.23194 1.25416 -3.43085 -6.28495 0.839447 -3.68427 -6.25939 1.2026 -3.30691 -6.29009 0.891825 -3.66731 -6.26074 1.20347 -3.24863 -6.29403 0.931663 -3.67068 -6.2707 -0.907934 -3.676 -6.29206 1.07341 -3.66178 -6.23727 -0.770398 -3.67806 -6.27756 1.16844 -3.02521 -6.29694 1.09928 -3.01826 -6.28926 1.16435 -2.95925 -6.29693 1.17758 -2.77746 -6.28452 -0.13735 -3.67842 -6.19883 0.00359212 -3.67871 -6.24851 0.0963885 -3.66557 -6.24107 0.25196 -3.65775 -6.23009 1.20137 -2.5438 -6.29609 0.325598 -3.64699 -6.25613 1.20251 -2.40027 -6.29124 1.18408 -2.31811 -6.28172 1.19169 -2.23586 -6.27968 1.19539 -2.18169 -6.28612 1.19623 -2.07826 -6.28936 0.306319 -3.23622 -6.29251 0.381337 -3.16204 -6.29028 0.335623 -3.07505 -6.2979 -0.260026 -2.9537 -6.25822 -0.226564 -3.05408 -6.27685 -0.225896 -2.91197 -6.28141 -0.267952 -3.1027 -6.25151 -0.187817 -3.0054 -6.28601 0.858491 -3.1768 -6.28112 0.867023 -3.08624 -6.28271 0.820381 -3.11089 -6.24864 -0.150263 -3.09364 -6.28079 -0.0570608 -3.09267 -6.28618 0.863311 -3.042 -6.25328 -0.0643918 -2.95445 -6.2793 -0.259413 -2.82088 -6.25348 -0.191824 -2.79085 -6.27905 -0.225265 -2.76297 -6.27138 -0.0604968 -2.69352 -6.27876 0.100705 -2.95987 -6.26647 0.0701474 -2.86107 -6.27453 -0.26886 -2.78571 -6.23402 -0.19304 -2.66992 -6.28198 -0.237138 -2.65244 -6.26114 1.23994 -3.61808 -6.23193 -1.15027 -3.6829 -6.23375 1.24139 -3.42104 -6.22681 -0.207861 -2.5562 -6.24562 -0.15054 -2.54926 -6.27249 1.19472 -3.33753 -6.25716 1.21398 -3.4078 -6.18368 -1.00225 -3.67381 -6.25617 -0.889953 -3.66329 -6.25769 -0.0140357 -2.54281 -6.27463 1.15071 -3.30788 -6.27646 1.12972 -3.27427 -6.28228 1.20537 -1.98326 -6.26316 1.19637 -1.86693 -6.25616 0.106585 -3.09152 -6.27821 1.0625 -3.32198 -6.26103 -0.608618 -3.67116 -6.25539 -0.534454 -3.67305 -6.23616 0.213848 -3.04969 -6.27513 0.18359 -2.94136 -6.26129 0.134667 -2.88127 -6.2504 0.0753618 -2.77675 -6.28105 -0.41469 -3.66108 -6.20003 0.121586 -2.81679 -6.26166 0.253741 -2.92095 -6.26059 0.353293 -2.88035 -6.26944 0.38465 -3.01101 -6.28199 0.392402 -2.88529 -6.26275 0.415725 -3.02004 -6.25332 0.174061 -3.66735 -6.22794 0.31754 -2.85093 -6.2548 0.62365 -3.0332 -6.28808 0.592692 -2.97996 -6.25864 0.590361 -3.05869 -6.27478 0.380812 -2.83455 -6.2534 0.624266 -2.95667 -6.26839 0.658038 -3.03686 -6.25818 0.598043 -2.9213 -6.25666 0.65135 -2.87885 -6.24674 0.0753094 -2.61118 -6.28166 0.116492 -2.60571 -6.26523 -0.00184721 -1.29767 -6.25662 -0.164694 -1.27534 -6.26007 -0.0525032 -1.46982 -6.2623 0.624583 -2.80308 -6.25578 0.609242 -2.82212 -6.25191 0.077263 -2.52151 -6.28221 0.066021 -2.3769 -6.2772 0.120105 -2.5229 -6.26752 -0.192583 -2.46687 -6.24361 -0.156074 -2.3964 -6.2542 -0.134149 -3.13698 -6.25705 -0.208388 -3.1341 -6.26953 -0.192283 -3.17251 -6.24984 0.865327 -3.00287 -6.25045 0.862459 -2.96306 -6.28158 0.828801 -2.97322 -6.24347 -0.121885 -2.40573 -6.26936 0.822871 -2.87491 -6.23816 0.895935 -2.9639 -6.2628 0.934397 -2.90518 -6.25927 -0.417768 -1.23012 -6.26747 -0.245709 -1.38209 -6.2626 -0.0792164 -2.2669 -6.25311 -0.0255269 -2.23374 -6.25782 -0.0499821 -3.13342 -6.26876 0.119993 -2.40275 -6.25832 0.971529 -2.93026 -6.27394 1.06172 -2.94638 -6.26567 0.861482 -2.8619 -6.27795 0.226561 -3.31337 -6.25835 0.211549 -3.18479 -6.28022 0.171519 -3.21757 -6.24952 0.892712 -2.87194 -6.25218 0.274895 -3.27802 -6.29079 0.119727 -2.30546 -6.26684 0.0798919 -2.25297 -6.27556 -0.550018 -1.81246 -6.25644 -0.479522 -1.82521 -6.25882 -0.521856 -1.76645 -6.2723 0.839221 -2.8301 -6.25724 0.0817562 -3.14773 -6.26459 0.859597 -2.78466 -6.26547 -0.350897 -1.80657 -6.26381 0.0149275 -2.16083 -6.25907 0.112762 -2.18827 -6.25585 0.901261 -2.83163 -6.24498 0.902379 -2.79301 -6.26559 0.0672662 -2.0799 -6.25913 0.965625 -2.8825 -6.25377 0.110288 -2.04262 -6.2533 0.989138 -2.86977 -6.24229 0.0810164 -1.95781 -6.26195 0.0392524 -1.98161 -6.25836 0.110325 -3.17713 -6.24808 -0.211986 -1.78462 -6.26761 -0.290509 -1.83227 -6.25731 -0.212836 -1.84279 -6.24909 0.650432 -3.68297 -6.23782 0.892879 -2.75165 -6.25318 -0.123139 -1.73053 -6.2706 -0.142729 -1.85008 -6.24151 -0.0466255 -1.81753 -6.25491 1.11734 -2.89449 -6.24986 1.1239 -3.6542 -6.2054 0.0281328 -1.74097 -6.2576 -0.667499 -1.7691 -6.27708 -0.342289 -1.59527 -6.27987 0.593904 -3.21274 -6.24616 0.624181 -3.18996 -6.26451 0.587542 -3.13768 -6.25675 0.283724 -3.31399 -6.26952 0.346545 -3.28732 -6.27334 0.626853 -3.11787 -6.27868 0.650372 -3.17299 -6.25342 -0.226592 -1.64734 -6.27526 1.11671 -2.82376 -6.23143 0.884525 -3.27724 -6.27415 0.82293 -3.18964 -6.25708 0.907838 -3.3163 -6.26125 1.15767 -2.6287 -6.2662 -0.398934 -1.48777 -6.27743 0.381609 -3.25665 -6.26182 1.16898 -2.43575 -6.26497 0.413329 -3.16525 -6.25817 1.19199 -2.1092 -6.24937 0.0297039 -1.86155 -6.25629 0.104895 -1.87607 -6.25408 0.0752171 -1.59945 -6.25824 0.0724104 -1.7339 -6.25569 0.0758127 -1.45508 -6.25518 -0.699926 -1.81916 -6.2644 0.855757 -2.69229 -6.23285 0.897728 -2.6742 -6.22784 0.131707 -1.9638 -6.22387 0.964856 -2.81294 -6.22463 1.06521 -2.85137 -6.20244 0.117292 -1.74355 -6.22873 -0.265331 -2.65718 -6.22773 0.114649 -1.66537 -6.24433 0.119881 -1.44026 -6.24648 0.2056 -2.86081 -6.22383 1.08199 -2.67794 -6.18565 1.05711 -2.76063 -6.18255 0.143563 -1.66029 -6.21555 0.143323 -1.57329 -6.2188 0.204351 -2.81391 -6.20574 0.158147 -1.44275 -6.21691 0.427509 -3.00546 -6.2199 1.11612 -2.58323 -6.19689 0.261653 -2.79128 -6.18741 0.34847 -2.80862 -6.25009 -0.0951876 -1.11495 -6.25066 0.418542 -2.85151 -6.22269 0.18508 -2.76367 -6.20631 1.10566 -2.30919 -6.14215 0.177155 -2.52951 -6.18316 0.384842 -2.73518 -6.23602 0.352392 -2.73866 -6.25165 1.13391 -2.20996 -6.17757 0.293196 -2.7128 -6.16374 0.346837 -2.68584 -6.18406 -0.189415 -2.36627 -6.20177 -0.142944 -2.31097 -6.23433 -0.127695 -2.21107 -6.22653 0.139357 -1.3307 -6.25233 -0.0658864 -2.21612 -6.2377 0.185194 -1.36438 -6.21452 1.12198 -2.11994 -6.12311 0.193869 -1.22974 -6.24213 0.223774 -1.24608 -6.21724 -0.0145105 -2.16747 -6.23454 -0.0901213 -2.13242 -6.2224 -0.0568663 -2.11488 -6.22956 -0.117354 -2.11602 -6.20482 1.1734 -2.04273 -6.22055 0.160013 -1.21699 -6.24825 -0.0943211 -2.08868 -6.20939 0.144 -2.38615 -6.22716 0.108821 -0.999377 -6.24272 -0.0053894 -2.10438 -6.21558 0.139392 -2.19936 -6.22212 0.00850928 -2.04912 -6.21332 0.290685 -1.14292 -6.22994 0.0097709 -1.98948 -6.22939 0.593832 -3.64405 -6.19736 0.521277 -3.65124 -6.19698 -1.09833 -3.6726 -6.21654 -0.930098 -3.62717 -6.19445 -0.848622 -3.61885 -6.20239 0.825615 -3.65799 -6.23146 -0.688577 -3.63256 -6.19134 0.907387 -3.63791 -6.18211 0.992113 -3.65699 -6.19821 -0.578693 -3.62004 -6.16888 -0.296053 -3.67239 -6.18955 0.630181 -3.24561 -6.2296 0.0106329 -3.67554 -6.20031 0.549979 -3.19904 -6.19695 0.577259 -3.09141 -6.23325 0.687759 -3.16406 -6.20162 0.663678 -3.09237 -6.23011 -0.268225 -3.13996 -6.22726 -0.231739 -3.17535 -6.21799 0.859448 -3.3369 -6.18556 -0.124533 -3.17048 -6.21018 0.792119 -3.2471 -6.18141 0.950966 -3.37429 -6.16474 0.761293 -3.10689 -6.19014 -0.0453982 -3.175 -6.23189 0.81642 -3.00967 -6.2187 0.299849 -3.39356 -6.17238 1.16298 -3.3618 -6.2124 0.566493 -2.98621 -6.22179 0.368486 -3.33345 -6.19364 0.562217 -2.91351 -6.20104 0.666212 -2.97979 -6.22311 0.591173 -2.90462 -6.21692 0.429454 -3.22761 -6.20099 0.427787 -3.15645 -6.22748 -0.249285 -1.86022 -6.22384 -0.334024 -1.84865 -6.21036 0.657902 -2.76851 -6.22223 -0.499628 -1.84692 -6.23067 -0.382864 -1.85133 -6.21788 -0.164233 -1.88187 -6.22123 -0.112789 -1.91294 -6.22614 0.930448 -2.86552 -6.23733 0.833679 -2.83783 -6.22141 0.836263 -2.78678 -6.21718 -0.0237782 -1.9321 -6.22625 -0.0781155 -1.93617 -6.22158 1.02555 -2.84672 -6.19953 0.0148751 -1.92983 -6.24728 -0.0220226 -1.95831 -6.20195 0.623258 -2.75689 -6.23432 -0.794719 -2.18501 -6.23376 -0.843124 -2.217 -6.25552 -0.827018 -2.23189 -6.22499 -0.29956 -3.03415 -6.2105 1.17946 -1.91519 -6.2071 1.18536 -1.75092 -6.21515 0.827456 -2.70568 -6.16065 0.857223 -2.63165 -6.18165 0.957672 -2.68681 -6.16498 0.982572 -2.76844 -6.18411 -0.289594 -2.68083 -6.18104 -0.242823 -2.56593 -6.19188 0.894076 -2.62573 -6.18185 0.147811 -1.76446 -6.16909 0.427585 -2.85209 -6.18919 0.449445 -3.01932 -6.17767 1.09563 -2.4739 -6.16307 0.173297 -1.55588 -6.14117 0.399353 -2.70893 -6.16892 -0.147266 -2.22377 -6.18838 -0.12414 -2.20443 -6.18838 -0.0608175 -2.20768 -6.17568 -0.0948922 -2.14333 -6.15566 -0.0202478 -2.13874 -6.18704 -0.0593144 -2.11574 -6.16933 0.165393 -2.339 -6.17106 0.166281 -2.24762 -6.16063 0.176728 -2.09099 -6.13103 0.276499 -1.19802 -6.1703 -0.0103979 -1.98721 -6.14813 -0.480793 -1.84775 -6.18584 0.657725 -3.64119 -6.18169 -0.28487 -1.85955 -6.18483 -0.195174 -1.88985 -6.18908 -0.138064 -1.91479 -6.18663 -0.0718601 -1.94674 -6.18709 0.820538 -3.61158 -6.17322 1.13869 -1.8547 -6.13675 1.14997 -1.72199 -6.14624 1.0488 -3.63491 -6.18402 1.19475 -3.61277 -6.1883 1.02462 -3.37723 -6.15792 0.694079 -3.25978 -6.17797 0.618284 -3.28739 -6.19263 0.758691 -3.19058 -6.18995 0.514522 -3.07739 -6.18767 0.525867 -3.20951 -6.18056 0.719089 -3.19433 -6.1843 0.690871 -3.0143 -6.18959 0.764286 -3.06048 -6.1823 1.24765 -3.56058 -6.1934 1.23063 -3.4866 -6.18316 0.522721 -2.94665 -6.17151 0.789387 -2.98312 -6.19753 0.554942 -2.84698 -6.18848 0.590387 -2.78337 -6.18748 0.688681 -2.83055 -6.16325 0.795871 -2.87155 -6.18111 0.619464 -2.75119 -6.18831 0.660697 -2.7317 -6.17943 0.869129 -2.72932 -6.18504 -1.04353 -3.63215 -6.15963 -0.479888 -3.64432 -6.16823 -0.253508 -3.6712 -6.18758 0.0552342 -3.64371 -6.16602 0.151726 -3.63434 -6.17558 0.236218 -3.57267 -6.14557 0.306371 -3.61242 -6.17923 0.447039 -3.61969 -6.18277 -0.145476 -3.2033 -6.15663 0.214787 -3.35762 -6.20159 0.0324231 -3.20725 -6.16847 0.127439 -3.23972 -6.18161 0.149918 -3.27859 -6.17012 0.458997 -3.18945 -6.19173 -0.766191 -2.20073 -6.18715 -0.757198 -2.1265 -6.17269 -0.775269 -2.14964 -6.2174 -0.309288 -2.91357 -6.14924 1.13429 -1.96672 -6.12458 1.06083 -2.60127 -6.15677 -0.452154 -3.61621 -6.12268 0.457896 -2.90162 -6.15975 0.517179 -2.85765 -6.15691 0.490915 -2.93373 -6.15351 -0.39931 -3.64618 -6.15618 0.446828 -2.77202 -6.13526 1.05662 -2.4933 -6.13593 0.250583 -2.71755 -6.15973 -0.305369 -3.65316 -6.15011 0.23166 -2.62401 -6.15184 -0.197037 -3.65589 -6.14853 -0.135756 -3.6375 -6.14456 1.10951 -2.21621 -6.1292 -0.0590597 -3.64833 -6.15251 0.233885 -2.46277 -6.1208 -1.11916 -3.61652 -6.11226 0.287007 -2.65029 -6.1334 1.12999 -2.04319 -6.13359 0.389695 -2.62668 -6.13129 -0.958909 -3.61077 -6.12315 -0.708336 -3.61628 -6.14909 0.351956 -2.59833 -6.13305 0.53324 -3.60208 -6.1482 -0.304457 -3.16877 -6.14234 -0.336341 -3.12856 -6.13793 -0.205 -2.38462 -6.15224 -0.333042 -3.0352 -6.12788 -0.259797 -3.20312 -6.12441 -0.151502 -2.22228 -6.12287 -0.112981 -2.18083 -6.13774 -0.0598967 -3.23658 -6.14807 -0.124775 -2.12628 -6.15522 -0.114549 -2.16601 -6.14886 -0.0584002 -2.16095 -6.1452 -0.0559283 -2.08141 -6.1574 -0.0182902 -2.0639 -6.17392 0.201597 -3.42543 -6.14567 0.17547 -3.3769 -6.15415 0.348396 -3.58179 -6.15452 0.452698 -3.57811 -6.15474 0.167076 -1.89939 -6.12418 0.651342 -3.60746 -6.15401 0.949209 -3.61487 -6.16341 0.361394 -3.38034 -6.16119 0.417405 -3.31629 -6.15023 1.1602 -3.58083 -6.15952 0.717041 -3.57827 -6.14938 0.805144 -3.58192 -6.15168 0.859935 -3.58582 -6.15744 0.99966 -3.55687 -6.15094 0.0826111 -3.25443 -6.14489 0.0301642 -3.2559 -6.12474 0.883423 -3.38907 -6.14503 0.828286 -3.38861 -6.11844 0.590858 -3.37528 -6.12114 0.547613 -3.2908 -6.14216 0.625181 -3.37012 -6.127 0.751175 -3.24982 -6.16596 0.466121 -3.24113 -6.16937 0.725545 -3.07151 -6.17862 0.489749 -3.18847 -6.18235 1.19954 -3.52947 -6.15516 -0.588415 -1.84441 -6.14674 -0.377633 -1.81783 -6.0594 0.489127 -3.08077 -6.17468 1.2036 -3.48112 -6.14495 -0.307377 -1.8303 -6.08711 1.12987 -3.43101 -6.15261 1.19915 -3.41649 -6.15158 1.21157 -3.44141 -6.1357 0.725303 -2.90796 -6.15367 0.760353 -2.93356 -6.16372 0.57567 -2.73272 -6.1592 0.522799 -2.76636 -6.12282 0.762323 -2.89011 -6.15139 -0.190071 -1.89267 -6.14284 0.803931 -2.80389 -6.16173 -0.149568 -1.90211 -6.15107 0.6249 -2.66841 -6.17998 0.589595 -2.66122 -6.15427 0.659857 -2.63227 -6.178 -0.0218952 -1.91275 -6.12844 0.694329 -2.76186 -6.1375 0.692233 -2.72476 -6.13726 -0.0148036 -1.95307 -6.12913 0.624571 -2.5735 -6.18439 0.603258 -2.6155 -6.13779 0.596224 -2.52542 -6.14262 0.658924 -2.52001 -6.16394 0.623794 -2.52406 -6.17167 0.825421 -2.74311 -6.15261 1.0085 -2.72818 -6.16514 0.934028 -2.63133 -6.15254 0.975337 -2.62231 -6.13744 0.862237 -2.52493 -6.12036 -0.909235 -2.2964 -6.12883 -0.906522 -2.27132 -6.16639 -0.968057 -2.31025 -6.1527 -0.818301 -2.27008 -6.13272 0.219326 -1.40698 -6.0955 0.225693 -1.3187 -6.13429 0.274083 -1.23385 -6.11931 -0.30818 -2.64608 -6.09911 0.481474 -2.82601 -6.13486 -0.424208 -3.59846 -6.10993 0.623469 -2.42683 -6.10294 -0.361084 -3.60141 -6.11707 0.659014 -2.41835 -6.0972 -0.281506 -3.60968 -6.12138 0.689207 -2.45751 -6.07534 -0.16171 -3.58473 -6.11805 -0.0431866 -3.61711 -6.13659 -0.565858 -3.57722 -6.12075 1.06751 -2.34803 -6.11616 0.382614 -2.58228 -6.11802 0.281378 -2.51525 -6.11021 0.351022 -2.53196 -6.11935 -0.243292 -2.47128 -6.1074 -0.0273914 -3.44471 -6.11397 -0.232961 -2.40089 -6.07294 -0.227737 -3.37657 -6.13243 -0.329875 -3.36667 -6.12256 -0.338837 -3.39313 -6.11978 -0.188688 -3.46293 -6.10519 -0.206311 -3.34189 -6.12449 -0.0572226 -3.38503 -6.11922 -0.112746 -2.17343 -6.12714 -0.0901213 -2.15112 -6.12291 1.11449 -1.84953 -6.09824 -0.183012 -3.23554 -6.11703 -0.092199 -2.07968 -6.11859 -0.068815 -3.27585 -6.12175 -0.0797732 -2.04642 -6.08572 0.212048 -2.29646 -6.11055 0.10295 -3.55183 -6.13231 0.0848981 -3.50485 -6.12221 0.183831 -3.49506 -6.12882 0.372291 -3.52797 -6.14292 0.330373 -3.47278 -6.14149 0.609374 -3.51569 -6.13016 0.487127 -3.4864 -6.12039 0.113561 -3.39558 -6.12575 0.0111057 -3.37009 -6.12722 0.104031 -3.32341 -6.11987 -0.493837 -1.81368 -6.04907 0.690929 -3.45755 -6.11614 0.762019 -3.52384 -6.12884 0.692329 -3.50999 -6.13523 0.475073 -3.46652 -6.11896 0.852436 -3.45835 -6.12212 -0.0791144 -1.87578 -6.09942 0.18249 -1.74733 -6.1058 0.403753 -3.41743 -6.12737 0.91696 -3.4481 -6.13935 1.00547 -3.44599 -6.13969 0.36454 -1.10073 -6.13011 0.0504052 -3.2995 -6.11167 0.4608 -3.3422 -6.12365 0.764368 -3.33563 -6.12523 0.78805 -3.39706 -6.1106 -1.00139 -2.34196 -6.14147 0.712571 -3.37134 -6.10919 -0.766626 -2.23674 -6.0844 -0.764275 -2.19566 -6.08987 -0.322035 -2.74245 -6.10669 -0.294045 -2.57445 -6.07678 0.726497 -2.78882 -6.12419 0.75856 -2.77631 -6.11659 0.528209 -2.66877 -6.10461 0.797576 -2.73777 -6.12293 0.541051 -2.60285 -6.09024 0.690383 -2.59897 -6.09327 0.829392 -2.53924 -6.07611 0.902205 -2.49687 -6.11369 -1.07084 -3.36953 -6.12186 -1.03821 -3.33808 -6.12942 0.952879 -2.51605 -6.10865 1.01692 -2.46713 -6.11204 -1.15914 -3.31318 -6.11758 -0.811468 -3.58334 -6.1144 -0.961154 -3.35089 -6.12209 -0.72062 -3.59111 -6.10964 0.730613 -2.69166 -6.08669 -0.925408 -3.39747 -6.08093 -0.738338 -3.39857 -6.08588 -0.881062 -3.34178 -6.1161 0.486944 -2.70962 -6.10378 0.790862 -2.66743 -6.08686 -0.066595 -3.30993 -6.11638 0.446012 -2.60283 -6.08086 -0.818186 -3.53206 -6.08604 -0.714842 -3.54983 -6.09092 0.236391 -1.68422 -6.0386 0.524479 -2.52517 -6.0529 0.230238 -1.5153 -6.06272 0.489598 -2.54824 -6.05166 0.444076 -2.46066 -6.04294 0.569077 -2.43731 -6.0644 0.601936 -2.30403 -6.07397 -0.518363 -3.53976 -6.09806 0.62491 -2.289 -6.08886 0.656699 -2.31111 -6.08881 -0.611638 -3.45591 -6.08478 0.813088 -2.49832 -6.05199 0.873064 -2.43386 -6.08909 -0.0954637 -2.09257 -6.06671 -0.0915579 -2.12816 -5.99626 0.244863 -1.39888 -6.06487 -0.622019 -1.83557 -6.04051 -1.08759 -2.46665 -6.09728 -1.03047 -2.47721 -6.06283 -1.0359 -2.41069 -6.14046 -0.474915 -3.50748 -6.09213 -0.514186 -3.4524 -6.0878 0.297631 -1.28241 -6.05992 -1.06748 -3.57042 -6.08523 -0.954292 -2.40271 -6.07621 -0.0812534 -1.97288 -6.06591 -0.193642 -1.86729 -6.05913 -0.753163 -3.33787 -6.11181 -0.825669 -2.32636 -6.08455 1.01261 -2.29785 -6.06684 0.263847 -2.26035 -6.05738 -0.0325808 -1.91621 -6.08572 -0.708454 -3.36429 -6.08785 1.07819 -2.09959 -6.07811 1.0212 -2.20425 -6.05309 -1.04637 -3.39926 -6.0855 -0.059522 -1.88414 -6.07291 0.389127 -1.13293 -6.07332 0.369872 -2.47525 -6.10055 -0.559179 -3.37524 -6.10358 -0.660153 -3.37464 -6.08537 1.04586 -2.02875 -6.04649 0.35518 -2.40517 -6.06961 -0.599444 -3.3394 -6.0873 -0.77481 -2.08255 -6.10819 0.306377 -2.37003 -6.06508 -1.10842 -3.27989 -6.08318 -0.939018 -3.30564 -6.1036 -0.78728 -2.03916 -6.12058 -0.769484 -2.04781 -6.08138 -0.745231 -1.93769 -6.06026 -0.360795 -2.94062 -6.06644 -0.375087 -3.0147 -6.06924 0.231278 -2.06236 -6.05707 0.396552 -1.09201 -6.05591 -0.779572 -3.30817 -6.10706 -0.963758 -3.57439 -6.08757 0.217283 -1.91974 -6.06219 0.749968 -3.42642 -6.10391 0.637862 -3.43282 -6.11178 -0.391239 -3.53163 -6.09966 -0.314892 -3.45251 -6.10272 -0.431604 -3.42792 -6.09612 -0.432407 -3.38143 -6.10127 -0.453443 -3.3421 -6.08344 -0.388943 -3.3325 -6.08521 1.07896 -1.92115 -6.06606 1.10381 -1.63694 -6.08421 -0.202663 -3.30938 -6.10962 -0.270898 -3.24001 -6.08542 -0.368667 -3.21261 -6.05904 -0.402704 -3.15138 -6.06093 -0.176247 -3.27446 -6.10754 -0.318733 -3.27389 -6.07042 -0.386548 -2.70843 -6.02854 0.759595 -2.62941 -6.06587 -0.730914 -3.44794 -6.07862 0.795942 -2.5514 -6.05333 -0.928568 -3.4514 -6.07485 0.721408 -2.48401 -6.05107 0.760028 -2.47468 -6.04096 -0.33018 -2.54584 -6.03575 -0.313727 -2.48996 -6.03066 -0.28182 -2.45484 -6.03458 -0.176878 -2.27725 -6.04655 0.715437 -2.40272 -6.04529 -0.680417 -3.31341 -6.05323 -0.114815 -2.21076 -6.00491 0.542724 -2.3287 -6.01464 -0.109472 -2.04299 -6.01698 -0.12213 -1.98427 -6.00653 -1.14748 -3.22414 -6.04722 -1.05469 -3.22602 -6.04435 0.657797 -2.17306 -6.05857 0.686105 -2.1589 -6.03186 -0.753208 -3.22887 -6.04992 0.85677 -2.36316 -6.05893 0.946406 -2.34312 -6.05609 -0.730458 -3.25457 -6.05714 0.895219 -2.32049 -6.05544 0.320488 -2.23807 -6.02171 0.270312 -2.10698 -6.02801 -0.613711 -3.27381 -6.04312 0.616549 -2.17135 -6.06813 0.277175 -1.3961 -6.03906 -0.450156 -3.27439 -6.03341 -1.09787 -2.51474 -6.034 -1.04629 -2.51992 -6.03593 -0.415701 -3.23375 -6.03377 -0.925226 -2.46556 -6.02435 -0.771681 -2.29984 -6.05268 -0.820931 -2.40834 -6.03002 -0.781104 -2.13439 -6.04181 -0.432149 -3.05306 -6.01851 -0.446104 -3.14313 -6.02515 -0.403303 -2.92907 -6.03466 -0.0673452 -1.90857 -6.05366 -0.103689 -1.86344 -6.05509 0.998852 -1.77606 -5.99525 1.05244 -1.71924 -6.0246 1.07384 -1.54592 -6.05269 0.297119 -1.83588 -5.99697 0.506652 -2.42392 -6.02301 -0.505435 -3.23347 -6.01505 0.795147 -2.36901 -6.03337 0.295723 -2.07722 -6.0108 0.759772 -2.2306 -6.012 0.726481 -2.23997 -6.01789 0.797465 -2.22327 -6.01369 0.858258 -2.26458 -6.03885 -1.15411 -3.1063 -6.03103 -1.06164 -3.15401 -6.01598 0.922333 -2.20011 -6.0212 0.568463 -2.14789 -6.00698 0.636931 -2.12762 -6.04773 0.586499 -2.08705 -6.01526 0.696045 -2.09988 -6.01673 0.828502 -2.1268 -6.00875 1.01977 -1.88983 -6.02245 0.925196 -2.12938 -6.00652 0.99525 -2.05739 -6.02116 -0.233676 -2.39331 -6.01183 -0.89729 -3.17361 -6.02035 0.306598 -1.61191 -5.98788 -0.724842 -2.38198 -5.99275 -0.78546 -2.47077 -5.9961 -0.738244 -2.30894 -6.00882 -0.757708 -2.25612 -6.0124 -0.774879 -2.18317 -5.97737 0.370479 -1.31213 -6.0093 0.384857 -1.41092 -5.9795 -0.699167 -3.20177 -6.04448 -0.77239 -2.13216 -5.99025 -0.737885 -2.0737 -5.97843 0.474329 -2.30489 -6.00036 0.450926 -1.1809 -6.01981 0.389984 -2.26639 -6.01916 -0.473106 -3.01251 -5.99712 -0.578932 -1.80908 -5.95097 -0.413863 -2.83587 -6.02054 -0.620544 -3.1686 -6.02161 0.477967 -1.14162 -6.00507 0.432655 -1.09718 -5.98889 -0.130307 -1.92662 -5.99986 -0.106279 -1.87847 -6.02275 -0.181262 -1.86535 -6.01456 -0.257221 -1.83337 -5.98576 1.02175 -1.46861 -6.01641 0.932479 -1.50463 -5.98196 0.976851 -1.62161 -5.98243 -0.455006 -2.67206 -5.98601 0.511205 -2.1561 -5.9848 -0.530837 -3.10849 -6.00888 -0.443007 -2.52405 -5.98286 0.753401 -2.09209 -6.00473 -0.3864 -2.48686 -5.98808 -0.313978 -2.46332 -5.98963 0.504341 -2.06404 -5.98878 -0.270435 -2.45378 -5.92704 0.570474 -2.05293 -5.99477 0.67241 -2.05713 -5.99006 0.594786 -2.00726 -5.97286 -0.157578 -2.30298 -5.94989 -1.08058 -3.01339 -5.99673 0.858311 -2.05597 -5.9921 -0.111711 -2.20909 -5.96879 0.906732 -2.01964 -5.99653 -0.989085 -3.05992 -5.98397 -0.969071 -2.98119 -5.96749 0.900801 -1.9057 -5.97847 0.355561 -2.09606 -5.99311 0.403282 -2.13116 -5.99794 0.374157 -2.01946 -5.97484 -1.03426 -2.60949 -5.98742 0.41926 -2.06743 -5.98433 -0.928364 -2.66965 -5.96645 -0.832703 -3.06616 -5.98685 -0.731257 -3.03111 -5.99244 -0.691687 -2.00589 -5.94647 -0.709153 -1.90901 -6.0186 -0.653902 -3.03806 -5.98987 0.493057 -1.28404 -5.97627 0.541274 -1.17326 -5.98845 -0.651078 -2.47207 -5.96133 -0.694607 -2.35953 -5.96355 -0.524193 -2.92952 -5.98548 -0.484153 -2.8425 -5.99687 -0.52686 -2.70024 -5.97087 -0.457611 -1.79925 -5.96234 -0.354928 -1.81546 -5.96925 -0.212939 -1.85166 -5.96679 -0.162567 -1.88553 -5.98235 -1.02472 -2.68289 -5.96462 -1.07808 -2.63637 -5.95299 -1.04327 -2.70938 -5.94994 -0.746931 -2.23808 -5.9348 -0.751058 -2.17695 -5.93972 -1.13818 -2.54358 -5.97821 -1.12228 -2.63698 -5.8753 0.445089 -1.9817 -5.9581 0.738949 -1.98686 -5.96762 -0.690079 -2.12746 -5.91273 0.864204 -1.76493 -5.95971 0.378751 -1.68412 -5.95831 0.425592 -1.80252 -5.95237 0.442202 -1.51949 -5.94949 0.692238 -1.91675 -5.96044 0.748428 -1.67604 -5.94142 -0.611652 -2.77579 -5.96223 0.870661 -1.61141 -5.96442 -0.622929 -1.89203 -5.92567 -0.633161 -1.85659 -5.95161 0.594518 -1.38629 -5.94037 -0.526091 -2.50103 -5.95878 -0.386396 -2.45809 -5.94906 -0.825116 -2.61468 -5.96436 -1.24615 -2.84578 -5.94395 -0.307432 -2.45865 -5.94641 -0.216704 -2.41102 -5.91447 0.81206 -1.4641 -5.95109 -1.07895 -2.8483 -5.95494 -1.16938 -2.84657 -5.9414 -0.749073 -2.78957 -5.95899 -0.903461 -2.71757 -5.9589 -0.859342 -2.77938 -5.95937 -0.112324 -2.1516 -5.94834 -0.147538 -2.06574 -5.93348 -0.191271 -1.99103 -5.87804 0.600329 -1.77395 -5.94556 0.621479 -1.20667 -5.97017 -1.03061 -2.86192 -5.97096 -0.782366 -2.82439 -5.96477 -0.677559 -2.59811 -5.95864 -1.05122 -2.80544 -5.94826 -1.00444 -2.76316 -5.96113 -0.936549 -2.81622 -5.95463 -0.645173 -2.86701 -5.96359 -0.270673 -1.81 -5.92207 -0.21807 -1.877 -5.93368 -0.189068 -1.93037 -5.93696 -0.721274 -2.52514 -5.97222 -0.584714 -2.49827 -5.95534 -0.649878 -2.42331 -5.94936 -0.728738 -2.28316 -5.92455 0.534153 -1.6162 -5.93613 -1.07639 -2.70331 -5.91129 -0.700114 -2.18673 -5.90718 -0.539049 -1.80928 -5.89523 -0.494309 -1.79074 -5.91693 -0.676488 -2.07187 -5.87946 -0.366675 -1.79531 -5.91477 -0.507017 -2.4705 -5.9153 -0.585832 -2.4599 -5.92273 0.701772 -1.55097 -5.93493 -0.420549 -2.45284 -5.85591 -0.247225 -1.83802 -5.91665 -0.164734 -2.31134 -5.9162 -0.145485 -2.23043 -5.91595 -0.651581 -2.38859 -5.90401 -0.185161 -2.16025 -5.8899 -0.689976 -2.33204 -5.8838 -1.2742 -2.8257 -5.91807 0.739243 -1.37947 -5.94442 -1.24312 -2.74741 -5.91346 -1.10644 -2.82298 -5.9258 -1.14649 -2.79826 -5.90634 -1.07289 -2.76396 -5.90651 -0.202596 -2.36874 -5.88232 -0.196438 -2.30713 -5.8757 -0.200842 -2.21959 -5.88105 -0.188404 -2.06668 -5.87468 -0.64461 -1.96064 -5.88186 -0.603599 -1.90812 -5.89083 -0.601151 -2.42749 -5.84398 -0.540432 -2.4683 -5.84502 -1.28221 -2.7822 -5.89249 -0.544517 -1.87168 -5.86305 -0.703905 -2.27243 -5.88976 -0.41312 -1.79425 -5.87712 -0.349956 -1.80885 -5.8799 -1.24662 -2.71811 -5.90078 -1.28592 -2.71386 -5.8879 -0.664236 -2.23002 -5.86734 -0.289838 -1.85073 -5.88451 -1.28367 -2.67061 -5.89576 -0.23274 -1.93092 -5.85071 -1.21779 -2.72019 -5.88453 -0.266768 -1.8905 -5.88183 -1.11011 -2.76804 -5.84046 -0.297408 -2.45975 -5.85715 -1.24813 -2.63143 -5.88031 -0.239759 -2.43257 -5.87977 -1.19352 -2.57485 -5.87772 -1.08625 -2.74969 -5.85461 -0.245647 -2.40494 -5.84127 -0.617021 -2.38476 -5.83094 -0.652929 -2.34046 -5.85101 -0.632782 -2.26823 -5.83917 -0.655029 -2.15233 -5.79617 -0.232656 -2.23801 -5.8478 -0.273597 -2.32674 -5.83695 -0.628312 -2.00542 -5.76201 -0.476935 -2.46057 -5.84866 -0.201262 -2.15541 -5.83022 -1.14604 -2.73952 -5.8114 -1.21414 -2.65543 -5.84972 -1.19756 -2.70826 -5.84439 -1.2042 -2.59717 -5.86483 -1.10629 -2.72116 -5.81158 -1.1348 -2.68256 -5.81528 -0.596633 -1.92034 -5.80283 -0.386414 -1.86816 -5.84027 -0.307946 -1.88732 -5.84816 -0.475287 -1.86115 -5.84328 -1.17226 -2.68542 -5.81624 -0.300957 -2.42212 -5.82591 -0.457705 -2.42298 -5.81776 -0.327125 -2.34995 -5.81467 -0.441614 -2.36201 -5.81087 -0.527308 -2.4456 -5.80745 -0.582853 -2.3175 -5.81694 -0.513394 -2.3575 -5.80711 -0.285205 -2.28873 -5.79755 -0.203372 -2.01169 -5.77462 -0.339428 -1.9004 -5.75789 -0.223255 -1.95558 -5.77137 -0.269533 -1.91549 -5.78097 -0.503704 -2.32474 -5.77608 -0.414591 -2.3361 -5.77582 -0.339079 -2.32417 -5.77549 -0.242892 -2.22041 -5.75471 -0.555451 -1.91137 -5.76957 -0.464469 -1.89723 -5.73771 -0.532352 -2.29013 -5.7276 -0.579001 -2.24309 -5.72756 -0.612231 -2.16937 -5.73076 -0.226715 -2.14103 -5.73217 -0.29933 -1.93332 -5.73349 -0.503683 -1.91395 -5.73939 -0.312003 -2.29735 -5.67417 -0.590587 -2.0864 -5.69139 -0.567293 -2.01403 -5.69536 -0.485464 -2.29637 -5.61892 -0.376091 -2.32206 -5.65324 -0.243786 -2.05118 -5.70625 -0.267113 -2.02522 -5.70035 -0.350926 -1.92984 -5.68707 -0.283379 -2.21324 -5.61761 -0.262936 -2.16849 -5.61511 -0.547337 -2.13801 -5.58103 -0.534821 -2.25265 -5.62788 -0.470272 -1.96234 -5.65047 -0.413408 -1.94011 -5.66283 -0.260769 -2.09784 -5.59338 -0.568765 -2.0636 -5.61248 -0.528901 -2.01421 -5.61404 -0.354278 -1.98011 -5.62816 -0.299779 -2.04494 -5.57176 -0.41201 -1.97487 -5.58482 -0.388148 -2.29889 -5.60313 -0.404377 -2.20642 -5.55545 -0.333685 -2.20978 -5.57492 -0.477003 -2.24248 -5.57562 -0.382859 -2.01024 -5.54833 -0.29425 -2.17523 -5.57981 -0.281312 -2.09271 -5.56506 -0.537273 -2.05563 -5.56982 -0.478618 -2.0146 -5.55234 -0.326658 -2.06737 -5.53978 -0.483823 -2.13238 -5.53932 -0.344173 -2.13535 -5.53847 -0.484129 -2.0582 -5.52958 -0.425146 -2.09353 -5.52069 -0.414821 -2.04747 -5.52404 -1.3227 -3.43935 -6.6205 -1.17522 -3.37795 -6.63566 -1.28095 -3.30875 -6.64165 -1.38143 -3.26848 -6.63182 -1.34261 -3.1547 -6.63193 -1.24372 -3.17362 -6.63242 -1.15062 -3.15038 -6.62196 -0.560196 -1.15671 -6.59462 -0.48762 -1.24605 -6.59859 -0.570739 -1.32491 -6.59006 -1.55833 -2.06109 -6.61521 -1.73134 -2.00872 -6.59879 -1.60714 -1.93783 -6.60047 -1.56597 -0.892739 -6.59772 -1.72893 -0.752261 -6.60474 -1.60362 -0.662115 -6.60775 -1.7382 -0.940629 -6.59362 -1.47298 -1.78552 -6.59369 -1.56815 -1.74707 -6.5909 -1.01874 -3.27034 -6.6003 -1.06841 -3.36404 -6.61787 -1.43746 -1.85798 -6.59493 -1.4604 -2.03047 -6.61029 -1.43831 -0.774933 -6.59598 -1.30636 -1.88217 -6.59555 -1.34532 -2.07833 -6.60074 -1.08851 -3.0597 -6.60663 -1.86409 -0.808089 -6.58604 -1.44258 -0.626447 -6.59943 -1.45662 -0.994171 -6.59605 -1.30659 -0.914216 -6.59594 -1.25934 -0.634003 -6.60094 -1.19127 -0.876343 -6.5901 -1.54115 -3.0344 -6.62351 -1.16483 -0.618573 -6.60542 -1.05936 -0.820889 -6.59859 -1.86377 -0.717824 -6.59008 -1.72593 -0.561248 -6.59924 -1.4933 -2.92485 -6.5978 -1.86631 -0.639558 -6.59327 -1.37736 -2.98087 -6.61563 -1.32062 -0.546843 -6.60025 -1.02238 -0.566182 -6.60296 -1.50233 -2.82125 -6.60201 -1.00518 -0.461008 -6.60692 -1.01904 -0.385094 -6.60857 -1.59639 -2.63731 -6.60582 -0.874587 -0.842274 -6.59321 -0.971905 -0.712206 -6.60277 -1.65502 -2.49884 -6.61531 -1.70584 -2.46455 -6.62297 -1.35283 -2.83378 -6.60485 -1.44419 -2.72624 -6.6102 -0.820084 -0.636362 -6.60856 -1.98678 -1.99327 -6.61446 -2.04528 -1.95742 -6.60154 -1.99073 -1.9027 -6.59096 -1.20912 -3.07093 -6.61319 -1.84791 -1.91732 -6.58484 -1.82792 -2.0659 -6.61867 -0.747636 -0.756026 -6.5919 -0.743709 -0.627596 -6.5985 -1.14504 -3.67906 -6.62077 -1.15122 -3.68627 -6.59737 -1.1202 -3.68782 -6.59779 -1.18628 -3.62853 -6.6327 -1.03039 -3.60802 -6.61983 -1.05607 -3.68755 -6.61764 -1.14304 -2.92829 -6.59183 -1.04339 -3.72536 -6.60383 -0.794631 -0.446159 -6.60514 -1.03503 -2.94618 -6.58932 -1.30049 -2.888 -6.61157 -0.911679 -3.5545 -6.6029 -1.19297 -2.73589 -6.59151 -0.661084 -0.384401 -6.58791 -1.4843 -2.53882 -6.60845 -1.21997 -3.4762 -6.6144 -1.09154 -3.47801 -6.61187 -1.58515 -2.51817 -6.61458 -1.26125 -3.44424 -6.61773 -1.37844 -2.54351 -6.60238 -1.32718 -2.65606 -6.59665 -1.79216 -2.40979 -6.62729 -1.7674 -2.26794 -6.63185 -1.63023 -2.18763 -6.62429 -1.8876 -2.20302 -6.6179 -1.5686 -2.35319 -6.61101 -1.85454 -2.12226 -6.62659 -1.41394 -2.30032 -6.59832 -1.33982 -2.32542 -6.59735 -1.67673 -2.11793 -6.62619 -1.47886 -2.20836 -6.60822 -1.66213 -2.0744 -6.62087 -0.957485 -3.46569 -6.59816 -1.01038 -3.39267 -6.61454 -1.31793 -2.17834 -6.58742 -0.855948 -1.23313 -6.57972 -0.904953 -1.39996 -6.58544 -0.961729 -1.3264 -6.58247 -0.120403 -0.402912 -6.59388 -0.276169 -0.251252 -6.58484 -0.192481 -0.192504 -6.59045 -1.70943 -1.78248 -6.59515 -0.0879454 -0.18983 -6.58814 -1.17065 -1.2958 -6.5789 -1.07789 -1.17533 -6.58085 0.0116503 -0.203097 -6.58242 -0.0265003 -0.323834 -6.58455 -0.95375 -1.11456 -6.57345 -1.33999 -1.74834 -6.59204 -0.911436 -1.03461 -6.5767 -0.733413 -1.38969 -6.58378 -0.65394 -1.28803 -6.58865 -0.568751 -1.47418 -6.59043 -0.659352 -0.879502 -6.55632 -1.22575 -2.07077 -6.588 -1.22315 -1.83992 -6.58268 -1.14351 -1.93351 -6.57348 -0.709643 -1.20092 -6.58306 -0.60065 -0.698214 -6.56423 -0.795176 -1.14964 -6.57151 -1.06751 -1.80279 -6.56176 -1.06329 -1.8819 -6.55929 -0.63675 -0.642599 -6.58007 -0.546256 -0.619889 -6.55409 -1.15807 -1.65111 -6.5785 -0.607084 -0.509437 -6.58288 -1.19608 -1.08076 -6.58801 -1.06999 -1.01412 -6.58178 -1.68896 -1.60046 -6.58655 -1.47333 -1.53663 -6.59024 -0.747169 -1.06657 -6.56199 -1.64693 -1.43866 -6.59152 -1.4474 -1.38575 -6.58899 -1.25265 -1.57119 -6.58308 -1.38263 -1.47842 -6.59037 -0.715665 -0.951613 -6.556 0.0976406 -0.329015 -6.57755 0.289049 -0.209091 -6.56451 -1.06217 -2.85521 -6.58326 0.315558 -0.330729 -6.5598 0.231814 -0.420773 -6.5653 -1.24797 -2.59814 -6.59362 -0.497615 -0.965969 -6.57827 -1.10379 -2.65681 -6.57911 -0.647706 -0.932034 -6.55842 -1.28702 -2.41135 -6.58953 -1.18298 -2.50117 -6.59341 -1.1312 -1.45198 -6.57869 -2.22711 -1.62819 -6.57469 -0.516203 -1.78887 -6.56325 -0.618048 -1.74755 -6.55411 -0.512848 -1.65587 -6.56854 -0.936258 -2.97101 -6.57046 -1.05206 -1.48395 -6.57833 -2.28265 -1.44185 -6.58377 -0.877129 -3.14926 -6.56929 -0.322064 -1.78562 -6.55838 -0.276041 -1.61539 -6.57821 -0.21603 -1.74891 -6.57234 -0.853185 -3.01813 -6.55667 -0.166972 -1.63356 -6.57278 -0.173649 -1.77917 -6.56444 -0.0316824 -1.76608 -6.54922 -0.401463 -1.79205 -6.55544 -0.981263 -2.8768 -6.57117 -0.412434 -1.5675 -6.57905 -0.952286 -1.79799 -6.55401 -0.98049 -2.80112 -6.56335 -2.11816 -1.8016 -6.58996 -0.86978 -2.79463 -6.55599 -1.02133 -1.62705 -6.56946 -2.00201 -1.79302 -6.57903 -1.9189 -1.7874 -6.5815 -0.862178 -1.76674 -6.56067 -0.906746 -1.56545 -6.57432 -0.705084 -1.64743 -6.55786 -2.07676 -1.65721 -6.5728 -1.92641 -1.64551 -6.57704 -0.428831 -1.45315 -6.58669 -1.84078 -1.6403 -6.57297 -1.19189 -2.3713 -6.58307 -1.06308 -2.43725 -6.57758 -1.07948 -2.38174 -6.5786 -0.110013 -1.56008 -6.56676 -2.03546 -1.50423 -6.58178 -1.27784 -2.22786 -6.58621 -1.16164 -2.29495 -6.57631 -0.172101 -1.46932 -6.57767 -1.91856 -1.36571 -6.5837 -1.84721 -1.5 -6.58305 -0.211344 -1.34511 -6.58478 -1.07955 -2.15651 -6.57557 -1.17837 -2.15307 -6.58145 -1.52087 -1.29652 -6.59039 -1.72145 -1.32196 -6.58234 -1.7819 -1.42396 -6.57898 -0.0748449 -1.39575 -6.56211 0.000219681 -1.52347 -6.57198 -1.24344 -1.30713 -6.57999 0.0718814 -1.46971 -6.56537 0.125847 -1.56815 -6.56058 -1.02491 -2.07407 -6.56555 -1.67739 -1.1625 -6.57984 -2.46769 -1.27276 -6.58597 0.232947 -1.3701 -6.5628 0.229471 -1.50565 -6.56074 -0.956362 -2.60139 -6.56059 -1.48883 -1.21082 -6.59398 0.342561 -1.48464 -6.55771 -0.973176 -2.41016 -6.56752 -0.881955 -2.53133 -6.55169 -0.838424 -2.41512 -6.55733 -0.380884 -1.31563 -6.5881 -0.956867 -2.29459 -6.56999 -1.23688 -1.20798 -6.57569 -1.36488 -1.09823 -6.59223 -2.18132 -1.29966 -6.59043 -2.35538 -1.22112 -6.58297 -0.8976 -2.20577 -6.55895 -2.2005 -1.20001 -6.5863 -2.29732 -1.09406 -6.58548 -0.955096 -2.13587 -6.55846 -0.473549 -0.823146 -6.5693 -0.474418 -0.903618 -6.57483 -0.589653 -0.840694 -6.5498 -2.5306 -1.00021 -6.55243 -0.557631 -0.755443 -6.55827 -0.447485 -0.734806 -6.57368 -0.380804 -1.14784 -6.58143 -0.343579 -0.912129 -6.57576 -0.321388 -0.814761 -6.57976 -0.255319 -1.14709 -6.58883 -2.39797 -0.904057 -6.55907 -2.28246 -0.86735 -6.56803 -2.20767 -0.905177 -6.58298 -0.165687 -1.27332 -6.58158 -0.494221 -0.6042 -6.55921 -0.51704 -0.679292 -6.55213 -0.402425 -0.614591 -6.57951 -1.97617 -1.24149 -6.59531 -0.283153 -0.6567 -6.58237 -2.08227 -1.1092 -6.59335 -1.81869 -1.13997 -6.58446 -0.111875 -1.21531 -6.57239 0.0788793 -1.21697 -6.55425 -0.19485 -0.797583 -6.56694 -0.233582 -0.590869 -6.58545 -0.146343 -0.681028 -6.57698 -0.0600074 -0.61472 -6.5755 -0.0568316 -0.700873 -6.56349 -0.34573 -1.05917 -6.57991 -1.94529 -1.00299 -6.59323 -0.247104 -1.02361 -6.57479 -2.082 -0.961144 -6.59214 -0.519717 -0.422541 -6.59133 -0.405016 -0.493107 -6.59063 -2.22027 -0.754053 -6.57713 -2.37881 -0.742833 -6.55413 -1.99132 -0.931291 -6.59257 -1.86553 -0.942661 -6.59081 -0.0981709 -1.07296 -6.55561 -0.41125 -0.33287 -6.59223 -1.99726 -0.795863 -6.59184 -0.144053 -0.955931 -6.55979 -1.97363 -0.602009 -6.59445 -0.191193 -0.435507 -6.59015 -0.072818 -0.471173 -6.5895 0.0418967 -0.485185 -6.57238 -1.15758 -3.67581 -6.57519 -1.09408 -3.67104 -6.56037 0.121458 -0.50333 -6.57103 0.102071 -0.650839 -6.55814 0.179205 -0.546334 -6.56797 -0.803757 -3.42339 -6.57191 -0.847292 -3.35521 -6.57808 -0.645555 -3.27798 -6.55807 -0.879429 -3.26898 -6.57243 -0.712233 -3.17054 -6.55204 -0.467243 -2.77198 -6.52973 -0.354458 -2.67324 -6.53265 -0.34459 -2.87512 -6.52511 0.714674 -0.267455 -6.5256 0.788262 -0.101304 -6.53521 0.839549 -0.261776 -6.52914 0.652095 -0.210354 -6.53355 0.500662 -0.349851 -6.54868 0.454382 -0.138201 -6.55454 0.536529 -0.103735 -6.54335 0.770258 -0.0493139 -6.53499 -0.176246 -2.76463 -6.52888 1.05044 -0.309188 -6.53765 0.937797 -0.371833 -6.52323 -0.00577353 -0.917717 -6.54359 -0.396202 -1.95525 -6.54003 -0.583012 -1.88821 -6.55708 0.00486978 -0.769896 -6.54787 0.944181 -0.182568 -6.54993 -0.407756 -2.58062 -6.52516 -0.473855 -2.62428 -6.52059 -0.650308 -2.56609 -6.538 0.179282 -0.843128 -6.53357 -0.246009 -2.03914 -6.51554 -0.195824 -1.9885 -6.52108 0.146641 -0.912179 -6.53571 -0.273923 -1.86918 -6.54658 0.568525 -2.19749 -6.53025 0.517789 -2.11213 -6.53282 0.648925 -2.16616 -6.51774 0.604771 -2.0099 -6.53456 -0.510691 -2.49673 -6.53661 0.486023 -1.99014 -6.53705 0.270732 -0.790939 -6.54305 0.287272 -0.966206 -6.53881 0.26167 -0.678897 -6.55481 -0.792795 -3.02897 -6.5528 -0.323674 -2.51831 -6.52419 -0.894282 -1.87202 -6.55401 -0.934953 -2.00794 -6.55713 0.602747 -1.85008 -6.53709 -0.643064 -3.13288 -6.53938 -0.828145 -1.90638 -6.54482 -0.851035 -2.01381 -6.54503 -0.774135 -1.96354 -6.53578 -0.714734 -3.03717 -6.53939 0.677195 -1.90745 -6.52007 0.396404 -0.916283 -6.53534 -0.531402 -3.20483 -6.52131 -0.189754 -1.87008 -6.53559 -0.0920336 -1.897 -6.53234 -0.0892327 -1.98799 -6.52972 0.840219 -1.88295 -6.531 0.758856 -1.93567 -6.52955 0.740541 -1.84924 -6.52583 0.454227 -0.757841 -6.53727 0.546833 -0.867563 -6.54596 0.5745 -1.77987 -6.53848 0.681624 -1.74257 -6.52792 0.588719 -1.707 -6.52415 0.47475 -1.75133 -6.52946 0.371371 -0.592194 -6.54264 -0.798737 -2.90369 -6.55645 0.795626 -2.02062 -6.51619 0.597845 -0.707148 -6.55036 -0.754882 -1.83288 -6.54436 0.429449 -1.60962 -6.54151 0.50183 -1.53391 -6.53415 -2.57727 -0.934523 -6.55488 -2.45686 -0.866474 -6.56018 -2.53794 -0.840458 -6.54723 0.63215 -1.5718 -6.51996 0.593422 -1.49144 -6.53264 0.366165 -0.462784 -6.54954 -0.638151 -2.95175 -6.53139 0.519219 -1.39113 -6.5278 0.601395 -1.41161 -6.52426 0.0918045 -1.66968 -6.54868 -0.0414346 -2.8542 -6.52672 -0.0430964 -2.63031 -6.53624 0.612894 -1.32699 -6.52844 0.465672 -1.3057 -6.53501 0.147082 -1.80735 -6.51453 -0.501489 -3.09458 -6.51706 0.556276 -1.21121 -6.52949 0.616587 -0.599856 -6.54466 -0.706143 -2.80247 -6.53225 -0.174466 -2.54275 -6.53173 -0.837237 -2.7224 -6.55219 0.451866 -1.0254 -6.53473 0.510605 -0.971174 -6.53716 0.585478 -1.08736 -6.53413 0.395817 -1.96707 -6.53482 0.297274 -2.03997 -6.53951 0.283047 -1.90094 -6.52196 -0.53644 -2.79573 -6.52513 0.694282 -1.01432 -6.52776 0.398997 -1.86621 -6.53728 0.314318 -1.78713 -6.5311 0.66599 -0.793793 -6.5471 0.782549 -0.841324 -6.53588 0.235472 -1.75266 -6.53579 0.356298 -1.6861 -6.53182 0.916634 -0.894811 -6.51867 0.761795 -1.05106 -6.51753 1.03331 -1.10932 -6.53252 0.961034 -1.11964 -6.53338 1.04036 -0.974259 -6.52707 -0.566836 -2.70157 -6.52311 -0.749476 -2.54781 -6.5406 -0.390733 -3.14103 -6.526 0.229538 -1.62056 -6.54362 -0.705199 -2.47855 -6.54073 0.748335 -0.729964 -6.53175 0.880985 -0.768185 -6.52021 -0.270549 -3.0174 -6.52443 -0.780112 -2.32215 -6.54899 0.727198 -0.568593 -6.53925 0.858052 -0.667221 -6.52499 -0.601059 -2.31769 -6.52902 0.416977 -1.41763 -6.54669 -0.0301125 -2.45592 -6.52827 1.10148 -0.773273 -6.53876 1.04953 -0.815135 -6.53228 1.02228 -0.68231 -6.53864 0.0376442 -1.37322 -6.55922 -0.689479 -2.27751 -6.54117 0.97162 -0.725333 -6.52518 1.11806 -0.688827 -6.53703 1.00996 -0.6391 -6.53803 0.874222 -0.605172 -6.52327 1.02561 -0.520995 -6.53487 1.09891 -0.642706 -6.53088 0.699865 -0.48315 -6.53514 0.129562 -1.28476 -6.54711 -0.760571 -2.15428 -6.55474 -0.538388 -2.15075 -6.54481 -0.452764 -2.22679 -6.53099 0.262984 -1.2572 -6.553 0.150939 -1.16233 -6.55587 -0.642121 -2.0974 -6.54618 0.859858 -0.436693 -6.5229 0.397399 -1.2769 -6.5368 1.09588 -0.567454 -6.53661 -0.376577 -3.01573 -6.52852 0.331323 -1.12442 -6.54763 -0.141422 -2.94241 -6.52661 0.429067 -1.15935 -6.54401 1.16071 -0.701546 -6.52914 1.16763 -0.596151 -6.53808 1.18985 -0.59239 -6.52945 0.115659 -1.07568 -6.54969 0.215398 -1.05621 -6.54824 1.1694 -0.418921 -6.53964 1.19853 -0.462097 -6.52715 1.12625 -0.389263 -6.53409 1.21233 -0.349112 -6.53073 0.0436318 -2.57228 -6.53178 -0.305735 -2.41192 -6.52929 -0.153707 -2.37157 -6.5308 -0.217258 -2.23558 -6.53268 -0.0112984 -2.35992 -6.53189 -0.0605923 -2.26534 -6.52086 0.00418411 -2.29989 -6.53157 -0.361078 -2.13772 -6.53869 -0.342422 -2.26671 -6.5252 -0.207938 -2.17878 -6.53357 -0.467203 -2.01031 -6.54251 -0.180026 -2.05512 -6.51843 -0.107335 -2.15575 -6.5355 0.1555 -2.43495 -6.52565 0.367715 -2.16399 -6.52547 0.688969 -2.06356 -6.52694 -0.462669 -3.00129 -6.52432 0.673337 -1.37353 -6.51884 0.646455 -1.44295 -6.51032 0.335265 -2.31619 -6.52632 0.236286 -2.14956 -6.51832 0.71108 -1.30774 -6.5146 -0.439758 -2.87204 -6.5222 0.672549 -1.4978 -6.50032 0.796398 -1.36682 -6.48438 0.795276 -1.2571 -6.50713 0.803113 -1.75746 -6.52585 0.691826 -1.27043 -6.50931 0.662244 -1.20086 -6.49757 0.482811 -2.23108 -6.51948 0.894965 -1.93338 -6.51855 0.75708 -1.11716 -6.51227 0.159593 -2.59623 -6.51763 0.994083 -1.88333 -6.51642 1.0081 -1.94959 -6.50265 0.884362 -1.24967 -6.50949 1.06655 -1.98106 -6.47638 1.0311 -1.90387 -6.4954 0.923115 -1.25446 -6.51301 0.961468 -1.27496 -6.50636 0.954257 -1.39252 -6.49627 0.281279 -2.60535 -6.50998 1.133 -0.847215 -6.4904 1.13867 -0.94081 -6.49347 1.09943 -0.876916 -6.51732 1.04483 -1.37882 -6.49089 0.938496 -1.79807 -6.52071 1.14772 -0.766943 -6.5096 -0.00123704 -1.97707 -6.52078 0.833419 -1.08787 -6.52212 0.851542 -1.65194 -6.48958 0.966476 -1.66268 -6.49174 1.06809 -1.21132 -6.50259 1.19469 -0.66537 -6.49055 1.02599 -1.76311 -6.47919 1.20304 -0.55446 -6.5107 0.121672 -2.01823 -6.51697 1.20669 -0.45204 -6.48026 0.179409 -1.89429 -6.51596 0.695221 -1.63822 -6.5153 0.707782 -1.55809 -6.49356 0.827721 -1.60681 -6.48594 0.280255 -2.47657 -6.51714 0.903988 -1.00147 -6.51666 -0.372296 -2.46596 -6.5203 -0.393172 -2.35445 -6.52286 0.543229 -2.36535 -6.52066 0.921764 -1.59675 -6.49611 0.99366 -1.54372 -6.49327 0.911783 -1.50033 -6.48772 1.09473 -1.10023 -6.51604 0.653684 -2.31697 -6.51188 0.583761 -2.26905 -6.51757 0.740912 -2.22617 -6.51364 1.10283 -1.31293 -6.4977 1.13357 -1.26914 -6.49437 1.13371 -1.10921 -6.51185 1.16165 -1.19904 -6.49117 1.16839 -1.08146 -6.49659 1.12176 -1.0234 -6.50461 0.842411 -2.10609 -6.50377 0.868078 -2.02944 -6.4971 0.964721 -2.05519 -6.47736 0.243507 -2.32039 -6.51468 0.10078 -2.23667 -6.52178 0.389196 -2.41546 -6.52389 0.424259 -2.34033 -6.50669 0.054256 -2.16237 -6.51981 1.04545 -1.66972 -6.4818 1.14964 -1.63593 -6.43927 1.10995 -1.7015 -6.44014 1.15359 -0.880212 -6.44718 1.159 -0.833026 -6.43844 1.09909 -1.56869 -6.46672 1.15004 -0.785689 -6.43254 1.20016 -0.729924 -6.42953 1.20601 -0.686913 -6.43319 1.09457 -1.48559 -6.48247 1.19622 -0.540134 -6.44047 1.13983 -1.44435 -6.47271 1.12238 -1.5259 -6.4565 1.05205 -1.82289 -6.45736 0.8284 -1.46758 -6.48176 0.844079 -1.40812 -6.47629 0.824386 -1.54688 -6.47633 1.1504 -1.28992 -6.43741 1.18229 -1.02505 -6.47012 1.18764 -0.991286 -6.43937 1.10317 -1.91163 -6.4074 1.14676 -1.44228 -6.42509 1.12769 -1.84579 -6.37421 1.1144 -1.76015 -6.4199 1.18464 -1.18117 -6.42723 1.194 -1.05875 -6.41209 1.15112 -1.52247 -6.40289 1.19476 -0.63891 -6.35811 1.16649 -1.41156 -6.37897 1.17446 -1.32809 -6.3739 1.20511 -1.20172 -6.38306 1.21034 -1.13332 -6.39766 1.20394 -0.912335 -6.33531 1.18761 -0.79867 -6.39176 1.20571 -0.780945 -6.34629 1.2047 -0.68946 -6.36341 1.19169 -1.56801 -6.35962 1.20142 -1.65426 -6.33391 1.19467 -1.45256 -6.34561 1.20094 -1.28617 -6.34051 1.2123 -1.15455 -6.35758 1.2129 -1.0438 -6.34785 1.21613 -0.718216 -6.29343 1.1544 -1.74896 -6.35057 1.21176 -1.54558 -6.30282 1.16785 -1.83526 -6.31539 1.21727 -1.35559 -6.30034 1.20269 -1.17898 -6.26104 1.22414 -0.97535 -6.29535 1.21575 -0.657083 -6.32228 1.22732 -0.540704 -6.32607 1.24882 -0.452595 -6.29346 1.22244 -0.573631 -6.28933 1.23855 -0.464842 -6.26205 1.19343 -1.75437 -6.29101 1.21098 -1.67024 -6.29223 1.21779 -1.47395 -6.29005 1.22896 -1.40243 -6.28841 1.2012 -1.2452 -6.29982 1.2142 -1.10154 -6.29024 1.21363 -0.896466 -6.29045 1.21146 -0.545761 -6.2531 1.20123 -1.69637 -6.25381 1.20141 -1.5745 -6.26427 1.20881 -1.47451 -6.25707 1.23253 -1.4004 -6.25576 1.19223 -1.29529 -6.25976 1.20384 -1.09304 -6.25686 1.20046 -1.00836 -6.25668 1.19891 -0.90503 -6.26111 1.20234 -0.752866 -6.25687 1.19232 -0.65464 -6.26044 1.13459 -0.88973 -6.22313 1.1714 -0.937893 -6.24377 1.17025 -0.790105 -6.23738 1.12075 -0.7575 -6.22341 1.12683 -0.685666 -6.22377 1.16116 -0.567896 -6.2336 1.06713 -0.602492 -6.21471 1.10014 -0.445451 -6.23179 1.18073 -0.47979 -6.24705 1.17207 -1.65061 -6.21155 1.1652 -1.5449 -6.21708 1.16564 -1.48833 -6.22476 1.14642 -1.41317 -6.21994 1.2026 -1.4027 -6.23752 1.13966 -1.35485 -6.21983 1.16995 -1.33124 -6.22957 1.10889 -1.24552 -6.21463 1.16725 -1.20748 -6.23687 1.08643 -1.17682 -6.22267 1.06714 -1.119 -6.22894 1.16511 -1.0742 -6.23286 1.09345 -1.0239 -6.22567 1.09848 -0.948796 -6.21152 1.02165 -0.587851 -6.19225 1.04318 -0.633053 -6.1841 1.11793 -0.885612 -6.18523 1.11033 -0.701471 -6.18665 1.15507 -1.59097 -6.15788 1.1375 -1.50275 -6.17636 1.08676 -1.25605 -6.18095 1.03597 -1.14503 -6.17461 1.03772 -1.08565 -6.16881 1.09918 -1.35095 -6.18617 1.06137 -1.03154 -6.16875 1.03994 -1.24475 -6.09757 1.07294 -1.38476 -6.08988 1.10098 -0.677976 -6.15393 1.01961 -0.615162 -6.15137 1.11096 -0.89795 -6.11963 1.128 -0.8171 -6.1331 1.12109 -0.71174 -6.15417 1.11118 -1.57153 -6.09996 1.026 -1.31186 -6.07066 1.06575 -0.991838 -6.11939 1.04341 -0.627594 -6.13514 1.12018 -0.709065 -6.09432 1.10155 -0.65172 -6.09984 0.990852 -1.17729 -6.08266 0.975245 -1.12474 -6.06135 1.02029 -1.03516 -6.06792 1.05487 -0.97761 -6.08977 1.0978 -0.862048 -6.0886 1.1158 -0.788694 -6.07803 1.06465 -0.59797 -6.05553 1.05338 -1.41876 -6.05203 0.993556 -1.23826 -6.05206 0.944102 -1.16885 -6.03534 0.975232 -0.964518 -6.03409 1.0276 -0.898361 -6.05572 1.10332 -0.732042 -6.05174 1.10163 -0.665184 -6.02693 1.09791 -0.631839 -6.03566 1.04706 -0.752021 -6.03033 1.07672 -0.666625 -6.00954 1.05378 -0.586381 -6.02031 0.998929 -1.41672 -6.01668 0.969148 -1.31155 -6.02694 0.895517 -1.1158 -5.99356 0.959188 -1.06503 -6.01546 0.911488 -0.943435 -5.98975 1.00813 -0.82511 -6.00885 1.05592 -0.624485 -5.99231 1.00146 -0.586222 -5.96052 0.860884 -1.30329 -5.98041 0.833485 -1.17481 -5.99743 0.875489 -1.03428 -5.96992 0.911042 -0.875256 -5.96096 0.869033 -0.817677 -5.9317 0.907663 -0.775128 -5.94503 0.994654 -0.704306 -6.00078 0.73901 -1.1242 -5.96108 0.81534 -1.08835 -5.94488 0.838632 -1.00599 -5.93792 0.861349 -0.898619 -5.91651 0.900001 -0.646735 -5.92048 0.980787 -0.617698 -5.95053 0.511639 -1.10268 -5.9386 0.396494 -1.04003 -5.9717 0.371216 -1.05253 -6.00816 0.697996 -1.21278 -5.96767 0.663986 -1.16492 -5.96381 0.590348 -1.13527 -5.94409 0.658073 -1.13736 -5.94934 0.578516 -1.0698 -5.90921 0.487643 -0.984157 -5.93981 0.777038 -1.06243 -5.90778 0.827684 -0.846658 -5.88818 0.830018 -0.753505 -5.91861 0.613584 -1.10536 -5.91343 0.930175 -0.559125 -5.91665 0.710777 -1.06338 -5.90718 0.565724 -0.930031 -5.91333 0.645647 -0.990722 -5.90116 0.604332 -0.914863 -5.88801 0.663811 -0.968797 -5.88236 0.735559 -0.986775 -5.87857 0.776877 -0.98101 -5.88417 0.775801 -0.913444 -5.84604 0.800678 -0.75825 -5.88775 0.816866 -0.691481 -5.90121 0.682371 -0.905331 -5.82282 0.704434 -0.93692 -5.83066 0.690014 -0.81224 -5.81569 0.760649 -0.706149 -5.84142 0.772471 -0.82132 -5.83576 0.726957 -0.856852 -5.81082 -0.999778 2.92081 -6.64304 -1.13224 2.94329 -6.66204 -1.14511 3.03296 -6.64689 -1.0556 3.04958 -6.62899 -0.955233 2.98289 -6.63249 -1.09946 3.13104 -6.63456 -1.05163 3.19503 -6.62448 -1.13806 3.20166 -6.65669 -1.10038 3.28117 -6.63433 -0.57713 2.85027 -6.61278 -0.546998 3.04089 -6.59516 -0.357806 2.78302 -6.59952 -0.415274 2.98137 -6.59099 -0.591586 3.0294 -6.5991 -0.857513 2.99054 -6.62417 -0.751095 3.03089 -6.60471 -0.9913 3.10799 -6.61895 -0.920648 3.18496 -6.60702 -0.996958 3.20701 -6.611 -0.721398 3.28752 -6.56536 -1.03087 3.31551 -6.6073 -0.105441 2.5525 -6.59616 -0.159484 2.67427 -6.59627 -0.0304602 3.11324 -6.56586 -0.157708 3.10421 -6.57026 -0.100107 3.24955 -6.56939 1.00271 3.92706 -6.5604 1.02378 3.96374 -6.58924 1.06482 3.96925 -6.57175 0.914931 3.93652 -6.53757 0.893739 4.01059 -6.57425 1.0251 4.00649 -6.58505 0.977115 4.03352 -6.56221 -0.413095 3.1945 -6.58153 -0.331201 3.29237 -6.58586 -0.283336 3.14517 -6.58138 1.05215 4.03999 -6.55741 -0.49896 3.23433 -6.58847 -0.522223 3.27586 -6.58723 -0.539797 3.36761 -6.57852 -0.355863 3.41041 -6.58316 -0.613975 3.50158 -6.56883 -0.250734 3.40368 -6.57705 -0.170758 3.56411 -6.55529 -0.132735 3.45924 -6.55979 0.0412584 3.33137 -6.54597 -0.657484 3.13479 -6.58369 0.155556 3.12682 -6.55017 0.0910157 2.91978 -6.57929 0.239641 2.93721 -6.57429 -0.590128 3.1246 -6.5864 -0.657236 3.31003 -6.56576 0.449071 2.84039 -6.55396 0.332121 3.0326 -6.55306 -0.924465 3.47379 -6.58423 -1.06258 3.56884 -6.59392 -0.950397 3.72385 -6.57889 -0.862755 3.62759 -6.58068 -0.791749 3.71924 -6.56324 -0.711609 3.53353 -6.56831 -0.581473 3.648 -6.54936 -0.953703 3.82778 -6.57807 -0.825007 3.85862 -6.55813 -0.860744 3.95967 -6.56632 0.0360125 2.36105 -6.58376 -0.808399 4.03539 -6.57796 -0.866597 3.99952 -6.55934 -0.71168 3.9161 -6.55554 -0.690585 4.00664 -6.57776 -0.610957 3.89704 -6.55899 -0.600194 3.98987 -6.58471 -0.828498 4.05809 -6.56465 -0.697993 4.0404 -6.57741 -0.692859 4.065 -6.56121 -0.601067 4.04889 -6.57447 -0.480345 4.00512 -6.58446 -0.201426 2.92375 -6.58201 -0.510172 3.65884 -6.55477 -0.300073 3.52356 -6.56643 0.0963281 2.63642 -6.58537 -0.00336732 2.7987 -6.58639 -0.273298 3.73576 -6.56105 -0.312164 3.76543 -6.55988 -0.300958 3.87743 -6.56291 -0.443613 3.95837 -6.58252 -0.507672 3.91207 -6.54534 -0.41532 3.97539 -6.5771 -0.453181 4.02564 -6.56649 -0.34808 3.85585 -6.54022 -0.363353 3.9381 -6.56589 -0.290012 3.95863 -6.57622 -0.363103 3.9756 -6.56322 -0.242322 3.90936 -6.57073 -0.209094 3.99479 -6.57007 -0.249459 4.00764 -6.56246 -0.125897 3.93738 -6.55627 -0.0707217 4.00783 -6.56978 -0.493922 4.04428 -6.55396 -0.156309 4.03531 -6.56176 -0.0719625 4.04242 -6.56386 0.00891185 4.03969 -6.55469 0.024203 4.01596 -6.56183 0.248057 2.56132 -6.58232 0.171247 2.71295 -6.5798 0.289683 2.72382 -6.57117 0.423624 2.62996 -6.56146 0.438618 2.54391 -6.57052 0.23997 2.80385 -6.57949 -0.503627 3.11696 -6.59061 0.100586 4.04046 -6.55253 0.0963199 4.05893 -6.52924 0.18871 4.04716 -6.53477 0.144426 3.99209 -6.55951 0.279243 4.00593 -6.54903 0.328595 4.03999 -6.52851 -0.00477774 3.48091 -6.55126 0.37853 3.9948 -6.53754 0.279199 3.12043 -6.54718 0.495376 4.00206 -6.53511 0.19502 3.24737 -6.54584 0.50153 2.88949 -6.54623 0.594054 3.04356 -6.53533 0.603864 2.58785 -6.54864 0.477759 2.70248 -6.5396 0.384248 3.20608 -6.55028 0.187152 3.34034 -6.5428 0.546487 2.81043 -6.54452 0.122617 3.45534 -6.54005 0.27973 3.40106 -6.5395 0.388442 3.29348 -6.55232 0.709837 2.79555 -6.52867 0.510042 3.23226 -6.54536 0.417341 3.43101 -6.54238 -0.925847 3.98539 -6.56671 -0.906156 4.00723 -6.52958 -0.691118 3.81012 -6.5488 0.668582 3.30331 -6.54087 -0.523515 3.73893 -6.55112 0.81424 3.32838 -6.53523 0.679929 3.40052 -6.54637 0.521762 3.48814 -6.54496 0.80733 3.4803 -6.52317 0.595014 3.57477 -6.53855 -0.847389 4.05561 -6.52529 0.710165 3.57219 -6.53349 -0.781014 4.07117 -6.52883 -0.624634 4.06817 -6.52707 -0.367827 3.68487 -6.55855 0.634855 3.74166 -6.53556 0.54372 3.72862 -6.5334 0.833082 3.83069 -6.5379 -0.467844 3.76289 -6.54365 0.848775 3.62465 -6.52456 0.957545 3.71073 -6.51338 0.633008 3.86415 -6.52825 0.462873 3.8854 -6.53644 0.755102 3.85108 -6.53999 0.861515 3.95496 -6.54252 0.540071 3.94368 -6.54169 0.634373 3.99715 -6.55183 0.745918 3.95734 -6.55186 -0.014649 3.66757 -6.54826 0.0602595 3.58959 -6.54273 0.724661 4.0045 -6.55288 -0.132794 3.73205 -6.54792 1.07747 3.73308 -6.51554 0.986479 3.84383 -6.53389 0.857743 4.00611 -6.54283 -0.454672 3.85954 -6.5316 -0.386665 3.82046 -6.5109 1.06381 3.89594 -6.55172 1.09473 3.88417 -6.54813 1.13475 3.80704 -6.53002 1.19361 3.90345 -6.5503 1.24499 3.7995 -6.5348 1.23108 3.71587 -6.52834 -0.365524 4.00696 -6.53325 1.29209 3.85697 -6.54871 1.33493 3.80057 -6.52489 1.34967 3.84411 -6.53432 1.10308 3.93827 -6.54453 -0.102606 3.90817 -6.55429 1.19627 3.95651 -6.53721 1.10069 3.99362 -6.50679 1.14818 3.96941 -6.52223 1.07676 4.00684 -6.52869 0.110883 3.81772 -6.54345 1.29827 3.90086 -6.54976 1.32768 3.92892 -6.53266 1.22691 3.9798 -6.51212 0.58196 4.04144 -6.52924 0.686789 4.04518 -6.53873 0.743457 4.04007 -6.52648 0.887206 4.02456 -6.52949 1.02343 4.06049 -6.52973 1.08422 4.04563 -6.52844 0.259867 3.54392 -6.5332 0.147112 3.70234 -6.52798 0.348093 3.64009 -6.52564 0.283878 3.81386 -6.5365 -0.399572 4.02749 -6.49294 -0.272958 4.02596 -6.52328 -0.192393 4.04582 -6.54084 -0.0993381 4.05836 -6.52266 -0.0794616 4.06032 -6.5298 0.00313895 4.06107 -6.51666 1.09139 3.27603 -6.49553 1.32957 3.36193 -6.5097 1.28038 3.2468 -6.50557 1.33265 3.19733 -6.51428 1.28903 3.42251 -6.50214 1.04259 3.3902 -6.48278 0.757561 3.01041 -6.51426 -0.603107 4.05642 -6.42929 -0.470351 4.0505 -6.41158 -0.235267 4.04006 -6.4471 1.35958 3.15086 -6.49457 1.3689 3.24753 -6.49105 1.36927 3.33139 -6.49224 1.37144 3.48113 -6.49228 -0.154244 4.05196 -6.47357 -0.0519539 4.04909 -6.4672 0.153911 4.05266 -6.48652 0.292342 4.05357 -6.49568 0.930021 3.52029 -6.49163 0.939648 3.59419 -6.48742 0.437303 4.05092 -6.48784 0.514589 4.05123 -6.50437 1.08323 3.59755 -6.49217 1.29322 3.58366 -6.50539 1.23853 3.48816 -6.50312 1.19131 3.58497 -6.50607 1.24565 3.64393 -6.51566 1.37301 3.54784 -6.49881 1.32863 3.66215 -6.50405 1.3004 3.7303 -6.51768 1.33826 3.71562 -6.51596 1.3717 3.66912 -6.49244 1.37208 3.74424 -6.49321 1.3382 3.76723 -6.51445 1.33407 3.94285 -6.49423 1.36475 3.80163 -6.49427 1.36064 3.88849 -6.49307 0.601275 4.05157 -6.49586 0.711262 4.04822 -6.48443 0.892336 4.02998 -6.49647 0.965965 4.05504 -6.48631 1.0573 4.04444 -6.49434 0.858553 2.83042 -6.5244 0.873182 3.0383 -6.50662 0.829042 3.17243 -6.51344 1.06857 2.9766 -6.51389 0.931533 3.10886 -6.50151 1.01896 3.15315 -6.49916 1.13928 3.08825 -6.49738 0.92786 3.24871 -6.51302 1.01724 3.30928 -6.49696 1.00163 3.43829 -6.48146 1.15273 2.99663 -6.50551 1.24588 3.00709 -6.50693 1.32668 3.13223 -6.51766 1.30837 3.01904 -6.52122 1.33768 3.00787 -6.51787 1.07674 3.46332 -6.47961 1.36983 3.18986 -6.46053 1.37547 3.26187 -6.45991 1.37156 3.32665 -6.43263 1.3923 3.49373 -6.45836 -0.896474 4.02531 -6.43258 -0.841953 4.04784 -6.38243 -0.749757 4.05847 -6.40975 0.00506122 4.04406 -6.44256 0.148051 4.0347 -6.40375 0.261255 4.03992 -6.42996 0.383089 4.02606 -6.42552 0.550905 4.0552 -6.45716 1.381 3.63952 -6.46023 1.35678 3.12192 -6.46288 1.37275 3.78488 -6.46164 1.1117 3.99344 -6.45409 1.18514 3.99326 -6.432 1.2347 3.9912 -6.42656 1.29384 3.95972 -6.43506 1.36716 3.82132 -6.4497 0.643772 4.02083 -6.40639 0.810478 4.01667 -6.41057 0.896315 4.01357 -6.43135 0.958438 4.04457 -6.43351 1.06906 4.01299 -6.40624 1.02718 4.02598 -6.39499 -0.321799 4.0392 -6.39436 1.38393 3.47819 -6.42217 1.36492 3.67088 -6.41221 1.36769 3.73725 -6.42613 1.33628 3.89328 -6.39419 0.687381 4.02159 -6.38301 0.465006 4.02732 -6.35427 0.945458 4.02771 -6.37411 1.35248 3.17738 -6.4179 -0.590914 4.04431 -6.36396 -0.371119 4.0365 -6.32171 1.10056 3.98913 -6.3602 1.17215 3.97864 -6.34998 -0.143445 4.03412 -6.34563 1.30233 3.93592 -6.33889 1.27358 3.97528 -6.38662 1.32793 3.86273 -6.29644 0.533221 4.02811 -6.34532 0.59553 4.02417 -6.34108 0.430557 4.02296 -6.32552 0.316857 4.02875 -6.32486 1.32097 3.24703 -6.34501 0.889096 4.00517 -6.3526 -0.89623 4.04213 -6.38362 -0.499746 4.04921 -6.32506 -0.307392 4.03044 -6.32625 1.30605 3.37318 -6.28055 1.33301 3.61968 -6.33414 -0.0784187 4.03413 -6.32468 1.06774 4.02111 -6.31852 1.22876 3.98096 -6.33258 0.058166 4.03245 -6.33625 0.617438 4.02978 -6.32665 0.764655 4.00406 -6.33513 0.833703 4.023 -6.33448 -0.73372 4.03488 -6.332 1.30782 3.15038 -6.31569 -0.219729 4.02276 -6.29268 1.28637 3.44521 -6.2363 0.210618 4.02778 -6.29557 -0.908807 4.0484 -6.32548 -0.806916 4.04552 -6.32393 -0.642412 4.04171 -6.32352 1.31462 3.91229 -6.28314 1.26847 3.97685 -6.28785 1.23816 3.99042 -6.28669 0.662792 4.05017 -6.315 0.725339 4.0414 -6.30273 0.977802 4.03007 -6.28329 -0.856755 4.10291 -6.29275 -0.736082 4.04191 -6.30386 -0.702159 4.08897 -6.28737 -0.526788 4.07203 -6.30064 -0.581895 4.09447 -6.29123 -0.422151 4.05738 -6.28901 -0.359935 4.07144 -6.28706 -0.300592 4.03739 -6.28529 -0.152434 4.02434 -6.28965 -0.0904428 4.03701 -6.28144 -0.00514968 4.03903 -6.2895 0.413836 4.01324 -6.26022 0.51394 4.03989 -6.27467 1.30179 3.71308 -6.25919 1.13559 4.00954 -6.30077 1.18792 3.98617 -6.25592 0.586567 4.02245 -6.28639 0.804959 4.03015 -6.26967 0.881814 4.03605 -6.25868 -0.824593 4.10404 -6.25613 -0.704062 4.10406 -6.2548 -0.510367 4.09792 -6.25633 -0.348368 4.09315 -6.25702 -0.287841 4.0843 -6.26145 -0.182948 4.0397 -6.26323 -0.207217 4.08609 -6.25815 -0.123827 4.04212 -6.26848 -0.101853 4.0778 -6.25501 -0.0186522 4.07596 -6.24676 0.0750816 4.04336 -6.26361 0.20146 4.03954 -6.25823 0.318708 4.03148 -6.24676 1.27213 3.17567 -6.23414 1.26875 3.2995 -6.22343 1.29659 3.61457 -6.22419 1.30711 3.83367 -6.24782 1.12245 4.00646 -6.22795 1.27725 3.93871 -6.19115 0.552999 4.04434 -6.23193 0.633167 4.05709 -6.20716 0.754246 4.03627 -6.21898 -0.501942 4.08982 -6.22427 -0.254024 4.09457 -6.22228 -0.123037 4.09477 -6.22369 0.052054 4.09091 -6.22854 0.172316 4.08765 -6.22545 0.22947 4.08021 -6.22719 0.425023 4.0303 -6.22198 -0.535424 2.64072 -6.25045 -0.578457 2.8109 -6.25087 -0.679659 2.63843 -6.2583 -0.743614 4.09464 -6.22287 1.27717 3.70602 -6.18262 -0.848149 2.83309 -6.25553 -0.627343 2.88061 -6.24567 1.24381 3.9782 -6.1869 0.588233 4.06384 -6.18934 -0.712778 2.95266 -6.24474 0.9683 4.01977 -6.21416 -0.632504 3.0006 -6.23455 -0.507938 2.97069 -6.23464 -0.696821 3.0596 -6.23942 -0.640485 3.1225 -6.23362 -0.79548 3.2984 -6.22009 -0.615997 3.43425 -6.21253 -0.492306 3.22962 -6.22291 -0.423319 2.60012 -6.22394 -0.354286 2.67453 -6.23784 -0.429673 2.7505 -6.21004 -0.46467 2.64369 -6.22598 -0.518028 2.7317 -6.24378 -0.463447 2.7232 -6.21974 -0.466418 2.85037 -6.23818 -0.406868 2.90745 -6.22897 -0.422629 4.04916 -6.1811 -0.522226 4.07217 -6.19984 -0.625968 4.04645 -6.18752 -0.3673 3.40863 -6.1997 -0.27347 3.18039 -6.20759 -0.0865577 3.45716 -6.18738 -0.279247 4.07322 -6.18822 -0.0897586 2.96434 -6.20592 0.0390618 2.90888 -6.20355 0.00758159 3.19278 -6.18609 0.176143 3.03621 -6.19519 0.273086 2.8847 -6.20395 -0.174014 4.07899 -6.18352 -0.0704663 4.08558 -6.17846 -0.00121949 4.08683 -6.18376 0.311729 3.12235 -6.18763 0.154787 4.094 -6.18685 0.438998 2.9634 -6.18977 0.536582 3.058 -6.18282 0.276088 4.08125 -6.1884 0.378106 4.05772 -6.18874 0.480088 4.06265 -6.18928 -0.789003 3.41349 -6.21771 1.2336 3.22766 -6.19239 1.24337 3.37621 -6.18028 1.27087 3.54155 -6.18872 -0.721717 3.60788 -6.2018 1.26087 3.7579 -6.1613 1.19479 3.99514 -6.18943 1.11322 4.00607 -6.1921 0.769469 4.046 -6.1882 0.8866 4.05706 -6.18702 -0.385772 3.69325 -6.17954 -0.679998 3.98376 -6.18358 1.05996 4.02234 -6.15775 0.97294 4.02253 -6.15746 -0.779485 4.00517 -6.18689 -0.35615 2.82277 -6.20779 -0.314282 2.78662 -6.22677 -0.364732 2.84889 -6.20558 -0.285572 2.87203 -6.19271 -0.300186 2.95172 -6.21276 -0.183214 2.87159 -6.19174 -0.86858 4.04109 -6.19445 -0.731114 4.07538 -6.20365 -0.158808 2.78054 -6.22199 -0.170884 2.90025 -6.19243 -0.0852146 2.83375 -6.18625 -0.0406628 2.84285 -6.18198 0.296828 3.24967 -6.17754 0.520133 3.20034 -6.17199 0.722637 3.18609 -6.16786 0.706552 3.09021 -6.1737 0.124472 3.37803 -6.1792 0.920568 3.18908 -6.15556 -0.0286216 3.69932 -6.16507 0.0445068 3.51734 -6.1767 0.528727 3.38104 -6.15876 0.796091 3.35573 -6.15576 -0.181841 3.76438 -6.16396 0.349742 3.57881 -6.16437 -0.516561 3.99625 -6.17346 1.19038 3.32128 -6.15531 1.18367 3.20098 -6.15043 1.22309 3.48268 -6.15334 -0.357014 3.99278 -6.16895 1.2321 3.62477 -6.14516 1.06628 4.01248 -6.13978 1.16044 3.97656 -6.15261 1.23569 3.93236 -6.16103 0.586608 4.05451 -6.15562 0.715296 4.05492 -6.15448 0.791796 4.04221 -6.14362 0.90219 4.04718 -6.15242 -0.191973 3.99162 -6.15525 -0.00114149 3.86122 -6.15314 -0.0712386 4.00327 -6.14752 0.188537 3.75973 -6.1596 0.0358806 2.80012 -6.18534 0.473759 3.74142 -6.14988 0.323811 3.91102 -6.14368 -0.157155 4.03331 -6.15555 -0.00532427 4.04608 -6.15348 0.172592 4.07586 -6.1533 0.28658 4.07251 -6.15584 0.368907 4.05637 -6.15434 0.459639 4.06155 -6.15464 0.693635 3.54795 -6.14837 1.01017 3.24496 -6.15254 1.14867 3.22391 -6.14356 0.943946 3.41164 -6.14581 1.15998 3.39967 -6.14561 0.140757 3.94374 -6.14145 0.132122 4.03288 -6.13856 0.221805 4.00422 -6.13161 1.12244 3.16085 -6.14793 1.15893 3.49501 -6.13567 0.603045 3.8104 -6.13803 0.533247 3.86912 -6.13383 0.352885 4.00789 -6.13288 0.788054 3.6757 -6.13512 0.490729 4.00855 -6.12767 0.94146 3.62912 -6.13152 1.07898 3.64727 -6.13449 0.822364 3.79765 -6.12653 0.241031 4.0399 -6.13552 1.07381 3.77523 -6.12761 0.377874 4.03796 -6.13995 0.47739 4.04044 -6.13629 0.577688 4.03898 -6.14021 0.628802 3.99391 -6.11995 0.804813 3.96666 -6.11408 0.923506 3.84478 -6.11756 1.00411 3.85909 -6.11952 0.866585 3.90962 -6.11891 0.943304 3.9974 -6.12653 1.07799 3.96897 -6.12443 1.19877 3.56863 -6.13142 1.16878 3.564 -6.12577 1.18027 3.70375 -6.12831 1.16353 3.78605 -6.12084 1.13654 3.90648 -6.12561 0.721886 4.04018 -6.13598 0.780615 4.00712 -6.11887 0.474773 2.26002 -6.56868 0.669597 2.25577 -6.56587 0.598818 2.08979 -6.56226 0.726572 2.18953 -6.56202 0.486941 2.35261 -6.57167 0.589991 2.41483 -6.55827 0.225763 1.754 -6.5608 0.425158 1.7883 -6.55704 0.146755 2.29026 -6.5883 0.340618 2.48312 -6.58133 0.298287 1.98318 -6.57937 0.114747 2.1125 -6.59005 0.329073 2.1574 -6.58241 0.469856 1.86138 -6.55471 0.408814 2.01476 -6.5788 0.460699 2.00077 -6.57381 0.390399 2.22237 -6.57473 0.532955 2.03838 -6.57214 0.65038 0.0104883 -6.5422 0.794099 2.51092 -6.5485 0.880306 2.1378 -6.54755 0.839614 2.0523 -6.53675 0.246036 1.34202 -6.52948 0.878723 2.2624 -6.5511 1.08415 2.06946 -6.51405 0.982754 2.17313 -6.53046 0.572858 0.248104 -6.53191 1.01831 2.32142 -6.54481 1.1231 2.18731 -6.52378 1.152 -0.251377 -6.54172 1.13363 -0.192769 -6.54829 0.724259 2.67419 -6.53914 0.332339 1.38656 -6.51455 0.523287 0.446893 -6.51226 0.940269 2.38222 -6.54766 0.917062 2.55182 -6.53422 0.981758 -0.0427948 -6.54393 1.18711 2.33244 -6.51864 1.05896 2.40084 -6.53738 0.398743 1.5842 -6.52455 0.906576 0.0237601 -6.53524 1.03467 2.52351 -6.53773 1.12246 -0.0938248 -6.5424 0.58598 1.64283 -6.52417 0.549149 1.57793 -6.51492 1.08803 -0.0203704 -6.54651 0.991843 2.67982 -6.52791 1.11745 2.62865 -6.52101 0.651085 1.84511 -6.54493 0.778278 1.6465 -6.51791 0.832947 1.82409 -6.51873 0.69507 1.97311 -6.54569 0.778229 0.0689374 -6.54041 0.808163 1.9336 -6.53397 0.573097 0.184476 -6.5445 0.792336 0.185432 -6.52488 0.99738 0.0500505 -6.51913 0.942462 0.120917 -6.5114 1.09317 0.0934456 -6.51753 1.14878 2.50441 -6.52963 0.864547 0.137089 -6.52586 1.20994 -0.27254 -6.53826 1.17755 -0.189686 -6.52825 1.16099 -0.126667 -6.52669 0.370306 0.950206 -6.5106 1.14095 0.0249886 -6.51934 0.358453 1.13534 -6.53216 0.393187 1.22284 -6.52532 0.939342 1.87914 -6.51485 0.661777 1.53973 -6.50531 0.53882 1.46586 -6.49536 1.03427 1.98636 -6.50155 1.09535 1.91858 -6.502 1.05015 1.81213 -6.50382 0.739777 0.338735 -6.51157 0.499529 0.598367 -6.52463 0.485902 0.708522 -6.50012 0.567914 0.577485 -6.51855 0.889515 1.56433 -6.49239 0.796032 0.471704 -6.51979 0.890948 0.377581 -6.51702 0.457049 0.792228 -6.49578 0.722365 0.544825 -6.52984 0.925095 0.22046 -6.52185 0.905699 1.72078 -6.50845 0.993521 0.267832 -6.52364 1.08859 2.75264 -6.52157 1.02006 0.242348 -6.51727 1.03595 0.27491 -6.49457 1.05242 0.196943 -6.49622 0.962039 0.372052 -6.51931 0.997765 0.313436 -6.51923 1.02194 0.314299 -6.49298 0.896294 0.435866 -6.51836 1.00166 0.377196 -6.49498 0.967441 0.438908 -6.49373 0.919729 0.465203 -6.49365 1.04189 1.67528 -6.50012 1.22763 -0.352339 -6.4943 1.20032 1.59976 -6.50043 0.737796 0.57732 -6.52856 0.629889 0.655171 -6.50372 1.20333 1.95151 -6.51331 1.19997 1.7837 -6.50713 0.814465 0.537584 -6.51137 1.25453 2.53358 -6.51579 0.801193 0.631054 -6.48645 1.24539 1.75337 -6.49834 1.23537 1.59654 -6.49372 1.23692 1.87917 -6.51192 1.26144 1.90167 -6.49425 1.30426 2.34513 -6.52148 1.33888 2.53794 -6.5104 1.34473 2.37068 -6.50369 0.632198 0.693198 -6.49447 1.23676 1.99504 -6.51291 1.24757 2.00832 -6.49585 1.3087 2.52671 -6.52014 0.917634 0.524715 -6.49151 1.00875 0.149076 -6.49796 1.20128 2.08113 -6.52055 1.06768 0.148915 -6.50454 1.22888 2.65559 -6.50085 0.418905 1.06175 -6.5162 0.52268 0.963682 -6.49733 1.23815 2.07093 -6.50994 1.30284 2.69289 -6.50392 1.24134 -0.253086 -6.50106 1.33519 2.68953 -6.49171 1.23576 2.16862 -6.51982 1.33828 2.47375 -6.47508 1.34379 2.57559 -6.48598 1.20355 -0.178674 -6.48487 1.24242 2.28836 -6.5158 1.18122 -0.138588 -6.49194 1.1685 -0.0691413 -6.49536 1.24386 2.10225 -6.49153 1.27796 2.20149 -6.4988 1.16969 0.0244472 -6.49485 0.416758 1.19953 -6.52136 0.515872 1.17174 -6.49193 1.19541 2.81235 -6.51131 1.10083 0.132163 -6.49485 1.28474 2.26626 -6.49425 1.31869 2.29932 -6.49307 1.30698 2.81109 -6.50613 0.46322 1.29514 -6.50253 1.34649 2.80692 -6.49792 1.25942 2.87859 -6.50135 1.33927 2.84955 -6.49507 1.30258 2.88353 -6.50419 1.34231 2.8913 -6.49612 0.553161 1.36502 -6.48541 1.35166 2.97042 -6.49501 1.07387 1.18434 -6.46362 0.835628 1.35512 -6.47372 0.974147 1.31947 -6.46554 1.3042 2.46585 -6.43251 1.29246 2.39576 -6.43767 1.25592 1.78929 -6.46131 1.26217 1.90426 -6.46062 1.1313 0.749644 -6.46364 0.7935 0.792372 -6.46838 1.0199 0.814189 -6.4646 1.03804 0.268809 -6.45715 1.11801 0.83677 -6.47082 1.06244 0.20077 -6.45829 1.00834 0.321142 -6.45727 1.24571 0.766081 -6.46246 1.29891 2.57206 -6.43495 1.11805 0.918246 -6.47023 1.23134 0.848761 -6.45938 0.959091 0.426505 -6.4754 0.919052 0.438037 -6.47165 0.919195 0.383781 -6.45371 1.25605 2.00412 -6.44263 0.903248 0.477 -6.44948 1.23378 -0.34934 -6.42543 1.23412 2.06874 -6.43629 1.33652 2.69157 -6.46061 1.21658 0.99929 -6.4548 1.36011 2.78514 -6.46041 1.17973 -0.0788898 -6.44398 1.27145 2.181 -6.46105 1.35537 2.86217 -6.45903 1.35789 2.92553 -6.46043 0.9921 0.363958 -6.46275 1.17421 0.027872 -6.46055 1.2795 2.27862 -6.46507 1.10378 0.142572 -6.46154 1.00413 0.998719 -6.47392 1.15951 1.10397 -6.45608 1.1664 1.26401 -6.46533 1.34993 3.01166 -6.45837 0.685498 0.809817 -6.47851 0.945689 0.510248 -6.46546 0.666785 1.39004 -6.48606 0.978143 0.587638 -6.48165 0.784326 1.35999 -6.47412 0.679656 1.21664 -6.47396 1.03562 0.597969 -6.46088 1.04359 0.639789 -6.47305 0.952233 1.43966 -6.48124 1.133 0.648952 -6.46323 1.12276 0.685499 -6.46882 1.09388 1.44947 -6.47837 1.21473 0.698016 -6.45618 0.670626 0.961974 -6.46789 0.581003 1.072 -6.48586 0.706002 1.08569 -6.46381 1.23778 1.38398 -6.48017 0.817177 0.86798 -6.46239 1.23352 1.24851 -6.45816 1.24471 1.31666 -6.45904 1.2662 1.39023 -6.45916 1.235 1.4578 -6.48843 1.2484 1.50706 -6.46129 1.25254 1.63528 -6.45922 0.806019 1.16051 -6.46682 0.943334 1.0894 -6.47833 1.12752 0.63312 -6.41468 1.26958 0.781851 -6.44762 1.27339 0.756517 -6.42541 1.22077 0.683669 -6.42382 1.25331 -0.24698 -6.42223 1.33983 2.75922 -6.41535 1.29459 0.84495 -6.41155 1.01298 0.230524 -6.39348 1.00543 0.269693 -6.42915 1.1579 0.00351064 -6.38307 1.34723 2.92391 -6.42802 1.09333 0.140116 -6.4222 1.25176 1.2848 -6.42651 1.27129 0.898213 -6.45808 1.23829 1.75205 -6.36616 1.30416 0.910057 -6.42274 0.961776 0.283473 -6.41893 1.24739 1.41192 -6.39702 1.24661 1.86624 -6.40663 1.24379 1.96513 -6.39958 1.23714 1.49989 -6.41654 1.27136 0.99816 -6.4546 1.22891 2.1247 -6.41005 1.25389 2.17338 -6.41971 1.25193 2.25234 -6.38772 1.30391 3.06113 -6.38997 1.29884 0.992939 -6.42473 1.25257 2.33438 -6.41554 1.30657 2.66331 -6.41772 1.23769 1.1376 -6.45904 1.26866 1.13739 -6.4495 0.996035 0.559306 -6.42315 1.27376 1.13432 -6.43136 1.27187 1.23131 -6.45297 1.29176 1.24241 -6.42406 1.24172 1.29466 -6.39109 1.23037 1.59112 -6.37398 0.920936 0.26208 -6.33675 0.895536 0.354991 -6.3955 1.04354 0.154504 -6.35771 1.21671 -0.175025 -6.38434 1.18952 -0.0996448 -6.35466 1.1079 0.0760705 -6.33959 1.2192 0.722882 -6.32482 1.30398 3.01174 -6.37157 1.30689 2.8592 -6.35712 -0.178942 0.668746 -6.37723 -0.158174 0.714833 -6.41528 -0.20696 0.719338 -6.38701 0.835389 0.420212 -6.39516 -0.133474 0.671195 -6.38988 -0.113334 0.726287 -6.4239 -0.0272702 0.724402 -6.398 0.820052 0.467702 -6.36178 1.25735 0.969234 -6.36638 -0.129106 0.806042 -6.42317 1.24335 2.02749 -6.36109 -0.189023 0.842214 -6.37804 1.26154 2.37304 -6.37987 1.27031 2.42679 -6.36614 0.895252 0.515339 -6.34812 1.2582 1.08244 -6.36952 1.27261 2.49724 -6.35829 1.28661 2.58287 -6.38054 1.26363 2.20961 -6.34059 1.27336 2.70491 -6.35475 -0.0403496 0.793813 -6.41397 1.28284 1.20988 -6.37432 1.00096 0.609602 -6.33951 1.27553 1.17731 -6.34849 1.28582 1.2485 -6.39216 -0.0992459 0.844898 -6.40483 1.2726 -0.33604 -6.38845 1.27164 -0.266755 -6.37425 -0.00412576 0.866383 -6.36535 1.28313 -0.335814 -6.36039 1.27004 0.85582 -6.35162 1.24178 2.13193 -6.32856 1.25935 1.29149 -6.359 1.25263 1.25136 -6.36076 -0.215964 0.871609 -6.32835 -0.112003 0.87454 -6.35419 1.25519 1.38379 -6.35887 1.00152 0.186901 -6.2972 -0.0441621 0.904677 -6.33665 1.23306 1.48039 -6.2908 -0.0176314 0.664734 -6.33437 1.253 -0.38725 -6.33939 1.23977 1.9451 -6.31603 0.0375476 0.720492 -6.35525 0.0415713 0.802777 -6.35783 0.0438932 0.851483 -6.33742 0.777948 0.394191 -6.32917 0.776726 0.431941 -6.34912 0.753364 0.466066 -6.34083 1.28277 2.61881 -6.32403 1.27332 2.78282 -6.32216 1.06413 0.665431 -6.27528 1.26567 -0.351956 -6.30742 1.27002 -0.262803 -6.30945 0.717426 0.454092 -6.3319 1.25204 2.16316 -6.30456 1.24648 -0.217195 -6.30537 1.24476 0.810171 -6.30912 1.2031 0.820178 -6.25579 1.26912 2.30912 -6.31196 1.26821 2.37236 -6.26596 0.847934 0.267863 -6.26009 1.15455 -0.0354658 -6.29944 1.13674 0.016919 -6.31558 1.22685 0.918158 -6.33496 1.15934 0.877275 -6.26273 0.13868 0.672348 -6.31517 0.70757 0.501308 -6.33299 0.595744 0.494595 -6.31452 1.24865 1.0341 -6.32445 1.2588 1.0986 -6.31305 0.786033 0.49836 -6.32896 1.26935 2.68314 -6.29768 0.869305 0.523619 -6.31667 0.14314 0.735878 -6.32576 1.26726 1.26655 -6.27252 1.24621 1.31301 -6.29454 1.24084 1.394 -6.29399 -0.137289 0.613272 -6.27813 1.2291 1.61207 -6.28174 -0.249577 0.662064 -6.30054 -0.259256 0.78649 -6.29191 1.23741 1.80837 -6.2637 -0.236242 0.84672 -6.32454 0.973671 0.626986 -6.30671 1.23391 1.87309 -6.30458 -0.165389 0.889226 -6.27155 1.19368 0.717728 -6.29947 1.23729 2.04062 -6.31852 0.0841846 0.783228 -6.34669 0.126294 0.772464 -6.32147 0.746027 0.631362 -6.29727 0.841765 0.547869 -6.30082 -0.242198 0.620685 -6.27216 0.646302 0.53734 -6.31651 0.638589 0.597144 -6.29348 1.26703 -0.409407 -6.25755 0.0182337 0.609041 -6.29294 0.832618 0.673165 -6.27538 0.24405 0.577433 -6.30448 0.0880369 0.558365 -6.29409 0.194385 0.510707 -6.27578 0.574517 0.408253 -6.25698 0.769642 0.344952 -6.27199 0.912902 0.60478 -6.29789 0.679103 0.35414 -6.2516 0.234315 0.659766 -6.31297 0.19295 0.701797 -6.31455 0.221177 0.711619 -6.28799 0.288561 0.659236 -6.30061 0.310038 0.568532 -6.30267 0.366077 0.597728 -6.31763 0.400944 0.55722 -6.30499 0.461325 0.530536 -6.29687 0.435459 0.56822 -6.2956 0.390164 0.634376 -6.27352 1.18403 -0.112526 -6.26558 1.16768 -0.0645641 -6.25849 0.514156 0.561476 -6.30926 0.537199 0.542222 -6.33303 1.21067 -0.168018 -6.25894 1.23544 -0.205175 -6.24715 -0.3002 0.815799 -6.26263 1.11544 0.0643106 -6.29109 -0.290393 0.916797 -6.30517 -0.250981 0.904031 -6.31522 -0.271179 0.962982 -6.27615 1.21316 0.775151 -6.26458 -0.191603 0.903965 -6.25871 -0.0895129 0.93519 -6.25023 0.600843 0.574467 -6.3 0.151419 0.782719 -6.24899 -0.00295363 0.940163 -6.24654 1.22432 0.974687 -6.29119 1.24245 1.05796 -6.22486 1.2495 1.18346 -6.22903 1.2565 2.09214 -6.25857 1.27042 2.22628 -6.29193 1.26252 2.46066 -6.26036 1.27794 2.54942 -6.25789 1.26172 2.79078 -6.25629 1.2725 2.93508 -6.24053 -0.117518 0.564916 -6.25424 0.00881125 0.507312 -6.2624 0.634281 0.707545 -6.25474 0.545799 0.61779 -6.25935 -0.298286 0.704363 -6.26685 -0.281071 0.585603 -6.25628 0.740689 0.740722 -6.24748 1.26717 -0.321484 -6.25779 0.294756 0.249619 -6.25268 0.0197833 0.205188 -6.26033 0.105508 0.106247 -6.25819 1.0923 0.0734444 -6.25526 0.976176 0.180181 -6.25707 0.979961 0.708005 -6.26146 -0.965943 0.236475 -6.25744 -0.977744 0.15386 -6.25646 -0.933841 0.23 -6.26997 -0.0815028 -0.154438 -6.25123 0.133743 -0.240226 -6.25194 0.0256535 0.0365529 -6.25799 0.494295 0.462634 -6.25724 -0.138743 0.0603429 -6.25802 1.28265 -0.280077 -6.25642 1.07665 0.713744 -6.24678 1.26636 -0.223428 -6.25962 0.241903 -0.0460106 -6.26017 1.15719 0.738642 -6.25332 0.0990677 0.486281 -6.2541 0.766687 0.309883 -6.2479 -0.73567 -0.0247896 -6.26364 -0.705106 -0.218472 -6.25705 -0.635411 -0.110666 -6.26348 0.402133 0.0419556 -6.25647 -0.0411099 0.130521 -6.25286 -0.540344 -0.247141 -6.25674 0.19399 0.454254 -6.25679 -0.346747 0.686504 -6.25446 0.228735 0.755161 -6.23052 1.14709 0.919662 -6.24778 0.345349 0.497787 -6.25503 0.352684 -0.189383 -6.25058 -0.0330639 0.441965 -6.25208 1.13505 -0.0365341 -6.25786 1.13521 0.0260217 -6.25597 1.25579 1.33206 -6.25525 0.454194 0.614792 -6.25753 1.23986 1.47515 -6.26151 0.30882 0.705016 -6.25352 0.394295 0.695602 -6.25384 1.23891 1.79486 -6.22065 1.24564 2.62356 -6.21646 1.24439 1.86688 -6.20873 -0.372369 0.752047 -6.25652 1.23198 1.944 -6.22692 -0.356529 0.904759 -6.26589 -0.839754 0.0468343 -6.26836 -0.764689 0.051403 -6.25323 1.27207 3.03632 -6.22761 -0.440921 0.967272 -6.26098 -0.648651 -0.0384575 -6.2577 -0.589747 -0.0968859 -6.25179 -0.858009 0.10891 -6.2633 1.23901 2.16657 -6.23251 1.24665 2.21763 -6.24655 1.2459 2.2852 -6.22105 -0.349123 0.995777 -6.2663 -0.280555 1.01341 -6.24951 -0.137861 -0.458828 -6.26392 -0.328279 -0.564586 -6.26366 -0.336566 -0.778979 -6.25799 -0.042904 -0.744152 -6.25273 -0.456347 1.08217 -6.26367 0.0564916 0.898725 -6.24324 -0.968496 2.41516 -6.26194 -1.04803 2.35664 -6.26248 -0.997672 2.33851 -6.25379 -0.366532 -0.367574 -6.25507 -0.614088 -0.540262 -6.25747 -0.882545 2.49648 -6.26052 -0.892588 2.41682 -6.25552 -0.780607 2.44546 -6.25161 -0.783743 2.37213 -6.25443 0.155747 -0.499725 -6.25442 -0.257312 -0.270161 -6.25683 0.0642235 -0.340485 -6.25405 -0.479731 -0.222342 -6.25428 -0.536262 -0.129654 -6.25595 1.16279 0.809811 -6.23775 1.01529 0.843386 -6.22595 0.660197 -0.472649 -6.22166 0.570733 -0.437693 -6.23419 0.540682 -0.496007 -6.21966 0.0529358 1.57627 -6.21696 0.15816 1.78839 -6.21664 -0.106991 1.70897 -6.23064 -0.035122 2.02431 -6.22684 -0.512093 0.840441 -6.22482 -0.52128 1.00651 -6.23161 -0.550516 0.982814 -6.22626 1.06905 0.876303 -6.22726 -0.0429816 -0.942128 -6.24931 -0.567804 1.77643 -6.23138 -0.498619 1.84285 -6.22541 -0.475961 1.98818 -6.24277 -0.594086 1.93709 -6.24104 -0.451203 1.93671 -6.22467 -0.511587 2.046 -6.24811 0.729939 -0.39996 -6.23958 0.744829 -0.448498 -6.2205 1.06448 0.915841 -6.20712 -0.989773 0.169109 -6.2219 -0.968442 0.27533 -6.21901 -0.419414 2.04091 -6.22175 1.244 2.37825 -6.22831 1.23624 2.49271 -6.19931 -0.934683 0.321446 -6.23027 -0.948747 0.345178 -6.22296 -0.912211 0.366191 -6.22514 -0.855418 0.232056 -6.22951 -0.81581 0.277444 -6.22147 1.23509 2.77625 -6.2078 -0.440125 2.1368 -6.25234 -0.189134 0.951324 -6.23541 -0.150698 0.943965 -6.23593 0.591641 -0.273767 -6.24234 -0.903582 0.483309 -6.22895 -0.937827 0.458024 -6.22269 -0.784463 0.139616 -6.22495 -0.689364 0.446054 -6.22129 1.1878 0.983755 -6.18827 0.195815 -0.708955 -6.24278 -0.221072 -0.961437 -6.25382 -0.734611 0.63669 -6.21742 0.25153 -0.825907 -6.24521 -0.939522 0.569118 -6.22891 -0.983443 0.609663 -6.22475 1.24553 1.30216 -6.21084 1.25571 1.38623 -6.22367 -0.109372 0.987147 -6.22754 -0.033058 0.985235 -6.22536 -0.111675 1.883 -6.23081 -0.181 1.92686 -6.21681 -0.18489 1.8346 -6.22808 0.944194 -0.40769 -6.2344 -0.12458 2.03694 -6.21854 0.896797 -0.447401 -6.22106 -0.935966 0.703061 -6.22665 0.282435 -0.723762 -6.24185 1.02915 -0.487513 -6.2252 1.2481 1.56889 -6.2185 0.248408 -0.548968 -6.24869 0.275526 -0.922958 -6.24086 0.284034 -0.836339 -6.24178 0.316395 -0.871963 -6.2201 -0.0802875 2.07734 -6.22246 -0.975181 0.736267 -6.22148 -0.541446 1.0918 -6.22062 1.23909 1.64497 -6.22225 0.318168 -0.7349 -6.22257 0.317147 -0.658654 -6.24471 -0.0568845 2.1273 -6.22056 0.36341 -0.635742 -6.22279 0.350011 -0.573562 -6.24562 -0.634336 2.133 -6.24405 -0.492029 2.24544 -6.248 -1.1334 1.17467 -6.22116 -1.12983 1.24358 -6.23251 -1.17584 1.26452 -6.22032 -0.478131 1.16052 -6.24118 -0.974696 0.843128 -6.22367 -0.935317 0.907823 -6.23152 -0.735251 0.895853 -6.21964 0.395332 -0.489722 -6.24281 -0.441067 2.25017 -6.21926 -0.398769 2.12801 -6.21655 -0.337583 1.09557 -6.23721 1.2452 2.07504 -6.22047 -1.00984 0.986501 -6.22641 -0.239914 1.05481 -6.23518 -0.985981 1.06019 -6.2351 0.308105 -1.05762 -6.24511 -0.457488 2.36823 -6.23089 -0.593567 2.39995 -6.24742 -0.42487 1.20488 -6.24412 0.373027 -0.349065 -6.24388 0.330457 -1.11301 -6.21787 -0.214123 1.17866 -6.23184 0.363306 -1.04687 -6.22248 -0.706354 1.04193 -6.22429 -0.467258 1.24489 -6.21334 -0.541476 1.13869 -6.20453 0.318936 -0.943601 -6.22905 0.174786 2.03636 -6.21652 -0.401794 1.33225 -6.2206 0.420969 -0.586221 -6.2142 0.446479 -0.542855 -6.2289 -1.06784 1.09917 -6.2253 0.114463 2.21066 -6.22082 -0.363339 1.30097 -6.24128 -0.989629 1.29185 -6.24024 1.14783 -0.433896 -6.23829 -0.897276 2.33878 -6.21974 1.23717 -0.409508 -6.23619 -0.790296 2.32664 -6.24356 1.1578 -0.315586 -6.23533 -0.86683 1.28946 -6.2326 -0.740173 1.13924 -6.22521 1.23671 -0.319066 -6.24011 -0.638539 1.11074 -6.21671 0.424108 0.325598 -6.24995 0.469475 0.213177 -6.24849 -0.754345 1.23018 -6.22532 -0.759303 2.51362 -6.23374 -0.690833 2.4971 -6.2232 0.631386 0.198055 -6.24671 -0.784579 1.27544 -6.2256 0.76109 0.186204 -6.24009 0.8278 0.236029 -6.24067 -0.694387 0.0332531 -6.22398 -0.527335 2.44728 -6.22815 -0.54636 2.48327 -6.23319 -0.620896 0.000332815 -6.22083 -0.554038 -0.0507591 -6.21291 -0.0420358 1.15694 -6.22571 -0.3462 0.33938 -6.22272 -0.261691 0.325892 -6.25361 -0.302919 0.427176 -6.25053 -0.595222 2.56499 -6.25297 -0.714225 0.104002 -6.2211 -0.276013 0.156033 -6.21603 -0.221826 0.187375 -6.24664 -0.172 0.190765 -6.25507 -0.39648 -0.196387 -6.25747 -0.248162 0.410652 -6.25847 0.861134 -0.218273 -6.24435 0.515343 0.805073 -6.22963 -0.103054 1.38592 -6.22789 -0.206668 1.32347 -6.22836 0.587106 0.925732 -6.20535 0.0836137 1.26693 -6.21519 -0.334629 -0.190731 -6.23711 0.147701 0.821596 -6.22362 0.768246 0.859992 -6.22023 0.114873 0.882969 -6.22051 -0.465477 -0.162746 -6.23994 0.866651 0.876255 -6.22395 0.547925 -0.197154 -6.24806 0.633208 -0.0883322 -6.24824 0.0459234 0.965064 -6.22083 -0.449013 -0.126095 -6.22017 0.322499 0.826096 -6.21088 -0.384245 0.536857 -6.22418 0.395421 0.8644 -6.20397 0.757129 -0.0549027 -6.25367 0.482084 0.851974 -6.22416 -0.404424 0.658869 -6.22781 -0.518934 0.677284 -6.21885 -0.455324 0.803987 -6.22991 -0.35594 -0.107018 -6.21165 -1.1446 1.35629 -6.22984 -1.17781 1.30512 -6.22122 -0.440563 2.44966 -6.20877 -0.478165 2.51863 -6.24477 -0.349634 2.51071 -6.19193 -1.17741 1.48198 -6.21581 -1.14517 1.51186 -6.22198 -0.47436 2.55411 -6.24582 -1.03822 1.51183 -6.22237 -0.40086 2.56181 -6.22042 -1.11172 1.61351 -6.21699 1.12852 -0.251067 -6.23721 -0.337323 2.61368 -6.23822 -0.921973 1.43519 -6.23075 -0.283811 2.55588 -6.21427 -0.237339 -0.166787 -6.21512 -0.243377 2.6885 -6.2334 0.893466 -0.0939037 -6.23392 -0.173603 -0.172683 -6.22069 -0.106311 -0.225392 -6.25044 -0.856629 1.38173 -6.2234 0.73094 0.0179418 -6.2464 0.565326 -0.0182399 -6.24772 0.168023 0.3964 -6.25116 -0.966646 1.53136 -6.22644 -0.982166 1.6277 -6.22383 -0.889868 1.46169 -6.22142 -0.163475 2.6768 -6.22023 -0.939625 1.54562 -6.22167 0.858943 0.0589396 -6.23992 -0.685886 1.79405 -6.21109 1.012 -0.0210348 -6.23118 0.917998 0.165032 -6.23691 -0.16611 -0.134249 -6.22206 -0.167742 0.00640694 -6.25071 -0.214753 -0.0804178 -6.20896 1.10316 -0.0862566 -6.22922 0.988876 0.129794 -6.23795 1.10072 -0.018263 -6.24608 1.09148 0.041683 -6.24625 -0.675791 1.98504 -6.21804 -0.254936 0.0378448 -6.20817 1.18467 -0.259713 -6.2482 1.19372 -0.179968 -6.24066 1.20558 -0.21732 -6.24572 -0.735797 2.12044 -6.20728 1.27064 -0.314095 -6.23308 1.24137 -0.236594 -6.21849 1.26913 -0.252419 -6.21925 -1.08712 2.27904 -6.24189 -0.990936 2.23673 -6.22071 -0.984482 2.27496 -6.24694 -1.04526 2.21751 -6.22062 1.12924 -0.0873685 -6.23213 -0.912732 2.24146 -6.21171 -0.934588 2.30984 -6.22495 -0.832269 2.28356 -6.21218 -0.676546 2.18862 -6.24159 -0.680411 2.25421 -6.24978 -0.774322 2.21938 -6.20637 -0.367012 1.37537 -6.22275 -0.323886 1.41965 -6.22794 -0.288016 1.41058 -6.2324 -0.322202 1.51849 -6.22002 -0.187646 1.44008 -6.23119 -0.260465 1.53418 -6.23025 -0.130725 1.554 -6.22883 -0.538758 1.76782 -6.2207 -0.276856 1.61766 -6.22301 -0.214909 1.66647 -6.22972 -0.243575 1.77408 -6.21572 1.13052 0.969045 -6.17384 0.675228 -0.488351 -6.19424 0.541489 -0.523109 -6.18105 0.324993 -0.835871 -6.18612 0.33628 -0.930449 -6.17986 0.331325 -0.744692 -6.17542 0.354981 -0.678751 -6.17615 1.20628 1.06181 -6.17451 0.373294 -0.649677 -6.16992 0.831287 -0.466529 -6.1832 0.0632003 1.42762 -6.21358 1.20663 1.24944 -6.18143 0.465588 -0.555912 -6.18203 0.926689 -0.500511 -6.18606 0.961252 -0.566 -6.1629 0.139354 0.964883 -6.21253 -0.434554 -0.0911501 -6.21016 0.617772 1.55485 -6.18991 0.459185 1.45951 -6.19259 0.537862 1.38979 -6.18997 0.30849 1.37035 -6.19988 0.707824 1.24817 -6.18968 0.244835 1.05627 -6.21004 0.369239 1.01146 -6.20026 0.219202 1.5213 -6.19861 0.500986 1.65127 -6.19238 0.531037 1.71069 -6.19699 -0.366785 0.0433999 -6.20083 0.620916 1.71895 -6.18971 -0.614038 0.0443539 -6.21126 0.450043 0.975684 -6.2006 0.72989 1.91502 -6.18832 0.456656 1.80996 -6.19721 -0.533107 0.214063 -6.21507 1.23535 1.41574 -6.18847 1.20119 1.52879 -6.17511 1.23513 1.63195 -6.19033 -0.355259 0.274064 -6.2147 1.20702 1.83837 -6.17415 0.368689 1.18281 -6.19828 0.374304 -1.04204 -6.18979 0.61773 2.14944 -6.18979 0.441495 2.03157 -6.19676 0.745145 2.14025 -6.18655 0.605136 1.17958 -6.18913 0.63003 0.99243 -6.19275 -0.946478 0.397884 -6.20964 -0.967884 0.39033 -6.17568 -0.977933 0.461468 -6.18257 -1.20299 1.30952 -6.1792 -1.19562 1.47983 -6.18866 0.562907 2.39507 -6.19385 0.692981 2.22886 -6.18668 -1.16985 1.5446 -6.19068 0.673708 2.40024 -6.19091 0.710771 2.66655 -6.18216 -1.14367 1.62755 -6.19413 -1.09112 1.72514 -6.18891 1.18633 2.36324 -6.18097 -0.824559 1.383 -6.18708 -0.894421 1.5269 -6.1899 1.20376 1.96649 -6.18443 1.21909 2.5552 -6.18735 1.20468 2.13103 -6.1845 1.20595 2.76836 -6.18617 -0.771846 1.29789 -6.19042 1.18963 2.20068 -6.17489 1.21889 2.28482 -6.1845 0.299863 1.60058 -6.1983 -0.395277 2.38287 -6.18444 -0.993232 1.66417 -6.22632 -0.363762 2.40601 -6.17611 -1.04227 1.72164 -6.2169 -0.953719 1.646 -6.19352 1.23879 3.04094 -6.18835 -0.31906 2.42836 -6.18744 -0.256071 2.4948 -6.20667 -1.04327 1.75444 -6.18587 -1.00718 1.731 -6.19579 -0.469076 0.508861 -6.21693 -1.01343 0.640632 -6.20321 -0.999566 0.556352 -6.19126 -0.659946 1.70095 -6.19538 -0.723117 1.77749 -6.18742 -0.599616 1.71309 -6.20002 -0.547844 1.71906 -6.18966 0.215694 1.72735 -6.20726 -1.00998 0.78299 -6.19549 -0.24652 2.42183 -6.19724 -0.278242 2.32631 -6.20187 -0.152431 2.32411 -6.18881 -0.0761484 2.46814 -6.19776 -0.0648759 2.37004 -6.18118 -0.76009 1.90705 -6.1864 -0.0106269 2.44255 -6.18693 -0.738471 1.99926 -6.20441 -0.0198596 2.55567 -6.2086 -0.771913 2.01549 -6.19098 -0.245177 2.55918 -6.20938 -0.815303 2.09918 -6.19152 -0.113336 2.5596 -6.20098 -1.1276 2.16939 -6.20488 -1.07579 2.15704 -6.1946 -1.01903 2.20674 -6.18606 -1.15105 1.1613 -6.19091 -1.18498 1.22508 -6.19378 -0.926976 2.21842 -6.18572 -0.862237 2.17959 -6.19482 -1.00982 0.848428 -6.19681 -1.04009 0.966078 -6.18811 -0.0269765 2.63962 -6.21389 -0.462148 1.8333 -6.17206 -0.443287 1.32168 -6.18359 -0.24285 1.86323 -6.16854 -0.24701 1.81723 -6.19868 -0.361024 1.43706 -6.19404 -0.358191 1.51801 -6.18647 -0.194425 2.03441 -6.16659 -0.306694 1.66078 -6.17953 -0.374979 2.16544 -6.15978 -1.08418 1.06123 -6.19137 -0.510606 1.76948 -6.19145 -0.401566 2.25191 -6.17305 -0.277561 1.70825 -6.18976 -0.683935 1.17021 -6.2067 -0.364122 2.29971 -6.17207 -0.0600009 2.72835 -6.21436 -0.121134 2.19722 -6.18375 -0.163434 2.14132 -6.15811 -0.614031 1.13718 -6.18313 -0.0836576 2.31389 -6.19314 -0.0211578 2.27952 -6.21355 -0.732995 1.24933 -6.2006 -0.141307 2.25341 -6.17911 0.0206164 2.74906 -6.18383 -0.413578 0.415158 -6.21536 0.0679457 2.3558 -6.19347 0.096824 2.4475 -6.21071 0.065495 2.54315 -6.18712 0.315191 1.96391 -6.20476 0.340676 2.07019 -6.20764 0.142826 2.55405 -6.20929 0.313626 2.44334 -6.20508 0.265358 2.36101 -6.19171 0.0500174 2.59783 -6.18795 0.0834362 2.67593 -6.18427 0.157454 2.7057 -6.20499 0.255324 2.5118 -6.20643 0.26701 2.75391 -6.20779 0.353502 2.35659 -6.18853 0.442731 2.36783 -6.19943 0.470197 2.49927 -6.19812 0.258004 2.20319 -6.21923 0.224923 2.27616 -6.21405 0.390716 2.26566 -6.20426 0.438032 2.63258 -6.19262 0.757549 0.950269 -6.1909 0.853626 0.956406 -6.19064 0.745322 1.00453 -6.18761 1.00148 0.966163 -6.1771 0.622698 2.9109 -6.18216 0.904097 1.03011 -6.1787 -0.789787 1.75044 -6.10367 -1.18875 1.19643 -6.10582 -1.16311 1.1381 -6.09956 0.828804 2.23656 -6.18447 0.997598 1.03097 -6.16109 -1.19954 1.23791 -6.10053 -1.02712 0.774455 -6.1517 1.16143 1.01437 -6.15792 -1.09846 1.03181 -6.12087 0.843 1.17215 -6.17656 -0.713166 1.23474 -6.1477 0.870213 1.43379 -6.17538 0.872985 2.87923 -6.17835 0.990345 2.78607 -6.174 1.01287 2.91587 -6.16413 -0.666827 1.19321 -6.13464 -0.802048 1.95017 -6.13905 -0.822015 2.04159 -6.15683 -0.574551 1.18269 -6.1218 1.03373 2.37984 -6.16692 1.12761 2.29333 -6.16139 1.12603 2.38706 -6.15939 1.16798 2.42339 -6.16548 1.1278 2.5595 -6.16817 1.00965 1.18103 -6.17545 -0.526898 1.23304 -6.11861 0.946949 2.02919 -6.17969 1.17081 2.5398 -6.17097 1.11354 2.09029 -6.16635 -1.19341 1.49031 -6.16044 1.16761 1.0969 -6.15601 -1.15171 1.57699 -6.15498 1.10734 2.6357 -6.17201 -1.15744 1.66411 -6.14028 -1.11826 1.72523 -6.12916 0.963889 1.33916 -6.16773 1.15879 2.78219 -6.17079 -1.04477 2.15862 -6.16425 -1.06601 2.09387 -6.133 0.638828 -0.498014 -6.15103 0.736188 -0.485482 -6.15951 1.15851 1.29412 -6.16445 -0.967824 1.70397 -6.12015 -1.07593 1.76237 -6.13475 0.843097 -0.488443 -6.14241 0.896761 -0.50341 -6.14795 -1.023 1.7648 -6.11841 -0.668695 1.64854 -6.15997 -0.635465 1.6388 -6.16216 1.16889 2.99123 -6.1516 -0.588582 1.65781 -6.15482 -0.975278 2.20527 -6.11687 -0.751994 1.66157 -6.0817 1.1634 1.21209 -6.16427 1.20046 2.96554 -6.16097 -0.882589 2.15245 -6.15253 1.02044 2.23453 -6.16864 0.761441 1.55927 -6.18129 0.764784 2.88009 -6.17654 -0.392784 1.41973 -6.15059 0.910374 3.02873 -6.16978 0.927062 2.45149 -6.1731 0.95984 1.52798 -6.17088 -0.359561 1.63722 -6.10706 1.16291 1.46036 -6.1591 1.15313 1.5892 -6.15689 0.731967 1.74876 -6.1868 0.9379 1.69704 -6.16988 -0.531469 1.67355 -6.07165 -0.480195 1.77055 -6.12703 1.02752 3.06489 -6.1597 -0.313426 1.79382 -6.11893 1.08554 1.79243 -6.16568 1.16778 1.72555 -6.15385 1.15908 1.93961 -6.16688 -0.428384 1.89893 -6.15473 0.900863 1.81393 -6.17755 -0.394226 1.98006 -6.15461 1.20279 1.40632 -6.1704 -0.364249 2.0852 -6.15238 -0.2433 1.91408 -6.14856 -0.221882 2.01957 -6.14446 -0.182905 2.09188 -6.15432 1.20251 1.67559 -6.16111 -0.365431 2.21756 -6.15272 1.16904 2.08131 -6.17052 0.832873 1.9965 -6.18345 -0.30137 2.18853 -6.13804 1.16063 2.1512 -6.16133 -0.181321 2.1875 -6.16312 1.18797 3.09274 -6.16019 1.17072 2.28121 -6.1636 -0.972986 0.276575 -6.17412 -1.01704 0.587017 -6.13859 -1.02988 0.690565 -6.11546 0.791481 2.48661 -6.18204 0.836316 2.74683 -6.18305 0.967654 2.63809 -6.17523 -0.839552 2.0408 -6.11243 -0.804278 1.83223 -6.09782 -1.07529 0.91575 -6.09248 -0.696812 1.23037 -6.11969 -0.788431 1.34279 -6.11615 -0.63224 1.18601 -6.11872 -0.999382 2.16037 -6.08156 -1.02645 0.537057 -6.10008 -1.20143 1.34992 -6.09193 -0.90354 2.14166 -6.04973 -1.17999 1.47025 -6.08271 -1.14334 1.57224 -6.08468 -0.939626 2.1762 -6.05528 -0.48237 1.35459 -6.09521 -0.866799 1.50012 -6.11746 0.492933 -0.520166 -6.07801 0.545468 -0.502074 -6.06955 -0.417195 1.53897 -6.08081 -0.355134 1.72213 -6.10198 -0.415902 1.80938 -6.10965 -0.377778 1.88392 -6.11051 -0.393288 1.92689 -6.12381 -0.342248 1.95953 -6.11293 -0.323431 2.07529 -6.13154 -0.676048 1.59607 -6.09176 -0.283157 2.02728 -6.1188 -0.314693 2.14856 -6.13156 -0.597762 1.60184 -6.09644 -0.291015 1.88012 -6.11562 -0.268937 1.96607 -6.1194 -0.251553 2.08553 -6.13396 0.657679 -0.479614 -6.06128 0.828449 -0.495729 -6.10256 0.957794 -0.563822 -6.12006 0.376698 -1.04756 -6.11217 -0.844102 1.97997 -6.05318 -1.07296 2.06622 -6.1028 -1.07261 0.783945 -6.02367 -1.08879 0.915866 -6.03301 -0.533519 1.26138 -6.09094 -0.75285 1.31643 -6.08459 -0.676901 1.24605 -6.08668 -0.468556 1.44205 -6.06171 -0.625818 1.26509 -6.05824 -0.579238 1.22485 -6.08453 -0.49553 1.69774 -6.05682 -0.429975 1.74974 -6.08241 -0.360523 1.79385 -6.1009 -1.10999 1.67103 -6.03561 -0.851607 1.49914 -6.08462 -0.879528 1.5742 -6.0799 -0.801098 1.39276 -6.08599 -0.326206 1.88488 -6.1045 -0.954849 1.71436 -6.08921 0.928273 -0.530708 -6.08079 -1.03609 1.75365 -6.06201 -0.994013 1.75631 -6.05561 -0.629455 1.56163 -6.07079 -0.828509 1.76548 -6.06905 0.321221 -0.962762 -6.05554 0.300921 -0.872269 -6.0544 -1.11157 2.04895 -6.0903 0.302389 -0.725583 -6.05328 0.313096 -0.68416 -6.05253 0.338191 -0.630179 -6.01984 0.422571 -0.547333 -5.9902 -0.842523 1.84374 -6.02397 -1.1803 1.11797 -6.02 -1.20919 1.23685 -6.04034 -0.556226 1.33039 -6.04366 -1.13135 0.996385 -5.98642 -0.561306 1.60496 -6.04032 -0.446542 1.59363 -6.04433 -1.21677 1.29868 -6.01138 -0.417444 1.67566 -6.05153 -0.4666 1.67845 -6.03588 -1.12603 1.60979 -6.01253 -0.837601 1.58182 -6.04414 -0.712719 1.33243 -6.0485 -0.782252 1.4191 -6.05691 -0.898764 1.67432 -6.0623 0.832217 -0.497472 -5.99506 0.99711 -0.555524 -6.02994 -1.03505 1.73044 -6.00468 -1.01081 1.76052 -6.02624 -0.963219 1.75317 -6.06151 -0.908296 1.7284 -6.05275 -0.963303 1.8323 -6.02074 -0.833158 1.6633 -6.0552 -0.851737 1.72867 -6.06024 -0.739476 1.60479 -6.04705 -0.669953 1.55034 -6.05708 -0.637059 1.54034 -6.05462 -1.06891 2.0612 -6.01942 0.369865 -0.595476 -6.01255 -0.600866 1.39094 -6.02042 -0.516962 1.47703 -6.01784 -0.694205 1.38506 -6.02609 -0.736208 1.48592 -6.02624 -0.665267 1.46824 -6.02009 -0.773796 1.57388 -6.02767 -0.709947 1.52612 -6.03166 -0.585673 1.50124 -6.02012 0.318431 -0.821754 -6.01891 0.322306 -0.696365 -6.01476 -1.07499 1.68226 -5.99539 -1.00361 1.80724 -6.00268 -0.874678 1.81603 -6.01412 -1.22834 1.17926 -5.97507 0.581542 -0.512998 -5.92692 -1.21318 1.36219 -5.97921 -1.20075 1.43095 -5.96001 0.332286 -0.970553 -6.01757 -0.871459 1.96328 -6.01324 -0.897314 2.01053 -5.99871 -0.931497 2.13081 -6.00011 -0.977951 2.14689 -6.01197 -0.509571 1.58295 -6.01659 -0.497027 1.64971 -6.0329 0.963219 -0.550752 -5.96178 0.867852 -0.516888 -5.94294 0.357347 -0.938729 -5.99508 0.403701 -0.852518 -5.99248 0.387294 -0.741643 -6.00723 0.430494 -0.70519 -5.99022 -1.2213 1.11821 -5.96875 0.354356 -0.652139 -5.99745 0.385586 -0.611436 -5.98307 0.40129 -0.583426 -5.97292 -1.12994 0.801543 -5.94171 0.505463 -0.517452 -5.94754 -1.01171 1.88728 -5.9884 -0.996388 1.92206 -5.99681 -0.927439 1.95167 -5.99457 -1.07436 2.05627 -5.98898 -1.03956 2.0671 -5.985 -0.98515 2.1111 -5.98208 -0.962792 2.07816 -5.97043 -1.16403 1.55491 -5.91219 -1.08973 1.6443 -5.91942 -1.02403 1.78767 -5.94818 0.650394 -0.516036 -5.919 0.513664 -0.838828 -5.94705 -1.04946 1.92583 -5.95464 0.541161 -0.689076 -5.92233 -1.04778 2.02844 -5.97113 -1.07928 2.02781 -5.95134 0.537097 -0.610796 -5.9244 -0.990634 2.03668 -5.9715 -1.10834 2.06773 -5.96962 0.4404 -0.5576 -5.9504 -1.07544 1.67663 -5.84992 -1.0379 1.81552 -5.86468 0.535129 -0.544983 -5.91108 0.572852 -0.807249 -5.92431 0.611342 -0.797704 -5.91021 0.628439 -0.728656 -5.90635 -1.10637 2.02938 -5.88568 0.616584 -0.582157 -5.88589 0.854099 -0.550822 -5.88565 -1.07896 1.9332 -5.82673 0.69125 -0.708149 -5.85122 0.691664 -0.634708 -5.85421 -1.20788 1.52547 -5.86265 0.851327 -0.595533 -5.87508 0.812395 -0.603635 -5.86311 0.654488 -0.551549 -5.87748 0.754864 -0.562009 -5.8796 -1.12005 1.61815 -5.82456 0.67747 -0.590576 -5.86131 0.730362 -0.707214 -5.83087 0.74005 -0.630546 -5.84592 -1.08504 1.75309 -5.76126 -1.08956 1.80978 -5.74503 -1.15603 1.99692 -5.80271 -1.22294 1.56902 -5.78421 -1.11795 1.66463 -5.76734 -1.12696 1.71878 -5.71678 -1.14952 1.86512 -5.71172 -1.19655 1.65429 -5.71358 -1.12189 1.7901 -5.70647 -1.1744 1.73743 -5.67679 -1.75269 3.99778 -6.69823 -1.58958 4.00778 -6.69134 -1.59482 3.94543 -6.68196 -1.86661 4.04404 -6.70057 -1.69635 4.04227 -6.70019 -1.80928 4.07362 -6.69482 -1.53556 3.51355 -6.6793 -1.31191 3.39959 -6.66998 -1.41027 3.2762 -6.67948 -1.46327 3.16809 -6.67858 -1.27615 3.16595 -6.67519 -2.18432 3.66497 -6.67582 -2.00501 3.49537 -6.6769 -2.17736 3.54657 -6.66219 -3.43114 4.10974 -6.66536 -3.33691 4.1089 -6.66521 -3.4074 4.07275 -6.66476 -2.07415 3.43866 -6.66856 -2.95621 3.40312 -6.67137 -3.12472 3.42253 -6.66788 -3.05194 3.5348 -6.66045 -1.206 3.26414 -6.67138 -1.18722 3.1495 -6.66159 -3.20346 4.07435 -6.67448 -2.87095 3.51442 -6.66916 -1.17713 3.36852 -6.65649 -1.95904 3.66612 -6.68351 -2.12 3.09875 -6.67034 -2.00971 3.00611 -6.66921 -2.04307 2.89831 -6.67098 -1.8544 3.52732 -6.68007 -1.83618 2.93364 -6.6747 -3.266 3.97484 -6.65515 -3.07765 3.99873 -6.67602 -2.74599 3.63513 -6.66887 -2.76662 3.50672 -6.66361 -2.18259 3.81017 -6.66177 -2.26066 3.73935 -6.67544 -2.03692 3.73407 -6.67965 -1.92095 3.15513 -6.67763 -2.80699 3.71157 -6.66053 -1.4006 3.03201 -6.67176 -1.49296 2.91294 -6.65963 -1.60633 2.95739 -6.65053 -3.21449 4.12053 -6.6677 -3.09578 4.11811 -6.67111 -2.99681 3.92276 -6.67421 -3.17263 3.83603 -6.66172 -1.6006 3.69804 -6.66612 -1.47258 3.61528 -6.66509 -3.08491 4.0775 -6.68118 -1.94679 3.40294 -6.68036 -1.77347 3.65475 -6.67407 -1.70649 2.79138 -6.65715 -2.93216 3.81748 -6.66249 -2.89824 3.92705 -6.67994 -2.8343 3.86769 -6.67637 -2.90365 3.71267 -6.65703 -2.99376 4.10827 -6.66384 -1.78351 3.02227 -6.67292 -1.65414 3.41633 -6.68049 -1.51047 3.76998 -6.66887 -2.94937 4.07492 -6.67281 -1.231 3.02732 -6.66372 -1.35013 2.88258 -6.64403 -2.8068 4.06375 -6.68998 -1.71188 3.82205 -6.67565 -1.47127 3.86189 -6.67105 -2.84279 4.10857 -6.66531 -1.89679 3.80195 -6.66802 -2.70218 4.06905 -6.69636 -1.45936 3.9966 -6.68928 -2.72316 4.1077 -6.68378 -2.68583 4.1219 -6.66523 -1.35449 4.02814 -6.68423 -1.32858 3.88848 -6.65686 -2.61764 3.65166 -6.66747 -2.06052 3.91531 -6.66441 -2.15882 3.92548 -6.65613 -1.29571 4.00327 -6.66864 -1.98209 3.85704 -6.66069 -1.54681 4.04017 -6.68377 -1.61981 4.06715 -6.66194 -1.54462 4.05848 -6.6644 -1.81801 3.28961 -6.66413 -1.46848 4.04262 -6.66921 -2.71505 3.80813 -6.66299 -1.34172 4.05975 -6.67155 -2.07786 4.03385 -6.68112 -1.92148 3.27179 -6.67579 -2.08297 3.33117 -6.66528 -1.98611 4.0211 -6.6785 -1.57851 3.25443 -6.66653 -1.85784 3.94627 -6.68291 -2.31374 3.62668 -6.66163 -2.476 3.65082 -6.66039 -2.54425 3.83849 -6.67039 -2.44071 3.84106 -6.66871 -2.64855 3.90958 -6.6678 -1.75763 3.31074 -6.66406 -2.57072 4.068 -6.68729 -1.71785 3.25529 -6.658 -2.59357 4.10847 -6.67772 -2.58936 4.11933 -6.6644 -2.45583 4.07209 -6.68953 -2.4863 4.11143 -6.67209 -2.33106 3.90102 -6.67702 -2.42414 4.10828 -6.66501 -2.3559 4.06369 -6.68152 -2.29516 4.08251 -6.67195 -2.23487 4.03903 -6.68057 -2.15196 4.06089 -6.67961 -2.27825 3.93789 -6.67523 -2.08151 4.07685 -6.68626 -2.17467 4.08678 -6.66442 -2.08553 4.10884 -6.66347 -2.02965 4.06305 -6.6728 -1.98463 4.06951 -6.66273 -1.93195 4.08486 -6.67564 -1.8396 4.10061 -6.66553 -1.73672 4.08184 -6.65886 -2.16666 3.39377 -6.65041 -2.3835 3.39177 -6.62747 -2.35329 3.47218 -6.62987 -1.36507 3.67054 -6.65362 -2.25469 3.03398 -6.65818 -2.20495 3.22707 -6.65768 -2.81683 4.12394 -6.63037 -2.69046 4.12669 -6.62579 -2.57842 4.12174 -6.62897 -2.50374 4.12325 -6.6236 -2.38716 4.11138 -6.6421 -1.22109 3.62697 -6.64107 -2.15544 4.10685 -6.62384 -1.66909 3.12194 -6.65164 -1.17021 3.64137 -6.62789 -2.72019 2.86523 -6.64011 -2.81031 2.91106 -6.64948 -2.03311 4.10219 -6.62415 -1.9719 4.098 -6.6206 -1.81078 4.10162 -6.6315 -1.65585 4.08218 -6.52766 -1.29571 3.78892 -6.65001 -1.20954 3.71869 -6.6365 -3.73956 3.41408 -6.64527 -3.83823 3.62773 -6.6271 -3.79665 3.68983 -6.62748 -1.27367 3.85887 -6.63823 -3.66528 3.58614 -6.63822 -3.52571 3.4374 -6.64343 -3.4376 3.66166 -6.63612 -1.24758 3.95983 -6.62828 -1.24205 4.00387 -6.61373 -1.47414 4.05836 -6.62241 -3.64425 3.72899 -6.62969 -1.37175 4.07183 -6.63454 -1.28491 4.05081 -6.6355 -3.39632 3.46829 -6.65197 -3.24704 3.5731 -6.65072 -3.25324 3.68053 -6.65307 -3.33621 3.80559 -6.64391 -3.8132 3.81445 -6.63656 -3.71765 3.9167 -6.64119 -3.62 3.90608 -6.64085 -3.45769 3.90406 -6.65117 -3.88843 4.01937 -6.63851 -3.77777 4.01563 -6.64199 -3.66907 3.99809 -6.63434 -3.42783 3.28525 -6.65764 -3.56272 3.96827 -6.6373 -3.57211 4.02455 -6.64934 -3.36845 3.98926 -6.65561 -3.47278 4.02341 -6.64264 -3.02384 3.03837 -6.65845 -3.13754 3.21337 -6.6614 -4.22727 4.07169 -6.6456 -4.07053 4.0735 -6.66219 -4.1912 3.92078 -6.62204 -4.04637 3.99672 -6.64376 -2.77459 3.08763 -6.6555 -2.68539 2.9421 -6.64111 -3.9926 3.89645 -6.61442 -2.94227 3.18305 -6.66061 -4.29673 4.03954 -6.62754 -4.32427 4.11251 -6.63425 -2.74866 3.25319 -6.65468 -4.23854 4.11023 -6.63875 -4.30348 4.12658 -6.62866 -3.02628 3.69605 -6.65752 -4.13992 4.1072 -6.64865 -4.13773 4.12574 -6.63082 -3.89098 4.07566 -6.65434 -3.99377 4.10802 -6.66462 -4.01389 4.13551 -6.6323 -3.67786 4.07184 -6.65458 -3.88973 4.10849 -6.6581 -3.88428 4.14208 -6.6275 -3.76147 4.10769 -6.65076 -3.8022 4.12904 -6.62835 -1.08994 3.44706 -6.61054 -2.56526 2.7123 -6.64868 -2.4639 2.66418 -6.64557 -2.35449 2.68248 -6.64383 -3.51396 4.07515 -6.65987 -3.63794 4.1094 -6.64256 -2.59052 2.84838 -6.64543 -2.4899 2.81078 -6.63433 -3.50124 4.10797 -6.64826 -3.60094 4.11862 -6.63016 -3.50461 4.11824 -6.63071 -3.42612 4.12904 -6.63093 -3.34837 4.12944 -6.62967 -2.53509 2.95047 -6.65523 -3.16031 4.13526 -6.62974 -3.04966 4.12531 -6.63547 -2.95182 4.12703 -6.62844 -2.39315 2.88608 -6.64554 -2.54824 3.46525 -6.63163 -2.53351 3.53043 -6.63213 -2.63119 3.05223 -6.65255 -2.54244 3.16245 -6.65473 -2.35765 3.01528 -6.65356 -2.37376 3.20218 -6.64917 -2.58643 3.32665 -6.65045 -2.14931 4.11332 -6.54224 -1.94004 4.09739 -6.57378 -1.80719 4.09345 -6.54669 -1.14997 3.7556 -6.6091 -3.67505 4.1224 -6.5936 -3.58549 4.12333 -6.60137 -3.51645 4.12251 -6.5953 -3.47461 4.13049 -6.54331 -1.18228 3.89479 -6.59625 -1.09606 3.82273 -6.59375 -3.27048 4.13039 -6.56452 -3.18754 4.13563 -6.59531 -3.10495 4.11346 -6.5364 -1.20957 3.96577 -6.59489 -2.99109 4.09911 -6.4964 -2.80538 4.11523 -6.56912 -1.5143 4.06339 -6.5518 -1.43435 4.06921 -6.55949 -1.31611 4.05571 -6.53794 -1.25466 4.03667 -6.55297 -4.35888 3.84928 -6.6042 -4.37248 3.9159 -6.60676 -4.45064 3.93938 -6.59781 -4.40284 4.00075 -6.59237 -4.32598 3.91234 -6.60946 -4.02044 3.82256 -6.61463 -4.06458 3.93622 -6.62477 -4.41962 4.11293 -6.60767 -4.36892 4.10813 -6.62295 -4.43401 4.07143 -6.59947 -4.40371 4.14264 -6.59402 -4.34198 4.13812 -6.59653 -4.2362 4.14073 -6.59187 -4.14051 4.13245 -6.59243 -3.98171 4.1304 -6.54601 -4.46424 3.98575 -6.57052 -4.45803 4.08873 -6.56547 -4.41167 4.14541 -6.56543 -4.37733 4.14738 -6.55498 -4.32492 4.13467 -6.52041 -4.25698 4.13708 -6.48635 -3.85802 4.13165 -6.54302 -3.76613 4.12163 -6.52698 -3.64168 4.12328 -6.47924 -3.54135 4.12349 -6.49676 -2.62529 4.11068 -6.49799 -2.47338 4.11543 -6.51771 -1.15719 3.93319 -6.58499 -2.35044 4.11258 -6.52607 -1.19622 4.00782 -6.53987 -1.13767 3.9669 -6.5589 -0.980779 3.92953 -6.58721 -1.00767 3.96738 -6.5639 -2.03005 4.10081 -6.49081 -1.91783 4.08842 -6.45422 -1.83426 4.09407 -6.42872 -4.44902 4.11508 -6.51909 -3.27958 4.1089 -6.44935 -2.9509 4.09616 -6.43628 -1.06909 4.00807 -6.50479 -0.991872 4.00428 -6.50287 -1.23324 4.03535 -6.51911 -4.08526 4.12816 -6.4852 -3.37743 4.12807 -6.47683 -1.54719 4.08632 -6.45157 -1.41261 4.06963 -6.4749 -1.34398 4.0605 -6.43626 -1.29112 4.05702 -6.48666 -2.80648 4.11016 -6.4589 -2.73928 4.10393 -6.41595 -4.45849 4.07005 -6.48347 -4.41005 4.13547 -6.46976 -2.20715 4.10548 -6.47551 -1.65578 4.08394 -6.42975 -3.96664 4.13271 -6.40642 -1.28114 4.08337 -6.43234 -1.23542 4.07204 -6.45702 -1.12127 4.05483 -6.44519 -3.80584 4.12001 -6.42116 -3.44687 4.11081 -6.41975 -3.06995 4.10148 -6.38908 -2.42541 4.09987 -6.36545 -1.74278 4.07836 -6.43744 -4.36431 4.14482 -6.40493 -1.54142 4.08241 -6.37673 -1.4617 4.06272 -6.41441 -2.24924 4.10271 -6.34687 -2.14559 4.0979 -6.36068 -1.35885 4.0677 -6.39673 -1.31599 4.08253 -6.37044 -1.26361 4.08282 -6.41635 -0.959877 4.03756 -6.40991 -4.44109 4.10311 -6.36174 -4.40623 4.1427 -6.39397 -3.59938 4.11338 -6.35333 -4.27803 4.12398 -6.37936 -4.12864 4.11989 -6.37831 -3.31942 4.09528 -6.3707 -3.16599 4.0946 -6.33022 -2.61326 4.11316 -6.40529 -2.50824 4.10513 -6.35133 -3.72738 4.12466 -6.38028 -2.03213 4.08502 -6.32449 -1.85022 4.08517 -6.34061 -4.44864 3.94405 -6.31249 -4.45512 4.02056 -6.39997 -4.18171 4.10328 -6.316 -1.40547 4.06665 -6.37535 -1.05664 4.05162 -6.36299 -1.14941 4.06065 -6.36019 -1.2155 2.40521 -6.38625 -1.21599 2.45535 -6.43067 -1.2976 2.49739 -6.38683 -1.17941 2.44934 -6.39366 -1.2536 2.53124 -6.42207 -1.21343 2.53099 -6.39435 -0.999239 4.05161 -6.37673 -1.28472 2.65524 -6.39614 -1.24195 2.64558 -6.40982 -1.26329 2.68235 -6.39703 -2.85611 4.09546 -6.32813 -2.73429 4.09558 -6.34698 -2.32929 4.09692 -6.3577 -1.63576 4.07158 -6.35636 -3.84794 4.11025 -6.35555 -1.93956 4.08477 -6.33368 -1.46894 4.08072 -6.33561 -1.68981 4.07559 -6.32762 -3.71148 4.1152 -6.31649 -1.28331 2.43865 -6.35961 -1.3265 4.07176 -6.34267 -1.34864 2.47861 -6.35599 -1.27752 4.07933 -6.37083 -1.16962 2.37986 -6.32085 -1.21704 2.37235 -6.3418 -1.22939 4.07327 -6.32964 -1.16159 2.44079 -6.32956 -1.19055 2.5509 -6.33422 -4.46091 4.00638 -6.348 -4.4802 4.06143 -6.31936 -4.37643 4.12325 -6.31319 -3.01683 4.10563 -6.32974 -2.90862 4.10127 -6.31321 -4.24375 4.1072 -6.32901 -1.21676 2.62597 -6.33363 -2.66048 4.12352 -6.3384 -2.62069 4.1321 -6.33482 -1.32356 2.72939 -6.36916 -1.28041 2.72033 -6.37852 -1.24838 2.69817 -6.36463 -1.31919 2.76875 -6.36262 -4.03285 4.11499 -6.29812 -1.65385 4.08252 -6.2663 -1.35578 4.05289 -6.32085 -1.41643 4.06882 -6.26049 -1.52976 4.09148 -6.28422 -3.90922 4.11152 -6.30437 -2.43347 4.13276 -6.29381 -2.31862 4.11909 -6.29304 -1.31301 4.10013 -6.30531 -1.27289 4.10679 -6.30447 -1.18782 4.0645 -6.30606 -1.13471 4.0643 -6.3207 -1.1062 4.06606 -6.32658 -1.01056 4.06106 -6.32282 -3.64499 4.10703 -6.3133 -3.53094 4.12287 -6.23031 -1.28516 2.40067 -6.32565 -1.24842 2.35652 -6.32346 -3.44562 4.11082 -6.27182 -1.31565 2.43921 -6.33128 -1.88432 4.11003 -6.29562 -1.37981 2.47834 -6.33115 -1.76707 4.07073 -6.26327 -3.35139 4.09698 -6.30346 -3.2787 4.0743 -6.27325 -3.23929 4.08527 -6.29992 -1.38977 2.62137 -6.3262 -3.12012 4.10231 -6.31109 -4.44215 4.1046 -6.29999 -4.4112 4.11539 -6.29255 -2.73962 4.09707 -6.32013 -1.38388 2.73879 -6.32225 -2.70969 4.1454 -6.28725 -2.54299 4.14163 -6.29148 -1.36114 2.78471 -6.32706 -1.23589 2.75213 -6.3397 -1.19038 2.63759 -6.30293 -4.13304 4.09805 -6.27773 -1.31553 2.8344 -6.3257 -1.27779 2.83889 -6.33512 -1.18919 2.85785 -6.31038 -1.26052 2.9072 -6.31577 -2.83919 4.10997 -6.29138 -1.24753 2.31266 -6.2709 -1.2805 2.3496 -6.25718 -2.66552 4.14022 -6.29285 -3.78251 4.10705 -6.24042 -1.28469 2.37411 -6.29331 -1.20198 2.91286 -6.31308 -1.2123 3.00587 -6.27222 -1.26541 2.95372 -6.29093 -1.19019 2.30239 -6.29227 -1.13352 2.3811 -6.29192 -1.38724 4.07679 -6.25906 -2.24442 4.12654 -6.28896 -3.18269 4.11188 -6.25344 -2.11231 4.12151 -6.28932 -3.0282 4.12769 -6.26002 -3.10777 4.10976 -6.25635 -1.9777 4.11536 -6.28676 -1.83457 4.09846 -6.26789 -1.1144 4.09714 -6.29175 -0.98165 4.09254 -6.28738 -4.49355 4.02453 -6.28555 -1.37427 2.44463 -6.2715 -1.41417 2.49205 -6.28981 -1.41597 2.61599 -6.29011 -1.31787 2.40825 -6.26982 -1.14456 2.47494 -6.28046 -1.412 2.70805 -6.28986 -1.39837 2.76022 -6.29121 -1.17216 2.68895 -6.29328 -1.13858 2.85618 -6.27331 -1.3448 2.83536 -6.29318 -1.3107 2.9026 -6.2899 -2.71712 4.13698 -6.2596 -1.59115 4.08679 -6.20361 -3.86639 4.10914 -6.19739 -2.64154 4.12924 -6.25642 -0.941776 2.69081 -6.26241 -0.757196 2.59906 -6.2555 -2.55061 4.13524 -6.25674 -1.46692 4.07134 -6.25162 -2.45599 4.13098 -6.2559 -1.17808 2.17509 -6.23165 -1.21004 2.25317 -6.26022 -3.703 4.11161 -6.26144 -3.61745 4.11059 -6.22669 -1.30444 4.09849 -6.25809 -1.19206 4.09243 -6.25247 -2.34373 4.12925 -6.25488 -1.09559 4.10461 -6.25686 -2.24657 4.12618 -6.25557 -0.964827 4.09894 -6.25497 -2.11736 4.11338 -6.24663 -2.01803 4.1142 -6.25031 -3.36389 4.09408 -6.24261 -1.09616 2.69176 -6.27372 -1.86108 4.10274 -6.25703 -1.10697 2.82537 -6.26465 -0.959794 2.87819 -6.25576 -1.72049 4.07336 -6.23493 -2.86307 4.11361 -6.25553 -4.36478 4.11738 -6.24835 -4.22151 4.10674 -6.20627 -3.9569 4.1131 -6.1932 -1.27695 2.98913 -6.24542 -1.22865 3.03821 -6.24589 -1.13376 2.96027 -6.26153 -1.18034 3.05991 -6.2529 -1.09105 3.10811 -6.24785 -1.42379 2.51966 -6.25709 -1.41146 2.64766 -6.25594 -1.09764 2.44901 -6.24993 -1.1268 2.56934 -6.27153 -1.38891 2.75311 -6.25688 -1.35047 2.84219 -6.25616 -1.02666 2.52004 -6.26155 -1.25282 3.43264 -6.22646 -1.24736 3.43952 -6.25949 -1.25304 3.53687 -6.22988 -2.30294 2.53805 -6.22157 -2.34209 2.42797 -6.21718 -2.25638 2.46675 -6.22519 -2.56364 4.10934 -6.22235 -1.23799 3.56823 -6.23859 -1.28648 3.64489 -6.21985 -2.15312 3.14309 -6.2303 -2.1326 3.25909 -6.22889 -2.16997 3.27415 -6.23459 -1.21321 3.43352 -6.25797 -2.28566 4.10893 -6.22158 -1.14531 3.51053 -6.22512 -2.13234 3.3833 -6.24076 -1.16566 3.42835 -6.23955 -2.16463 2.46166 -6.224 -2.16612 2.51977 -6.24397 -1.17961 3.66243 -6.22081 -2.07645 3.3313 -6.22424 -2.06512 3.41461 -6.24066 -2.08019 4.07966 -6.21895 -1.25608 3.67364 -6.22497 -2.73948 2.25232 -6.22271 -2.77982 2.14908 -6.22534 -2.70614 2.1041 -6.23103 -2.10579 3.52311 -6.23891 -2.2627 3.60241 -6.23538 -1.34167 3.68759 -6.21635 -1.34497 3.7388 -6.23029 -1.38336 3.74627 -6.22304 -2.62828 2.0916 -6.22999 -2.53938 2.24049 -6.22307 -2.01528 3.41835 -6.22151 -1.88842 4.07611 -6.22574 -2.00711 3.46699 -6.24848 -2.59466 2.06198 -6.22409 -2.52898 2.20562 -6.2202 -1.97446 3.46768 -6.22076 -1.82143 4.09978 -6.21526 -1.78859 4.1066 -6.20678 -3.77254 4.10944 -6.18784 -1.67646 4.10583 -6.20016 -1.40338 3.88628 -6.21904 -3.64347 4.11595 -6.18142 -2.18163 2.58238 -6.2336 -1.34618 3.86688 -6.2276 -3.44345 4.11474 -6.21659 -3.38873 4.09792 -6.19033 -2.3569 2.64398 -6.22748 -2.20402 2.62083 -6.23076 -3.24211 4.0952 -6.22216 -3.15452 4.10468 -6.21205 -3.00721 4.11423 -6.21672 -2.80222 2.30003 -6.22507 -1.52506 4.06552 -6.1691 -1.43141 4.0307 -6.21589 -1.39274 4.03795 -6.22424 -2.68462 1.88212 -6.21988 -2.63762 1.90778 -6.22821 -2.71326 1.96311 -6.22632 -2.82835 4.09506 -6.2215 -1.34596 4.06584 -6.21895 -2.75593 4.08549 -6.21401 -2.79148 2.09156 -6.22151 -1.21249 4.07101 -6.21841 -1.11921 4.08491 -6.21809 -0.977845 4.07965 -6.21608 -2.45501 2.70953 -6.2189 -2.40795 2.74645 -6.22424 -2.30323 2.7173 -6.23872 -2.29265 2.86067 -6.2269 -2.17771 2.69335 -6.23165 -2.50622 3.41594 -6.2288 -2.33683 3.4387 -6.23547 -2.57852 3.52762 -6.22728 -2.51511 3.67585 -6.22124 -1.2949 2.94869 -6.17585 -2.21773 2.76824 -6.23482 -2.5009 2.85175 -6.2223 -2.39927 2.89284 -6.2237 -2.27359 3.82665 -6.21928 -1.18331 3.10911 -6.21744 -2.08514 3.79337 -6.2247 -1.08127 3.15527 -6.22185 -1.40553 2.47546 -6.2224 -1.37619 2.43796 -6.22257 -1.40303 2.50489 -6.19011 -1.08547 3.3473 -6.21936 -1.17467 3.39219 -6.22762 -1.13294 3.34635 -6.21776 -2.13345 2.91363 -6.23824 -1.41185 2.58844 -6.20866 -1.21428 3.40298 -6.21638 -1.99626 3.531 -6.24502 -1.9523 3.53419 -6.22607 -1.3263 2.40796 -6.2042 -1.08211 3.44241 -6.22209 -1.97331 3.62039 -6.22689 -1.34558 2.76111 -6.20517 -2.10717 2.48945 -6.22168 -2.12512 2.56526 -6.21072 -4.49387 3.96297 -6.22305 -4.48309 4.02634 -6.1867 -2.00699 3.68855 -6.22763 -4.47572 4.07421 -6.21031 -1.31792 2.8685 -6.1774 -4.44479 4.10972 -6.20476 -4.40472 4.11613 -6.17366 -2.16707 2.62275 -6.22117 -1.94551 3.72745 -6.22224 -4.31396 4.10552 -6.15867 -2.15889 2.79928 -6.2416 -0.864263 3.05272 -6.23739 -2.11014 2.78297 -6.22325 -2.11757 2.82467 -6.24063 -4.1466 4.0951 -6.18797 -2.07474 2.85328 -6.23044 -1.93199 3.81178 -6.22766 -1.93008 3.88102 -6.22425 -2.0879 3.93419 -6.22004 -2.42948 3.05881 -6.22935 -2.55173 3.11657 -6.22276 -2.363 3.04418 -6.23192 -1.90396 3.71351 -6.21651 -1.88856 3.78318 -6.23755 -2.42673 3.31472 -6.23224 -1.85454 3.76529 -6.22785 -1.85321 3.80203 -6.2309 -1.037 3.14837 -6.24177 -1.02122 3.20306 -6.22848 -1.87928 3.83959 -6.22191 -0.913062 3.19496 -6.22981 -1.89322 3.90656 -6.2171 -2.66941 4.10408 -6.229 -2.18374 3.01054 -6.2367 -0.897407 3.35192 -6.22275 -1.01903 3.2899 -6.22291 -2.37844 3.17402 -6.23602 -2.66624 3.16489 -6.22042 -2.76711 3.37954 -6.21752 -1.21309 2.18293 -6.22435 -1.2562 2.25138 -6.20365 -2.13197 2.98574 -6.24352 -1.29676 2.3023 -6.18088 -2.09485 2.96789 -6.2273 -2.06712 2.88713 -6.22122 -2.1395 3.04145 -6.22423 -2.10483 3.01722 -6.21601 -1.28069 2.99982 -6.15494 -2.57324 4.07091 -6.19983 -2.38714 4.02742 -6.20596 -2.29138 4.07495 -6.2072 -2.52857 2.07451 -6.18911 -2.12624 3.06714 -6.19419 -2.11829 3.21202 -6.1894 -2.47968 2.17475 -6.1884 -1.23396 3.06838 -6.16133 -2.92626 2.95925 -6.20705 -3.08966 2.95686 -6.19711 -3.09354 2.77943 -6.19781 -2.62821 2.4277 -6.21256 -2.07243 3.28429 -6.19045 -1.15701 3.14126 -6.18664 -1.14962 3.32155 -6.18981 -1.06518 3.2667 -6.19008 -2.46053 2.32045 -6.21286 -2.02361 3.38198 -6.1814 -1.19839 3.39166 -6.19256 -2.46275 2.42066 -6.21671 -2.41791 2.28316 -6.18724 -2.93346 2.67041 -6.21183 -2.85525 2.79103 -6.21298 -1.99641 3.43035 -6.17972 -3.26815 3.47044 -6.17739 -2.9732 3.28009 -6.19985 -3.07521 3.54368 -6.19217 -2.92728 2.58565 -6.21693 -2.81842 2.69058 -6.20798 -1.24823 3.47103 -6.14948 -2.79553 2.75346 -6.21509 -2.16587 4.04742 -6.21073 -1.07439 3.18389 -6.18489 -1.05854 3.22536 -6.1905 -1.05188 3.26966 -6.21104 -2.69157 2.7665 -6.21362 -1.29681 3.61037 -6.18787 -1.26959 3.55213 -6.16905 -1.91285 4.0327 -6.21375 -2.78945 3.55352 -6.216 -1.87506 3.96296 -6.18608 -1.85674 4.05968 -6.19169 -1.44803 3.87947 -6.18858 -2.86681 3.77039 -6.19933 -1.40215 3.98058 -6.2164 -1.44017 3.96207 -6.18498 -1.45896 4.03443 -6.18926 -2.75993 2.9147 -6.21995 -1.75786 4.08814 -6.18071 -1.23042 3.98406 -6.21291 -1.05205 3.92657 -6.20712 -3.33055 2.62472 -6.18707 -3.17531 2.41675 -6.18081 -3.09707 2.48362 -6.20133 -3.23218 2.47232 -6.18075 -1.33682 4.00827 -6.21467 -1.10893 4.03595 -6.20147 -3.23405 3.76735 -6.18407 -2.99138 2.54255 -6.20182 -3.04358 2.46231 -6.18925 -3.07676 2.58414 -6.1884 -2.719 3.75123 -6.20906 -3.33401 2.96972 -6.19303 -3.03417 3.12967 -6.20205 -2.99424 2.49133 -6.18359 -1.40124 2.40945 -6.16211 -1.41319 2.44223 -6.18712 -1.42328 2.47582 -6.16347 -2.84976 2.49798 -6.21383 -2.93427 2.53152 -6.20448 -2.89307 2.47488 -6.18616 -2.84282 2.25756 -6.21248 -2.80714 2.45428 -6.21511 -2.86007 2.40599 -6.19847 -2.7579 2.52611 -6.21223 -0.969688 3.70763 -6.21076 -1.32245 2.3744 -6.16843 -1.34557 2.66022 -6.1305 -3.06357 3.88635 -6.1865 -3.09544 2.66471 -6.1877 -3.2414 3.12661 -6.19147 -2.83436 2.6044 -6.2132 -1.16979 2.15284 -6.1806 -1.23738 2.2001 -6.18974 -2.73109 2.56418 -6.20761 -2.76227 2.64648 -6.18027 -2.73118 2.65718 -6.17776 -2.85516 4.02312 -6.19299 -3.25826 2.85613 -6.18827 -3.21438 2.76877 -6.18819 -3.00846 4.06555 -6.18533 -2.76144 4.03446 -6.19392 -3.53812 4.11389 -6.18697 -2.76262 3.10524 -6.21714 -0.956726 3.99677 -6.1976 -3.26933 4.0935 -6.18816 -3.21885 4.08033 -6.18194 -3.12208 4.07911 -6.17909 -2.58809 3.96581 -6.20376 -2.3991 3.89329 -6.20835 -2.78073 1.96382 -6.19639 -2.85816 2.10173 -6.18408 -2.56273 2.54351 -6.20888 -2.85838 2.13881 -6.20276 -2.87873 2.23315 -6.18666 -2.54624 2.68306 -6.20829 -2.68503 1.8082 -6.18418 -2.63732 1.80955 -6.19571 -2.55834 1.78456 -6.16049 -2.58158 1.8625 -6.1931 -2.5524 1.9541 -6.19183 -2.32132 2.32467 -6.18444 -2.25018 2.36752 -6.18448 -2.17111 2.40054 -6.18969 -1.93969 3.52264 -6.18739 -1.94398 3.58709 -6.17999 -1.90281 3.67911 -6.18992 -2.58795 2.73837 -6.19712 -1.84901 3.75684 -6.19649 -2.52156 2.75088 -6.20158 -2.52523 2.8286 -6.22054 -1.92848 3.97281 -6.21412 -1.83088 3.8228 -6.14956 -1.85643 3.88436 -6.17368 -2.08844 2.43644 -6.17786 -2.66896 4.04955 -6.20415 -2.07604 2.48706 -6.18609 -2.13883 2.61718 -6.18321 -2.14278 2.66338 -6.182 -2.11925 2.73653 -6.19019 -2.0442 2.83442 -6.18251 -2.04792 2.8895 -6.19116 -2.08286 2.97371 -6.18794 -4.15303 4.0741 -6.1546 -3.96 4.07524 -6.15613 -2.18485 2.37884 -6.15812 -3.3285 3.87148 -6.17868 -3.75122 4.07496 -6.15638 -2.093 2.73816 -6.11775 -3.14837 4.04177 -6.16953 -2.02788 2.82907 -6.12729 -2.05137 2.93163 -6.13135 -2.10019 3.00074 -6.15249 -2.12456 3.11429 -6.13173 -2.1299 3.21182 -6.10684 -2.11156 3.23217 -6.15418 -1.59373 4.10302 -6.08829 -2.0609 3.28867 -6.15705 -1.47514 3.99737 -6.11564 -1.48565 4.04039 -6.12738 -2.04257 3.32125 -6.14887 -1.11486 2.1057 -6.16156 -3.66842 3.68935 -6.15468 -3.80619 3.68821 -6.1491 -3.66478 3.51017 -6.15519 -3.42726 3.74644 -6.1693 -3.56666 3.83912 -6.16672 -3.44422 3.55915 -6.16222 -3.50009 3.41657 -6.16276 -1.25327 2.21172 -6.10919 -1.20214 2.17511 -6.15135 -1.33919 2.37125 -6.14261 -1.31112 2.32891 -6.10706 -3.82534 4.04357 -6.15065 -3.60989 4.04193 -6.15658 -3.67942 3.15385 -6.1638 -3.84926 3.15677 -6.15102 -3.32469 3.5873 -6.17606 -3.58024 4.07951 -6.16221 -3.70248 3.94475 -6.15592 -3.46875 2.89708 -6.18416 -3.58934 3.01739 -6.16945 -4.48812 3.83852 -6.1442 -4.47096 4.0213 -6.15791 -4.43455 4.0636 -6.13866 -3.41055 4.03418 -6.16493 -3.39698 4.07331 -6.17097 -3.30711 4.03969 -6.16218 -3.29895 4.07404 -6.17131 -3.07889 2.33649 -6.1562 -3.03379 2.3913 -6.16624 -3.22421 2.63714 -6.17455 -2.83447 1.94431 -6.12115 -2.88004 2.05116 -6.12374 -2.95919 2.37241 -6.13058 -2.95275 2.45766 -6.14816 -2.91184 2.43535 -6.15636 -1.94889 3.49869 -6.15645 -1.90925 3.62758 -6.15211 -1.88543 3.68386 -6.15168 -1.85487 3.75318 -6.12523 -1.85887 3.98168 -6.16319 -1.81898 4.05401 -6.13897 -1.78993 4.07239 -6.13759 -1.45594 3.7252 -6.12253 -1.45208 3.75491 -6.15158 -1.31435 3.61261 -6.14493 -3.42567 3.1487 -6.1767 -1.3769 3.64827 -6.14971 -2.91059 2.20118 -6.14894 -1.48528 3.85511 -6.14206 -1.44479 2.44182 -6.1512 -3.28159 3.234 -6.18576 -2.9334 2.29001 -6.13154 -3.77559 3.32442 -6.15328 -1.37356 2.6025 -6.15075 -1.32955 2.76332 -6.13167 -1.29899 2.87309 -6.10778 -1.19312 3.32261 -6.15416 -1.14471 3.31341 -6.15436 -1.07721 3.29174 -6.12707 -1.21772 3.33695 -6.1285 -1.21562 3.42396 -6.12496 -1.12202 3.16177 -6.14908 -1.06498 3.20513 -6.1053 -1.05707 3.25596 -6.10911 -2.52195 1.85393 -6.17334 -2.50141 1.8855 -6.16813 -2.48166 1.97558 -6.17608 -2.46242 2.06529 -6.17682 -2.43549 2.03937 -6.14545 -2.38981 2.15973 -6.15586 -2.41305 2.18196 -6.17947 -2.36677 2.26152 -6.17771 -2.32485 2.27626 -6.15646 -2.24433 2.33998 -6.14757 -4.0245 3.94618 -6.15265 -2.06933 2.4337 -6.11604 -2.18013 2.3682 -6.09597 -1.51215 2.44292 -6.1171 -1.45461 2.39052 -6.09392 -1.41129 2.39035 -6.1114 -1.5255 4.07504 -6.09743 -1.98183 3.4918 -6.07839 -1.45319 2.4752 -6.13409 -1.40904 3.63151 -6.11823 -1.4444 3.60401 -6.0872 -1.96269 3.57291 -6.07729 -1.48849 2.4773 -6.12591 -1.41044 2.4928 -6.11655 -1.37642 2.53285 -6.11668 -2.04075 2.47448 -6.10829 -2.05027 2.5068 -6.09556 -2.10601 2.56474 -6.09429 -1.27413 3.59253 -6.02897 -1.35789 2.62392 -6.11161 -2.91419 2.08455 -6.12168 -1.3506 3.62928 -6.09498 -1.85642 3.91393 -6.0892 -1.82359 4.0212 -6.08752 -2.11725 2.64685 -6.06978 -1.50672 3.78873 -6.08211 -1.70693 4.09526 -6.08627 -1.29007 3.0017 -6.11894 -1.51273 3.86291 -6.08472 -1.23646 3.10831 -6.10603 -1.19153 3.12376 -6.1224 -3.0048 2.17885 -6.10481 -1.10822 3.16661 -6.08099 -1.17965 3.32103 -6.11118 -3.05866 2.29253 -6.13471 -2.98071 2.29799 -6.11807 -1.11437 3.31127 -6.11078 -2.96054 2.13383 -6.10427 -1.2148 3.3594 -6.10094 -2.05535 2.97501 -6.12347 -2.09369 3.0212 -6.10916 -2.12307 3.10332 -6.07895 -2.1034 3.26786 -6.05903 -2.03327 3.36464 -6.09611 -2.00589 3.44258 -6.04181 -2.51628 1.79979 -6.11465 -3.88376 3.52141 -6.15093 -1.21718 2.13518 -6.08902 -1.24166 2.17654 -6.08715 -1.17262 2.07004 -6.08586 -2.47191 1.92143 -6.12752 -2.39905 2.07626 -6.05693 -2.35451 2.21745 -6.11612 -3.97891 3.33922 -6.14373 -4.04016 3.53429 -6.14981 -4.44109 3.80562 -6.12675 -4.44335 3.89304 -6.1259 -4.3992 3.92025 -6.1257 -4.26346 3.77837 -6.14578 -4.09075 3.72327 -6.14525 -4.08847 3.85028 -6.15143 -4.21141 3.86439 -6.14152 -4.13503 3.91109 -6.14432 -4.21974 3.97214 -6.13876 -4.1153 4.03566 -6.14753 -4.32904 4.06554 -6.12705 -1.18182 3.34173 -6.04467 -2.11319 2.3887 -6.07498 -2.02135 2.7739 -6.06474 -1.99296 2.805 -6.06309 -2.00231 2.85563 -6.07578 -1.19919 3.36475 -6.06338 -1.19576 3.43789 -6.02629 -2.03772 2.44319 -6.09579 -2.0299 2.91513 -6.09079 -2.0979 3.11051 -6.02813 -1.98189 2.43989 -6.07573 -1.49569 3.62868 -6.05646 -1.47778 3.69079 -6.0807 -1.97404 2.47778 -6.07623 -1.40541 3.6116 -6.08958 -2.00446 2.98622 -6.10812 -2.00848 3.02537 -6.10465 -1.94693 2.94716 -6.05632 -1.25377 3.50154 -6.04599 -1.95282 3.02223 -6.06832 -2.06664 3.31149 -6.0335 -1.51482 4.03656 -6.07079 -1.88456 3.6733 -6.0443 -1.83859 3.8145 -6.08422 -1.56082 2.44023 -6.09981 -1.69579 2.43849 -6.08294 -1.69648 2.40993 -6.07167 -1.56985 2.35096 -6.05354 -1.59331 2.47673 -6.08774 -1.49987 2.49643 -6.08516 -1.75486 4.06922 -6.04999 -1.43419 2.52223 -6.05678 -1.25636 2.25246 -6.07019 -1.33812 2.72856 -6.04543 -1.32734 2.33774 -6.03675 -2.196 1.8198 -6.04701 -2.16313 1.79389 -6.13227 -2.16512 1.82575 -6.0735 -2.12736 1.80953 -6.13674 -2.13168 1.81275 -6.07035 -2.44972 1.96909 -6.05821 -1.28183 3.10455 -6.05472 -1.17563 3.1511 -6.07352 -2.3585 2.19258 -6.06593 -2.27698 2.28938 -6.04841 -1.11366 3.3135 -6.04153 -2.05164 2.71619 -6.02735 -1.44495 3.59013 -6.05275 -1.48307 3.60137 -6.04112 -1.99805 2.36446 -5.99694 -1.3806 3.62287 -5.98789 -1.93646 2.84724 -6.048 -1.9334 2.47774 -6.04697 -1.96993 2.5063 -6.05512 -2.04774 2.5369 -6.04534 -1.3142 3.62546 -6.03398 -2.08637 2.59521 -6.03126 -1.56106 3.87274 -6.04105 -1.56266 3.77303 -6.00089 -1.51357 3.71777 -6.02121 -1.56077 3.93632 -6.05488 -1.6533 2.38672 -6.04716 -1.55236 4.04446 -6.04785 -1.84834 2.49326 -6.07498 -1.92114 2.52067 -6.04857 -1.88782 2.48495 -6.05313 -1.83589 2.44658 -6.05073 -1.75968 2.47501 -6.05761 -1.58935 2.49709 -6.04706 -1.71604 2.47213 -6.04937 -1.77468 2.44207 -6.0551 -1.55832 4.07146 -6.05349 -1.66319 4.08015 -6.04969 -1.39507 2.3633 -6.04818 -1.79599 2.51883 -6.04992 -1.8238 2.53616 -6.07036 -1.92852 3.0238 -6.03486 -1.41577 2.55994 -6.03363 -1.31594 2.79527 -6.0313 -2.06787 3.12383 -6.00217 -1.30267 2.87608 -5.99112 -1.29988 2.91759 -5.97208 -1.30077 3.01472 -5.96036 -2.14812 3.18795 -5.99055 -1.23329 3.16907 -6.02965 -1.18335 3.19101 -6.03417 -1.13651 3.19064 -6.02991 -1.95904 3.12789 -5.9923 -1.86193 2.54699 -6.07694 -2.00874 3.39012 -6.03039 -1.99753 3.48484 -6.01693 -1.85866 3.75739 -6.01808 -1.83003 3.80079 -6.03303 -1.82577 3.83946 -6.04844 -1.82579 3.91227 -6.04651 -1.80479 4.01676 -6.05285 -1.1257 2.04063 -6.05513 -1.21312 2.10056 -6.04807 -1.49099 2.34368 -6.05239 -1.21053 2.17918 -6.0231 -1.24757 2.26752 -6.02136 -2.45413 1.91301 -6.02426 -2.20965 2.31656 -6.02575 -1.4923 2.5147 -6.01405 -2.09794 2.33978 -6.01217 -1.456 2.54173 -5.97032 -1.78051 3.87377 -6.02591 -1.39633 2.63402 -6.00391 -1.96403 2.38007 -5.983 -1.92984 2.44536 -6.01637 -1.72431 3.93253 -6.0145 -1.73678 3.95972 -6.03255 -1.28279 3.16995 -5.94735 -1.1149 3.202 -5.98937 -1.16865 3.32653 -5.99938 -1.98422 2.55618 -6.01479 -2.02637 2.5751 -6.0064 -1.07573 3.22249 -6.00893 -1.73259 4.03504 -6.03412 -1.64879 3.98111 -6.04106 -1.64421 3.93549 -6.01124 -1.08931 3.28864 -5.9574 -1.77595 2.38161 -5.98918 -1.88874 2.3962 -5.96186 -1.45519 3.60616 -5.98071 -1.67091 2.35665 -5.99363 -1.75507 2.54642 -5.98544 -2.12825 1.73908 -5.97045 -2.14198 1.82953 -5.99338 -2.41894 1.99453 -6.01503 -2.35888 2.08802 -5.99786 -1.82552 2.62294 -6.0277 -1.18045 2.07989 -6.01571 -1.12262 2.05371 -6.00771 -1.88967 2.63779 -6.02646 -1.94735 2.64268 -5.99485 -1.63152 2.35405 -6.00688 -1.86075 2.66731 -6.02264 -2.27334 2.23664 -5.99118 -1.59682 3.89704 -6.01179 -1.57655 2.33286 -6.02869 -2.16603 1.86163 -5.99981 -2.06525 2.66459 -6.01432 -1.98569 2.74406 -6.02384 -1.44804 2.34526 -5.9811 -1.90745 2.7136 -6.01842 -1.91781 2.78261 -6.02646 -1.92676 2.92723 -6.01297 -1.91436 2.82369 -6.01113 -1.36953 2.33977 -6.00335 -2.1363 3.14846 -5.99711 -2.00937 3.15585 -5.98607 -2.03011 3.36262 -5.97458 -1.94936 3.59427 -5.9715 -1.89659 3.66936 -5.95536 -1.71108 2.54851 -5.9632 -1.58494 2.5418 -5.98495 -1.7898 3.82712 -5.98878 -1.73494 3.90427 -5.98368 -1.50727 2.54044 -5.94489 -2.18414 2.27416 -5.97865 -1.44458 2.58652 -5.93253 -1.36103 2.70835 -5.93322 -1.16379 2.13732 -5.93333 -1.60666 2.33968 -5.95114 -1.93069 2.38009 -5.93522 -1.30357 3.09858 -5.93107 -2.00767 2.68104 -5.99319 -1.22503 3.23226 -5.9806 -1.19751 3.24176 -5.9769 -2.42016 1.83874 -5.98004 -2.39444 1.95851 -5.98164 -1.28232 2.28795 -5.98128 -1.08143 3.25551 -5.90248 -2.20798 1.86046 -6.00036 -1.77274 2.58519 -5.95902 -1.55424 3.64553 -5.96379 -1.5217 3.60879 -5.97368 -1.57298 3.70554 -5.95382 -1.25623 3.49666 -5.95407 -1.2774 3.53293 -5.96597 -1.28958 3.56227 -5.94324 -1.21645 3.45846 -5.94701 -1.34861 3.62073 -5.95052 -1.31691 3.59994 -5.92684 -1.5936 3.82972 -5.95174 -1.87936 2.71824 -5.98821 -1.91276 2.88208 -5.91108 -1.92348 3.10141 -5.96089 -2.1353 3.23832 -5.94112 -2.07618 3.3083 -5.96679 -1.77168 2.33622 -5.95191 -1.84231 2.35548 -5.94648 -1.66696 2.32758 -5.95226 -1.67345 2.55587 -5.93358 -1.80062 3.78987 -5.90343 -2.33866 1.71877 -5.99133 -2.33529 1.82981 -5.97011 -1.76817 3.85378 -5.92845 -1.85648 2.70281 -5.90858 -1.88492 2.76312 -5.92302 -1.68993 3.91162 -5.90296 -1.72343 3.89775 -5.90356 -1.4394 2.31778 -5.93956 -2.13693 3.17251 -5.8932 -2.09277 3.14703 -5.91921 -1.65612 3.90423 -5.92554 -1.21534 2.22098 -5.92142 -2.25775 1.84843 -5.97867 -1.32986 2.79609 -5.91656 -1.37956 2.24415 -5.89348 -1.29258 2.27274 -5.95517 -1.25841 2.2576 -5.93167 -2.02373 3.43827 -5.93177 -1.97234 3.5254 -5.90729 -1.8654 3.72539 -5.90573 -1.15297 3.22277 -5.89663 -1.17144 3.32291 -5.94112 -1.19453 3.36037 -5.92047 -1.20688 3.41338 -5.89704 -1.09402 3.22108 -5.91013 -1.29196 3.49532 -5.93016 -2.33829 1.92341 -5.95841 -1.63143 3.76807 -5.87999 -1.63599 3.86759 -5.92025 -2.20666 1.93361 -5.95403 -2.26996 1.98177 -5.9404 -2.19709 2.03184 -5.92566 -2.2626 2.05678 -5.93974 -2.26764 2.14979 -5.95484 -2.208 2.20264 -5.95307 -2.14706 1.87187 -5.94387 -2.16576 1.9343 -5.95203 -2.06682 2.23794 -5.93104 -2.02921 2.25347 -5.92598 -1.85169 2.30374 -5.91136 -1.77177 2.23684 -5.92053 -1.6933 2.25068 -5.92381 -1.624 2.30818 -5.91527 -1.79598 2.626 -5.90046 -1.91362 2.95698 -5.89399 -1.57684 2.31637 -5.9083 -1.59603 2.55173 -5.86794 -2.11933 2.15015 -5.90775 -2.02792 3.18909 -5.89181 -1.99531 3.19364 -5.88654 -1.32124 2.24452 -5.89844 -1.48236 2.57485 -5.89923 -1.25243 2.25656 -5.85734 -1.22212 2.23251 -5.85482 -2.12804 1.95558 -5.91304 -1.41756 2.67786 -5.83398 -2.13107 2.01681 -5.90957 -2.02583 3.37247 -5.8507 -1.94222 3.59899 -5.88405 -1.8816 3.66418 -5.88067 -1.31778 3.03597 -5.88419 -1.99718 2.26865 -5.90372 -1.96242 2.31932 -5.88372 -1.25179 3.23072 -5.89023 -1.21292 3.23943 -5.86832 -1.13907 3.32051 -5.87274 -1.50396 3.62786 -5.90144 -1.57193 3.6655 -5.90851 -1.47381 3.63171 -5.8595 -1.23948 3.47252 -5.87499 -1.30747 3.53005 -5.91623 -1.61279 3.71322 -5.88538 -1.36021 2.77279 -5.84787 -1.6862 2.20845 -5.89138 -1.34978 2.90471 -5.79577 -1.16297 2.06449 -5.81806 -1.33038 2.97697 -5.84397 -1.61476 2.2234 -5.83811 -1.7001 2.59526 -5.81742 -1.3158 3.13913 -5.83005 -1.27563 3.2169 -5.83647 -1.51561 2.25259 -5.86839 -1.41786 2.20837 -5.85248 -1.1057 3.29352 -5.87052 -1.19617 3.35463 -5.87093 -1.8872 2.833 -5.8554 -2.14415 1.78896 -5.86049 -1.37516 3.62221 -5.8818 -1.29786 3.49381 -5.85112 -1.3154 3.51196 -5.82843 -1.32048 3.5562 -5.85274 -2.13442 3.20636 -5.83085 -1.65987 3.87053 -5.86708 -2.08851 2.02123 -5.84915 -2.10533 2.07458 -5.88219 -1.91444 3.16553 -5.82421 -1.72608 3.86211 -5.84821 -1.95775 3.19879 -5.83141 -2.03417 2.14157 -5.85652 -2.13542 3.25795 -5.86755 -2.01299 2.20203 -5.8773 -1.99644 3.44419 -5.83095 -1.9276 2.3138 -5.86021 -1.8142 2.19048 -5.87385 -1.73791 2.16347 -5.87994 -1.89291 2.25382 -5.82029 -1.63378 2.57721 -5.79331 -1.94046 3.52139 -5.8314 -1.3519 2.2051 -5.82891 -1.77649 2.67576 -5.80082 -1.80304 3.73807 -5.80775 -2.13596 1.81813 -5.81976 -1.76087 3.79256 -5.82073 -1.87786 2.94465 -5.80252 -1.69005 3.87445 -5.83686 -1.54378 2.59465 -5.78445 -2.09923 3.18827 -5.81345 -2.06301 3.19523 -5.78745 -1.12562 3.24892 -5.83712 -1.88121 3.0559 -5.84252 -1.26743 3.44249 -5.78234 -1.56908 3.66523 -5.83822 -1.63419 3.73609 -5.83854 -1.96779 2.27994 -5.84088 -1.43658 3.62692 -5.82376 -1.3494 3.59759 -5.85204 -2.05982 3.32735 -5.8235 -1.64891 3.84181 -5.81072 -1.74157 2.09054 -5.81725 -1.79479 2.07976 -5.79557 -1.68797 2.08174 -5.7992 -1.63569 2.15167 -5.81448 -1.35543 2.12046 -5.79808 -1.38902 2.13195 -5.82733 -1.96946 3.44506 -5.77099 -2.08939 1.92966 -5.79552 -1.29255 2.24236 -5.80711 -1.79222 2.71543 -5.78663 -1.17306 2.07908 -5.7639 -2.03806 2.06437 -5.79684 -1.60339 2.58565 -5.77163 -1.60708 2.17834 -5.81514 -1.85984 3.60283 -5.76444 -1.48777 2.16069 -5.82163 -1.37879 3.04628 -5.77782 -1.98557 2.21019 -5.79804 -1.42909 2.01885 -5.78151 -1.96084 2.25309 -5.8057 -1.30776 3.22973 -5.75868 -1.26514 3.25327 -5.77861 -1.17133 3.25465 -5.78223 -1.14539 3.29277 -5.79096 -1.83435 2.10772 -5.79032 -1.1921 3.32394 -5.75625 -1.23648 3.35631 -5.81136 -1.26445 3.38249 -5.75992 -1.48196 3.64483 -5.7954 -1.40206 3.60357 -5.79012 -1.84186 3.01951 -5.77339 -1.38793 3.5659 -5.75674 -2.09168 1.70104 -5.75652 -2.11364 3.26562 -5.79784 -2.02628 3.21239 -5.76548 -1.97081 3.2267 -5.76768 -2.00395 3.36788 -5.77421 -1.90791 3.52512 -5.79077 -2.03785 1.96279 -5.7453 -1.31853 2.16384 -5.74769 -1.373 3.09496 -5.75813 -1.34541 3.16062 -5.74438 -1.80201 2.7885 -5.75919 -1.24426 2.1851 -5.75734 -1.23256 3.26627 -5.74123 -1.80709 3.63285 -5.74743 -1.59459 2.07908 -5.78708 -1.75396 3.67999 -5.73825 -1.73053 2.00576 -5.76386 -1.44855 2.70612 -5.77755 -1.57641 3.7079 -5.71883 -1.69333 3.77887 -5.68704 -1.69492 3.84003 -5.77691 -1.66816 1.97208 -5.75253 -1.37428 2.86187 -5.77366 -1.3934 3.51919 -5.72347 -1.96771 2.19541 -5.75575 -1.92692 2.18837 -5.7434 -1.89202 2.16542 -5.75069 -1.86272 3.06918 -5.78649 -1.37109 2.00993 -5.77195 -1.86219 3.09907 -5.75002 -1.90891 3.21237 -5.78024 -1.68009 2.62261 -5.7635 -1.34902 2.04036 -5.76707 -2.10068 3.2209 -5.77332 -1.18646 2.03701 -5.77418 -1.22754 1.99843 -5.76303 -2.05546 3.29464 -5.72295 -2.07863 1.80689 -5.7218 -1.39509 2.91131 -5.74534 -1.41655 3.02086 -5.74643 -1.77237 1.93333 -5.71477 -1.83637 1.99956 -5.70888 -1.86826 3.16 -5.73684 -1.30984 3.39885 -5.71038 -1.55094 2.65657 -5.73924 -1.75028 2.72827 -5.74846 -2.04826 3.22537 -5.73478 -1.42475 3.59696 -5.71945 -2.05826 3.2584 -5.71426 -1.81234 2.91201 -5.74044 -1.49275 3.66734 -5.71398 -2.02367 2.02462 -5.71143 -1.29771 1.98795 -5.7507 -1.32324 2.04214 -5.74323 -1.44805 3.62936 -5.72953 -1.90901 3.2492 -5.74595 -2.00077 2.09819 -5.72011 -1.77677 2.98141 -5.73449 -1.82156 3.06295 -5.74994 -1.23462 1.96205 -5.74781 -1.26674 2.0291 -5.7375 -1.31682 3.46181 -5.73421 -1.32336 2.10372 -5.72465 -1.43427 2.81262 -5.73871 -1.19522 3.29183 -5.73359 -1.87349 3.22041 -5.75828 -1.6094 3.77003 -5.71812 -1.8385 3.2579 -5.72509 -1.90249 3.45844 -5.70101 -1.2778 2.15475 -5.72151 -1.19832 2.1097 -5.73564 -1.68755 3.83831 -5.71732 -1.65393 3.85938 -5.71515 -1.61862 1.90522 -5.74036 -1.43592 1.92834 -5.7491 -1.68883 2.78765 -5.71441 -1.8084 3.13409 -5.69226 -1.26393 3.33165 -5.70361 -1.81945 1.80116 -5.65976 -1.6401 1.81573 -5.72382 -1.62533 2.72342 -5.71075 -1.52448 3.04467 -5.72047 -1.46107 2.90489 -5.71346 -1.45878 2.99525 -5.72893 -1.81112 3.53157 -5.70205 -1.70623 3.05154 -5.72613 -1.76045 3.08927 -5.73233 -1.70093 3.0858 -5.70232 -1.75653 3.59548 -5.6821 -1.48493 3.07951 -5.73269 -1.20124 1.85523 -5.69004 -1.43554 3.07619 -5.73784 -1.5731 2.80866 -5.679 -1.51976 3.08702 -5.70084 -1.40005 3.1291 -5.7128 -1.75132 2.84326 -5.71723 -1.7536 2.90483 -5.7131 -1.84693 1.95024 -5.69632 -1.68388 2.92574 -5.69593 -1.6777 3.00299 -5.71811 -1.37726 3.24019 -5.68368 -1.67458 1.73961 -5.70933 -1.60907 1.72752 -5.73068 -1.98299 3.24485 -5.69038 -1.24279 2.0717 -5.70102 -1.8941 2.04802 -5.67624 -1.32145 3.2819 -5.68867 -1.50946 1.75835 -5.73502 -1.94171 3.25965 -5.67216 -1.25361 3.28724 -5.70753 -1.87919 3.26858 -5.71156 -1.4707 1.80673 -5.73079 -1.51784 2.81125 -5.7046 -1.35401 1.68262 -5.7138 -1.34952 1.74254 -5.69909 -1.50019 1.68658 -5.74434 -1.58959 3.72412 -5.68199 -1.23862 2.10615 -5.69812 -2.01127 1.92367 -5.71334 -1.96193 2.11593 -5.705 -1.62221 3.83483 -5.71352 -1.92395 2.06834 -5.67723 -1.99781 1.96337 -5.70765 -1.96194 3.37564 -5.72356 -1.7842 3.21665 -5.66204 -1.29221 1.87689 -5.69984 -2.0269 3.28013 -5.68242 -2.01086 1.74503 -5.66518 -2.02172 1.81432 -5.67185 -1.62445 2.82389 -5.67108 -1.51701 3.69007 -5.65393 -1.57845 3.06866 -5.66036 -1.98439 3.32276 -5.67008 -1.9814 1.91573 -5.69512 -1.47545 3.6555 -5.67577 -1.4739 3.62997 -5.65077 -1.68058 2.86732 -5.69288 -1.80306 3.48242 -5.6431 -1.9127 3.33127 -5.61999 -1.65529 3.82998 -5.68041 -1.21098 1.73363 -5.67046 -1.61956 3.05878 -5.66683 -1.41519 3.47839 -5.66317 -1.9073 1.92452 -5.68191 -1.95034 1.83364 -5.64588 -1.89721 1.97161 -5.68939 -1.87464 3.40218 -5.66536 -1.62301 3.78815 -5.6797 -1.44578 3.16213 -5.66991 -1.98317 2.03647 -5.67236 -1.75315 3.14829 -5.6598 -1.52915 2.90281 -5.6818 -1.79825 3.26695 -5.65242 -1.26444 1.66241 -5.70952 -1.29212 1.75184 -5.69251 -1.4423 3.54257 -5.67023 -1.89014 1.82964 -5.64726 -1.90514 3.26878 -5.65768 -1.86554 1.73843 -5.64493 -1.61958 2.98278 -5.66924 -1.57948 3.01008 -5.6668 -1.9654 3.29213 -5.64913 -1.43538 3.39509 -5.65164 -1.43914 3.4355 -5.64912 -1.62228 2.88885 -5.63892 -1.67534 3.15294 -5.64221 -1.59425 3.67706 -5.6473 -1.58695 3.70297 -5.65714 -1.65351 3.71383 -5.63651 -1.5878 2.8868 -5.63607 -1.75801 3.49515 -5.61529 -1.69972 3.6012 -5.63785 -1.68586 3.6971 -5.64249 -1.45309 3.23555 -5.65064 -1.4099 3.31576 -5.63402 -1.75093 3.23986 -5.6352 -1.58978 3.12575 -5.63237 -1.51164 3.1502 -5.64656 -1.49681 3.39718 -5.64427 -1.53517 3.348 -5.64797 -1.94578 1.74625 -5.64334 -1.53289 3.64358 -5.61404 -1.88676 3.29236 -5.61472 -1.6032 3.55996 -5.61212 -1.61511 3.61801 -5.64554 -1.65196 3.60744 -5.63375 -1.69002 3.55915 -5.58327 -1.60271 3.22125 -5.62744 -1.53267 3.26652 -5.63144 -1.63295 3.29664 -5.60767 -1.49077 3.58464 -5.60687 -1.57103 3.55772 -5.59594 -1.76119 3.36479 -5.57524 -1.75937 3.43377 -5.60525 -1.60111 3.34219 -5.62207 -1.47342 3.50804 -5.6021 -1.71021 3.26909 -5.61303 -1.77323 3.29008 -5.60649 -1.56765 3.41332 -5.61615 -1.814 3.3325 -5.59157 -1.72709 3.49062 -5.57498 -1.52564 3.59553 -5.5874 -1.66474 3.35522 -5.55807 -1.7282 3.32135 -5.56272 -1.58998 3.50879 -5.59733 -1.51431 3.54682 -5.58076 -1.65675 3.55822 -5.58152 -1.62107 3.46397 -5.57744 -1.67448 3.38425 -5.53388 -1.7085 3.34719 -5.54085 -1.65659 3.48154 -5.54479 -1.68974 3.46242 -5.52963 -1.7189 3.4317 -5.54078 -4.54906 -1.01201 -6.63751 -4.59023 -1.01871 -6.63341 -4.54431 -0.89653 -6.63171 -4.408 -0.90973 -6.61454 -4.5811 -0.906574 -6.59369 -4.57112 -0.781085 -6.59494 -4.5369 -0.763856 -6.61675 -4.4691 -0.79504 -6.61084 -4.54808 -0.645038 -6.5986 -4.49945 -0.68387 -6.61378 -4.51505 -0.604533 -6.60164 -4.4154 -0.709201 -6.59356 -4.58339 -1.11618 -6.59611 -4.59541 -1.0084 -6.597 -4.56578 -1.07061 -6.54383 -4.57181 -0.987543 -6.52101 -4.57762 -0.764207 -6.56111 -4.56135 -0.659877 -6.55846 -4.55782 -0.54675 -6.56253 -4.57195 -1.153 -6.52084 -4.56429 -0.830427 -6.4444 -4.56107 -0.696178 -6.43436 -4.5497 -0.514555 -6.50399 -4.56953 -1.24821 -6.47903 -4.56839 -1.02129 -6.42805 -4.57294 -0.935535 -6.42157 -4.55435 -0.567179 -6.37957 -4.55671 -0.463533 -6.42969 -4.59477 -1.31904 -6.36907 -4.59585 -1.20519 -6.33978 -4.54954 -0.468 -6.36055 -4.54871 -0.396491 -6.33057 -4.58352 -1.02118 -6.32339 -4.57349 -0.902497 -6.30432 -4.55593 -0.586735 -6.32817 -4.56521 -0.700433 -6.33737 -4.58075 -1.50077 -6.31719 -4.5748 -1.40164 -6.31054 -4.58004 -1.24241 -6.29673 -4.56767 -0.58848 -6.26114 -4.56764 -0.338387 -6.27095 -4.56783 -0.669591 -6.26342 -4.56935 -0.473694 -6.26751 -3.43149 -2.55713 -6.29236 -3.41337 -2.44048 -6.28615 -3.09081 -2.42586 -6.2843 -3.24174 -2.4297 -6.29301 -3.19757 -2.29313 -6.28897 -4.56998 -1.48291 -6.29118 -4.54982 -1.301 -6.26674 -4.5802 -1.11911 -6.29249 -4.58268 -1.01413 -6.28603 -4.55542 -0.82325 -6.26458 -3.03838 -1.2991 -6.27225 -2.92712 -1.34008 -6.26649 -2.84166 -1.15796 -6.27268 -2.96655 -1.1158 -6.27598 -2.76511 -1.30704 -6.26952 -2.171 -0.18996 -6.25488 -2.18975 -0.239181 -6.26844 -2.12634 -0.352054 -6.25859 -0.902281 -1.75005 -6.27215 -0.796225 -1.81779 -6.27466 -0.619952 -1.57214 -6.28493 -1.0421 -0.211931 -6.26709 -1.02354 -0.141206 -6.27051 -1.07304 -0.181952 -6.25418 -2.34566 -1.03884 -6.27362 -2.13013 -1.1548 -6.27031 -2.10223 -1.01052 -6.27312 -0.976218 -0.205428 -6.26865 -0.802446 -1.44817 -6.27625 -1.04226 -0.0951337 -6.25355 -2.09506 -1.16913 -6.26232 -0.994839 -0.0670306 -6.26689 -2.71626 -1.18711 -6.27429 -2.19923 -0.138896 -6.25576 -2.56501 -0.756193 -6.27365 -2.77036 -0.732013 -6.26899 -2.71863 -0.90299 -6.27429 -1.018 -0.0275522 -6.25774 -2.06091 -1.05743 -6.25858 -0.82643 -0.334542 -6.26141 -4.56097 -0.290763 -6.23122 -2.04859 -0.969694 -6.26094 -2.07941 -0.879287 -6.27038 -2.39124 -0.914803 -6.272 -2.52374 -0.875325 -6.27296 -2.05246 -0.826743 -6.25831 -2.42968 -0.706513 -6.26668 -3.36747 -1.14785 -6.26558 -3.18074 -1.13962 -6.26377 -3.20789 -0.939195 -6.26586 -0.589112 -1.41088 -6.28 -3.2078 -0.642203 -6.25405 -3.34269 -0.87276 -6.26522 -1.11938 -1.40001 -6.2672 -1.13013 -1.2493 -6.26704 -1.18506 -1.19477 -6.2593 -3.11136 -0.825511 -6.26936 -3.43029 -1.88334 -6.26099 -3.38737 -2.02194 -6.27784 -3.38753 -1.77513 -6.26787 -1.11062 -1.10421 -6.27277 -1.19117 -1.06572 -6.26199 -2.57485 -0.565991 -6.26899 -0.958069 0.115618 -6.27018 -3.41212 -0.624132 -6.24864 -1.10951 -0.959349 -6.27322 -1.21568 -0.97328 -6.25782 -1.17863 -0.86609 -6.26853 -1.21338 -0.848888 -6.25795 -3.30338 -1.87233 -6.27557 -1.00683 0.0936207 -6.25401 -1.05504 -1.56063 -6.27356 -2.94417 -0.787632 -6.26587 -2.96194 -0.518525 -6.25548 -2.80164 -1.02193 -6.28037 -3.42163 -1.69004 -6.25509 -0.891449 -1.18398 -6.26902 -2.21086 -0.68157 -6.26587 -3.04977 -2.57636 -6.27781 -2.10455 -0.803251 -6.2661 -3.02817 -2.50136 -6.24372 -0.704811 -1.32022 -6.27039 -2.33429 -0.490618 -6.27063 -0.737043 -0.916893 -6.25505 -0.468005 -0.890971 -6.25984 -0.600945 -1.18951 -6.2696 -3.26084 -1.74815 -6.27718 -3.41202 -1.54446 -6.25579 -2.79449 -0.50208 -6.25826 -3.4728 -2.40322 -6.26016 -3.49524 -2.56902 -6.25484 -2.65346 -0.409371 -6.26196 -3.27211 -1.58556 -6.27538 -0.870812 -1.03437 -6.2636 -0.970597 -0.864685 -6.27049 -3.29124 -1.39774 -6.26308 -3.41188 -2.37612 -6.27832 -2.74927 -1.73075 -6.25818 -2.66978 -1.74557 -6.25831 -2.70813 -1.6967 -6.27153 -2.52798 -0.367536 -6.26073 -2.56758 -1.76796 -6.25636 -2.57165 -1.69727 -6.27297 -2.48102 -1.77987 -6.24894 -2.73028 -0.167512 -6.25342 -2.45721 -1.70467 -6.27407 -3.41085 -1.44403 -6.25433 -2.29633 -1.86773 -6.27933 -2.35584 -1.93696 -6.26189 -2.33555 -2.02673 -6.27774 -2.34184 -1.88398 -6.25997 -2.3391 -1.84038 -6.26406 -3.26009 -1.88344 -6.27389 -3.21522 -1.97624 -6.27657 -3.21916 -1.91131 -6.25694 -2.40894 -1.78637 -6.2542 -2.36927 -1.81045 -6.25163 -2.33755 -1.7771 -6.27743 -3.19151 -1.99619 -6.27943 -3.18431 -1.96091 -6.2554 -3.15567 -2.00046 -6.25497 -2.26355 -1.84313 -6.27968 -2.22063 -1.67109 -6.27402 -2.10153 -0.63818 -6.26848 -2.14236 -0.483399 -6.27089 -2.1172 -1.89127 -6.28269 -2.17348 -1.75275 -6.27842 -3.22103 -1.83617 -6.26259 -2.6775 -1.59497 -6.27538 -2.17236 -0.336909 -6.2722 -2.4961 -1.60593 -6.28105 -3.42391 -2.28315 -6.2702 -3.21566 -1.73898 -6.27657 -3.4713 -2.25742 -6.24655 -3.18836 -1.77793 -6.2483 -3.15187 -1.7602 -6.24507 -2.60164 -1.3427 -6.27439 -2.77922 -1.45613 -6.27533 -3.09664 -1.76004 -6.2588 -3.13797 -1.69714 -6.28081 -3.0505 -1.7691 -6.26085 -2.94527 -1.68789 -6.27353 -2.05422 -0.7316 -6.2595 -2.34174 -1.35597 -6.27932 -2.98643 -1.76633 -6.25871 -2.31846 -1.56634 -6.28192 -2.94732 -1.76718 -6.25701 -2.87747 -1.74575 -6.25474 -3.31228 -2.27582 -6.28588 -2.82838 -1.68642 -6.2788 -2.07523 -0.611912 -6.25661 -3.38894 -2.1701 -6.27395 -2.18183 -1.58377 -6.26382 -3.45655 -2.11524 -6.25532 -2.1018 -0.459471 -6.25409 -3.42311 -2.07001 -6.27025 -3.09221 -1.46759 -6.2771 -2.20909 -1.52831 -6.26707 -2.62507 -0.102853 -6.24957 -3.28532 -2.08398 -6.28323 -2.19929 -1.35913 -6.27434 -2.17871 -1.50168 -6.2527 -2.16907 -1.41814 -6.26241 -1.0908 -2.35983 -6.26868 -1.17103 -2.28751 -6.26794 -1.20394 -2.38068 -6.23724 -2.06825 -2.01484 -6.28031 -2.05234 -1.90434 -6.27317 -1.13657 -2.15879 -6.28395 -2.94471 -1.54644 -6.27489 -3.18977 -1.47438 -6.2739 -2.03008 -1.95358 -6.25591 -1.17647 -1.93275 -6.27829 -1.21501 -1.89319 -6.26032 -1.21925 -1.97678 -6.26661 -2.31714 -0.202403 -6.25644 -2.48659 -0.239727 -6.25155 -2.00289 -1.87077 -6.25547 -1.21419 -2.20185 -6.25698 -1.17986 -2.11079 -6.2809 -2.0543 -1.80096 -6.26861 -1.17754 -1.74779 -6.27668 -1.11086 -1.98666 -6.284 -1.12581 -1.93808 -6.28234 -1.22609 -2.08233 -6.26289 -1.21224 -1.75459 -6.2558 -1.11079 -1.68619 -6.27951 -2.06938 -1.70657 -6.27067 -2.03121 -1.75164 -6.25385 -1.16565 -1.68681 -6.26563 -2.2418 -0.130199 -6.26481 -2.1048 -1.65125 -6.27345 -2.22546 -0.0340925 -6.25888 -2.06363 -1.61248 -6.25805 -2.09566 -1.59895 -6.26145 -1.14903 -1.61995 -6.26548 -2.29951 0.0864449 -6.25637 -1.02299 -2.3212 -6.24549 -1.01279 -2.25364 -6.27726 -2.26237 0.0900207 -6.25479 -1.11226 -1.5407 -6.25583 -1.14793 -1.44568 -6.25009 -0.982945 -2.2895 -6.25379 -0.906495 -2.24508 -6.25215 -1.00375 -1.87882 -6.27498 -3.06196 -2.32085 -6.25567 -0.913424 -2.06306 -6.27969 -0.851721 -1.88717 -6.27419 -0.824403 -1.95687 -6.26515 -0.927955 -2.21836 -6.2746 -2.58898 -1.09566 -6.27752 -2.49693 -1.13715 -6.27603 -0.897174 -2.15819 -6.27544 -0.815049 -2.18027 -6.25267 -0.807653 -2.10577 -6.2427 -3.09195 -2.32392 -6.27817 -0.806116 -2.02298 -6.261 -3.41608 -1.35965 -6.26139 -0.786619 -1.85856 -6.25568 -3.09285 -2.22197 -6.28577 -1.16323 -0.767047 -6.26754 -3.45461 -1.33083 -6.2529 -3.49053 -1.23558 -6.24399 -3.0543 -2.2209 -6.2485 -3.18805 -2.10443 -6.2824 -1.21049 -0.734875 -6.2534 -1.18614 -0.650654 -6.25893 -3.50697 -1.14658 -6.25426 -1.14634 -0.573467 -6.26924 -3.12687 -2.12462 -6.28265 -1.1783 -0.526782 -6.2581 -3.08935 -2.12728 -6.25542 -1.13891 -0.460332 -6.26786 -3.15682 -2.07521 -6.28235 -1.14819 -0.383607 -6.24859 -1.11046 -0.404044 -6.27232 -1.06251 -0.683231 -6.27263 -3.16345 -1.25806 -6.26822 -3.1346 -2.05617 -6.25139 -2.3338 -2.16027 -6.25998 -2.24417 -2.23854 -6.24544 -2.23932 -2.16379 -6.27868 -2.19466 -2.26515 -6.25426 -2.37481 -2.1425 -6.22918 -2.3754 -2.06398 -6.23587 -0.99013 -0.587733 -6.26621 -2.29542 -2.0521 -6.28363 -2.14851 -2.07823 -6.27852 -2.11717 -2.36076 -6.24817 -2.12098 -2.27734 -6.2596 -0.822118 -0.71497 -6.26324 -2.09058 -2.19393 -6.27206 -2.12221 -1.31825 -6.26029 -2.05922 -2.1032 -6.27008 -2.01853 -2.28315 -6.2317 -2.025 -2.09595 -6.26 -2.017 -2.00941 -6.26743 -4.54576 -1.57721 -6.26359 -4.54619 -1.4983 -6.26293 -1.04219 -0.481871 -6.26884 -4.54448 -1.40114 -6.27077 -0.876415 -0.487294 -6.25989 -4.55457 -1.15479 -6.25468 -1.07816 -0.333234 -6.27355 -4.57316 -1.04033 -6.25832 -4.54323 -0.911646 -6.2284 -4.54044 -0.765062 -6.22653 -1.10673 -0.286191 -6.25387 -3.55324 -1.15786 -6.21452 -4.49203 -1.42975 -6.2269 -4.48339 -1.36971 -6.2241 -3.75588 -0.484888 -6.21882 -3.58548 -0.404343 -6.23457 -3.82658 -0.397199 -6.22242 -2.99478 0.659689 -6.23834 -2.96735 0.60109 -6.22323 -2.90987 0.776486 -6.21823 -3.59229 -1.06871 -6.22648 -4.47681 -1.29135 -6.21065 -3.53643 -1.07357 -6.24585 -3.53033 -0.955808 -6.23909 -3.59751 -0.94295 -6.22405 -3.57352 -0.899751 -6.22894 -3.68951 -0.301506 -6.22656 -4.5016 -1.18968 -6.22585 -3.02643 1.37472 -6.22484 -2.8255 1.12903 -6.22083 -2.85576 1.43228 -6.22333 -2.72601 -0.115074 -6.24918 -2.71666 -0.0512103 -6.21435 -3.47085 -0.494101 -6.2411 -3.62769 -0.63383 -6.23086 -2.52275 -1.79667 -6.22171 -2.67732 -1.78512 -6.22631 -2.80717 1.35767 -6.2234 -2.75662 -1.7755 -6.21706 -2.56693 -0.0369913 -6.24785 -3.45616 0.85755 -6.22257 -3.20392 0.984291 -6.2248 -4.54181 -1.06005 -6.22247 -2.47848 -1.81644 -6.22479 -2.92019 1.58747 -6.22148 -3.42458 -0.35725 -6.23816 -3.1833 -0.413423 -6.24218 -2.36829 -1.84578 -6.1741 -2.4376 -1.8263 -6.21433 -2.42897 -0.00560455 -6.25091 -2.3989 -1.8019 -6.2109 -3.16382 0.690345 -6.23245 -1.99083 -1.93592 -6.21146 -1.98903 -1.99894 -6.18509 -1.99155 -1.87943 -6.22743 -2.19639 -0.0362191 -6.22937 -2.66507 -0.0378998 -6.2083 -2.93071 0.838306 -6.2254 -2.0051 -1.79052 -6.21313 -2.49683 0.00875866 -6.23941 -2.02784 -1.68061 -6.20118 -2.15077 -1.55011 -6.21945 -2.16422 -1.53934 -6.23376 -2.06909 -1.5779 -6.22245 -4.51953 -0.824475 -6.21073 -2.04287 -1.61467 -6.21259 -3.54837 -2.56726 -6.19341 -2.45547 0.0510462 -6.24592 -2.13732 -1.42968 -6.22053 -2.39101 0.107444 -6.24545 -2.10244 -1.33414 -6.22162 -2.22844 0.0733411 -6.23613 -4.55131 -0.618102 -6.2139 -2.06915 -1.18408 -6.22601 -4.5528 -0.552892 -6.21326 -2.86109 1.00836 -6.22356 -4.56411 -0.491705 -6.22227 -2.02929 -1.05493 -6.21475 -3.17219 -0.29503 -6.24278 -2.02405 -0.966894 -6.23095 -2.02659 -0.843101 -6.22201 -2.82776 0.938627 -6.22152 -3.56648 -0.783071 -6.2372 -3.55912 -0.690563 -6.23843 -3.59882 -0.716115 -6.21188 -3.78439 0.285735 -6.22152 -3.52563 0.2105 -6.23 -3.67628 0.469043 -6.22092 -3.48477 -2.1442 -6.22337 -3.52169 -0.823502 -6.24451 -3.56387 -0.824569 -6.22623 -3.90614 -0.321612 -6.22869 -3.91864 -0.415669 -6.21953 -2.2377 0.161042 -6.22171 -2.99948 -0.351909 -6.25062 -2.30426 0.241511 -6.24763 -3.45877 -1.98935 -6.23597 -2.26696 0.279929 -6.24153 -2.11355 -0.306639 -6.22041 -2.14678 -0.199718 -6.21756 -3.04544 -2.33347 -6.2027 -1.24847 -1.91896 -6.21357 -3.07431 -2.14612 -6.21758 -2.1898 -0.0892655 -6.21727 -3.15921 -1.98767 -6.22234 -2.17808 -2.35965 -6.22796 -2.25904 -2.26922 -6.20434 -1.22012 -1.69282 -6.21191 -2.98456 1.15955 -6.22426 -2.32255 -2.21113 -6.22089 -3.66534 -0.57924 -6.22684 -3.41286 -0.203066 -6.23494 -1.22189 -1.60298 -6.17247 -3.83796 -0.463474 -6.20909 -2.14129 -2.39157 -6.22634 -3.87266 -0.260075 -6.21989 -2.24778 0.28194 -6.22269 -2.30247 0.307025 -6.23453 -2.26863 0.371105 -6.21866 -2.08904 -2.38996 -6.22994 -3.44438 0.0201012 -6.2357 -3.75237 0.0303991 -6.22304 -3.90706 -0.0923762 -6.21987 -1.18288 -1.45606 -6.16683 -1.16528 -1.5483 -6.1923 -3.46574 -1.81585 -6.21813 -0.805919 -1.95081 -6.2229 -0.767031 -1.86371 -6.22084 -1.99562 -2.18754 -6.19762 -1.22716 -0.912148 -6.18614 -1.23457 -0.80751 -6.22106 -3.15534 -0.224621 -6.2386 -0.722178 -1.84546 -6.22612 -1.21647 -0.691753 -6.22619 -1.99504 -2.04699 -6.22556 -3.46225 -1.71531 -6.21614 -1.19845 -0.588076 -6.22244 -1.17456 -0.481227 -6.22434 -3.28609 -0.136592 -6.23292 -0.653679 -1.8596 -6.22659 -3.45726 -1.55786 -6.21962 -4.5025 -1.74372 -6.21125 -3.46236 -1.44853 -6.21811 -1.11836 -0.292095 -6.22271 -4.50749 -1.50903 -6.22885 -1.17985 -1.33607 -6.23357 -1.07458 -0.146947 -6.22074 -1.20888 -1.2076 -6.22041 -3.24152 -0.0231436 -6.22359 -3.23305 0.042329 -6.23307 -3.20808 -1.89035 -6.22147 -1.04376 -0.047188 -6.22162 -1.02189 0.0940709 -6.22474 -1.2173 -1.07874 -6.22461 -3.20334 -1.82024 -6.18925 -1.22846 -0.993457 -6.21762 -3.32796 0.43017 -6.23126 -3.08569 -1.84809 -6.22504 -3.08379 -1.81093 -6.25262 -3.12066 -1.7849 -6.22549 -3.25144 0.204309 -6.23983 -3.17533 0.147661 -6.24084 -3.05126 -1.84833 -6.23058 -3.03589 -1.8184 -6.2441 -1.11273 -2.42166 -6.22856 -1.17661 -2.42448 -6.19636 -2.97129 -1.7996 -6.22103 -1.23827 -2.33757 -6.22126 -2.8326 -1.77882 -6.22066 -1.27412 -2.23256 -6.21479 -1.25133 -2.1419 -6.22496 -1.07171 -2.39714 -6.22937 -3.49023 -1.36529 -6.21826 -0.762906 -2.10908 -6.23095 -0.796325 -2.05298 -6.21285 -2.99414 -0.183789 -6.24439 -3.16798 0.236903 -6.23792 -3.12029 0.392932 -6.23093 -3.12703 0.142354 -6.21831 -3.06602 0.295409 -6.22366 -3.08859 0.316072 -6.23504 -3.13722 -0.173893 -6.22683 -3.19448 -0.0827367 -6.19419 -3.07798 0.375838 -6.22503 -3.03524 0.480306 -6.23083 -3.22883 -0.0587026 -6.20789 -3.02104 -0.0875454 -6.19045 -2.87804 -0.182929 -6.25105 -2.94927 -0.121089 -6.21794 -2.81862 -0.143563 -6.24409 -2.80581 -0.0577241 -6.19362 -2.034 -0.707631 -6.21736 -2.06761 -0.574242 -6.21654 -2.08847 -0.445444 -6.21391 -4.46298 -1.36677 -6.18587 -4.45175 -1.29969 -6.18174 -4.43053 -1.17087 -6.18714 -3.62869 -1.07143 -6.18867 -2.72028 -0.0141625 -6.19423 -3.87512 0.146272 -6.21377 -4.45036 -1.12555 -6.20623 -4.34133 -1.09758 -6.17112 -4.51492 -0.992473 -6.20789 -4.46276 -0.972598 -6.19943 -4.4052 -1.05874 -6.2049 -2.89754 0.662023 -6.18441 -3.10274 -0.100199 -6.18904 -3.64139 -1.02033 -6.19617 -4.47333 -0.906919 -6.19511 -4.40106 -0.979786 -6.18867 -3.6377 -0.993458 -6.18245 -4.43743 -0.896477 -6.18946 -3.59098 -0.92913 -6.17908 -3.58961 -0.866243 -6.17831 -4.32781 -1.05702 -6.16068 -4.50997 -0.702013 -6.19783 -2.79143 0.0758011 -6.194 -2.55173 0.0726539 -6.19235 -2.63419 0.218179 -6.18843 -2.66625 -1.79314 -6.1908 -4.47916 -0.712395 -6.19328 -4.41079 -0.806108 -6.18618 -4.43687 -0.671696 -6.19364 -2.52096 -1.80194 -6.18585 -4.41148 -0.708219 -6.18791 -2.46326 -1.82702 -6.18618 -2.40673 -1.97645 -6.16552 -2.38603 -1.87 -6.14125 -3.13028 0.0267767 -6.18464 -3.09876 0.110234 -6.1898 -4.50508 -0.562631 -6.18901 -3.94956 0.435344 -6.20916 -4.23726 0.241371 -6.18011 -4.36165 -0.626804 -6.18865 -3.03309 0.246304 -6.18586 -4.19629 0.109867 -6.18617 -4.01922 0.110616 -6.20495 -0.797718 -1.89006 -6.14274 -4.54663 -0.482738 -6.19697 -4.5274 -0.467708 -6.18539 -0.738562 -1.84712 -6.18816 -0.670934 -1.87569 -6.18421 -2.96908 0.0527585 -6.18645 -4.35618 -0.552386 -6.19643 -4.48244 -0.420882 -6.18058 -2.37763 -1.81113 -6.16756 -1.24332 -1.17073 -6.10056 -2.822 0.318135 -6.17831 -4.52128 -0.249396 -6.18537 -1.99331 -1.86908 -6.19128 -4.30139 -0.547581 -6.1884 -4.28283 -0.497656 -6.2016 -4.38463 -0.403763 -6.18799 -4.18182 -0.502546 -6.18985 -3.00675 -2.51773 -6.16293 -4.17421 -0.461673 -6.21073 -4.14897 -0.421872 -6.21253 -4.26189 -0.342522 -6.20511 -3.5309 -2.33628 -6.17572 -3.5223 -2.21177 -6.16732 -4.04008 -0.451502 -6.19141 -3.49953 -2.03587 -6.17099 -3.8914 0.533058 -6.20376 -4.1016 -0.210379 -6.21038 -4.00527 -0.334351 -6.21565 -4.03596 -0.413003 -6.21217 -3.93432 -0.454725 -6.19608 -3.04905 -2.27627 -6.1701 -2.13656 -1.49772 -6.16609 -2.05777 -1.56124 -6.14944 -3.16282 -1.97963 -6.15812 -3.14812 -2.04941 -6.17303 -1.18294 -0.534473 -6.14669 -0.986408 0.206162 -6.14361 -1.15955 -0.450643 -6.14356 -1.14182 -0.369674 -6.16344 -2.2264 -2.38668 -6.13712 -2.4221 0.287382 -6.18782 -4.54612 -0.19295 -6.20448 -2.43251 -2.18088 -6.15666 -2.4438 -2.13704 -6.1779 -2.38543 -2.18962 -6.16846 -1.08039 -0.168611 -6.16352 -2.10496 -1.4064 -6.14962 -2.01224 -2.33768 -6.19263 -2.04971 -2.43033 -6.13984 -4.47557 -0.196588 -6.17763 -1.04759 -0.0820283 -6.1593 -3.57799 -0.803219 -6.16602 -4.29237 -0.191706 -6.20065 -1.02735 0.077282 -6.14849 -3.66079 -0.625902 -6.1838 -3.78331 -0.508966 -6.18827 -2.44256 0.167361 -6.19957 -4.49601 -1.63003 -6.18321 -4.49118 -1.52716 -6.18356 -2.77762 1.26779 -6.21676 -2.77866 1.3495 -6.21474 -2.74227 1.30686 -6.1859 -4.1491 -0.060561 -6.20148 -2.75927 1.36449 -6.19113 -2.83633 1.44029 -6.22191 -2.22264 0.0884157 -6.18406 -2.19233 -0.072182 -6.16921 -2.80369 1.44658 -6.1939 -2.87118 1.52117 -6.21554 -2.87963 1.58085 -6.20811 -2.84769 1.53509 -6.18665 -4.39636 0.0617959 -6.17571 -2.2422 0.237532 -6.19107 -3.52773 -1.8609 -6.10838 -3.011 0.340843 -6.19023 -2.93344 1.6478 -6.21558 -2.87453 1.59968 -6.18892 -2.97583 0.448784 -6.1882 -2.91356 1.67273 -6.18797 -3.19552 -1.87951 -6.15219 -3.04956 -1.8424 -6.19415 -3.1526 -1.75612 -6.18142 -3.08488 -1.82533 -6.18777 -3.12722 -1.76329 -6.18907 -2.96398 -1.80272 -6.18115 -2.80154 -1.78489 -6.18778 -3.51875 -1.27922 -6.19086 -2.22156 1.5602 -6.18451 -2.21217 1.46606 -6.19031 -2.12888 1.56736 -6.19107 -2.85141 0.789512 -6.18869 -2.79014 0.888327 -6.1872 -2.74066 0.934894 -6.1808 -2.81451 1.01536 -6.20988 -2.75929 1.02777 -6.18508 -1.23138 -2.3861 -6.19603 -1.09098 -2.43308 -6.1747 -1.28566 -2.25822 -6.18813 -2.7894 1.13326 -6.21481 -1.30278 -2.16928 -6.16567 -1.288 -2.04675 -6.15782 -2.70517 1.17518 -6.18368 -2.72094 1.22975 -6.18739 -0.807814 -2.01781 -6.17459 -2.3802 0.274054 -6.19603 -2.30947 0.44432 -6.19238 -2.24923 0.369033 -6.18965 -2.27278 0.452075 -6.18813 -2.2764 0.584888 -6.18831 -2.43042 0.543119 -6.17746 -4.03923 -0.474208 -6.14152 -3.95246 -0.471521 -6.14667 -3.84399 -0.493013 -6.15916 -3.6036 -0.70062 -6.15063 -2.80254 0.801881 -6.17669 -2.75406 0.674672 -6.16937 -3.57409 -2.39425 -6.14908 -3.7708 -0.523219 -6.14851 -2.41938 0.672587 -6.17274 -2.56765 1.01671 -6.17881 -4.49531 -0.0521356 -6.17205 -3.04598 0.109638 -6.18299 -2.9833 0.237485 -6.17832 -2.32315 0.875099 -6.1768 -2.23973 0.795317 -6.1749 -2.27102 0.711341 -6.17642 -2.1931 0.82414 -6.16367 -2.19802 0.767161 -6.15223 -2.20077 0.921681 -6.17898 -2.42625 1.08159 -6.17694 -2.94238 0.394482 -6.18159 -2.04143 -0.761551 -6.10079 -2.02204 -0.905015 -6.13045 -2.32753 1.11555 -6.18361 -2.08168 -0.582993 -6.11263 -2.10315 -0.458541 -6.09324 -2.14491 -0.290707 -6.07334 -2.23535 1.09018 -6.18177 -2.99683 -2.39135 -6.11784 -2.21791 -0.0103361 -6.07883 -3.02447 -2.31996 -6.12043 -2.64498 1.10714 -6.17751 -2.57548 1.09571 -6.16718 -2.16966 -0.17521 -6.10545 -3.5562 -1.99265 -6.09725 -2.60361 1.12817 -6.15149 -2.64125 1.16352 -6.15647 -2.76314 0.452068 -6.17684 -3.14066 -2.06241 -6.09243 -2.50244 1.1545 -6.15664 -2.25835 -2.34758 -6.1293 -2.30443 -2.2542 -6.12407 -2.91127 0.50795 -6.17586 -2.86589 0.654551 -6.17383 -2.70577 1.25608 -6.15438 -2.43472 -1.97908 -6.1212 -3.18324 -1.78262 -6.09836 -2.17746 -2.4256 -6.13827 -2.10641 -2.4349 -6.16034 -3.06077 -1.77715 -6.12504 -2.01845 -2.35434 -6.14112 -1.99363 -2.2465 -6.11873 -2.90784 -1.77698 -6.12607 -2.73803 -1.77887 -6.15185 -1.29021 -1.9055 -6.14023 -1.27451 -1.76713 -6.14085 -1.98061 -2.11344 -6.1236 -3.53638 -1.32221 -6.12282 -2.42674 1.221 -6.16773 -3.58487 -1.19114 -6.12364 -4.48666 -1.68116 -6.11442 -4.47564 -1.55055 -6.1053 -3.64412 -1.12199 -6.10415 -3.64264 -1.05036 -6.14536 -4.46628 -1.4297 -6.11063 -2.35562 1.30191 -6.17924 -1.24663 -1.6444 -6.14616 -4.4117 -1.19379 -6.14797 -2.52403 -1.78904 -6.14465 -2.41214 1.30728 -6.14825 -2.43872 -1.77355 -6.15781 -2.10511 1.26826 -6.18832 -2.41011 -1.77887 -6.13485 -4.40407 -0.887547 -6.1622 -2.16406 0.889657 -6.15493 -4.38612 -0.94743 -6.15681 -1.23254 -1.49991 -6.11586 -2.15393 1.03479 -6.18287 -2.00704 -1.83039 -6.13264 -2.12027 1.03804 -6.15175 -2.14658 1.09752 -6.18574 -4.38878 -0.70938 -6.15367 -2.02819 -1.64412 -6.09673 -2.07046 1.1359 -6.16696 -2.06333 -1.52983 -6.12517 -2.0694 1.19682 -6.18325 -4.35443 -0.646267 -6.15201 -2.0748 -1.28171 -6.13406 -0.769766 -1.84625 -6.10801 -2.03597 1.29186 -6.17931 -2.02449 1.20232 -6.14986 -2.01848 1.24734 -6.16394 -2.26201 0.314412 -6.10501 -2.84647 1.56405 -6.11991 -4.29149 -0.566149 -6.15802 -2.89165 1.65992 -6.12247 -2.25624 0.446271 -6.15572 -2.25814 0.409978 -6.10122 -4.20671 -0.529824 -6.13856 -4.13056 -0.485198 -6.15358 -1.23718 -1.30567 -6.07678 -1.25438 -1.0082 -6.13192 -2.23273 0.587519 -6.15239 -2.22547 0.661327 -6.16436 -1.20852 -2.41625 -6.09976 -1.14614 -2.44907 -6.10589 -1.29883 -2.24467 -6.11116 -2.30553 1.43351 -6.17974 -2.35162 1.42768 -6.14922 -2.28711 1.56114 -6.1447 -1.2459 -0.869162 -6.13414 -2.6213 1.75943 -6.16504 -2.67445 1.74841 -6.13667 -2.22043 1.65067 -6.16535 -2.07181 1.39554 -6.18229 -2.0047 1.33827 -6.14216 -2.02493 1.43636 -6.15744 -2.07983 1.55931 -6.18077 -2.0409 1.5664 -6.15442 -2.09473 1.69795 -6.16211 -2.13084 1.73226 -6.1653 -2.20503 0.666657 -6.12131 -2.17865 0.786887 -6.11709 -3.54467 -0.856795 -6.09423 -3.92562 -0.476887 -6.10402 -3.54827 -0.754597 -6.08597 -3.83009 -0.49314 -6.07051 -2.24815 0.155303 -6.09134 -2.57457 1.18632 -6.0962 -2.97785 -2.53709 -6.12042 -1.00057 0.291341 -6.03613 -2.22954 0.563644 -6.06636 -0.988177 0.365584 -6.1161 -3.65643 -0.584633 -6.1194 -2.6445 1.21916 -6.09324 -3.73976 -0.51771 -6.08105 -2.71445 1.29833 -6.12192 -2.49586 1.24751 -6.07583 -3.52563 -1.67407 -6.09609 -3.73022 -2.35254 -6.10361 -3.76236 -2.45654 -6.11717 -2.16166 0.852864 -6.1277 -2.11956 1.02547 -6.12403 -3.6561 -2.46593 -6.12359 -2.03458 1.15319 -6.11784 -3.53437 -1.56514 -6.09134 -3.60056 -2.30115 -6.11743 -2.0076 1.24249 -6.09151 -2.79895 1.46524 -6.10469 -0.78552 -1.88166 -6.11066 -3.54122 -1.44658 -6.07214 -0.732004 -1.82754 -6.1263 -0.655395 -1.83769 -6.0964 -3.57505 -2.2369 -6.11856 -2.36985 1.4967 -6.05257 -2.61365 1.68677 -6.12576 -3.15532 -1.94701 -6.09979 -3.15057 -1.9694 -6.08139 -2.56566 1.70411 -6.12769 -1.27922 -0.973523 -6.07189 -3.86888 -2.48991 -6.0895 -2.23477 1.68799 -6.12095 -2.01173 1.45745 -6.11711 -3.03752 -2.28946 -6.0626 -2.03045 1.57439 -6.11983 -2.08229 1.7225 -6.11885 -3.07838 -2.19356 -6.1072 -2.1004 1.7856 -6.11738 -3.02914 -1.78167 -6.1096 -3.11625 -1.74536 -6.06469 -1.26707 -0.773898 -6.02533 -1.2436 -0.721598 -6.06614 -1.24769 -2.37924 -6.08355 -1.20548 -0.563493 -6.04573 -2.42737 -2.2161 -6.12045 -2.4672 -2.17318 -6.12062 -1.12116 -0.260663 -6.08293 -2.33703 -2.23675 -6.11253 -1.31936 -2.1169 -6.10096 -2.46425 -2.05532 -6.09132 -1.01142 0.180569 -6.06665 -2.79721 -1.74819 -6.09558 -2.1449 -2.46736 -6.10014 -2.21909 -2.45171 -6.08603 -2.09365 -2.46613 -6.09084 -2.07536 -2.45121 -6.10187 -1.98967 -1.92042 -6.1049 -4.47851 -1.80115 -6.10509 -3.56463 -1.28996 -6.08515 -4.42908 -1.29547 -6.0959 -4.4098 -1.26303 -6.06861 -3.6425 -1.0633 -6.089 -4.3983 -0.88653 -6.11848 -4.34234 -1.00761 -6.11348 -4.3715 -1.18051 -6.08653 -3.58442 -0.978673 -6.11064 -4.40456 -0.818743 -6.11907 -4.41403 -0.681037 -6.05379 -4.33698 -0.58835 -6.07075 -4.29637 -0.567211 -6.11762 -2.63671 -1.75258 -6.09595 -2.53591 -1.76099 -6.063 -2.46696 -1.75675 -6.10647 -3.99149 -0.487402 -6.01484 -2.45127 -1.90275 -6.09492 -2.40119 -1.80535 -6.11991 -2.0652 -1.37694 -6.10086 -2.02613 -1.10046 -6.11733 -2.31195 -2.35997 -6.08254 -3.66973 -1.11102 -6.06605 -3.57457 -0.964387 -6.05812 -1.31209 -1.77891 -6.06059 -1.31207 -1.91384 -6.09307 -4.30207 -1.10345 -6.06429 -4.30471 -1.07148 -6.03488 -2.71331 1.35676 -6.06073 -2.66009 1.26948 -6.06877 -2.3765 -2.25887 -6.09574 -1.28892 -1.68122 -6.07325 -1.65274 -1.53706 -6.09236 -1.63978 -1.62844 -6.08083 -1.61642 -1.54586 -6.09497 -2.17653 0.73969 -6.02529 -1.61984 -1.44619 -6.07313 -2.59476 1.24554 -6.05584 -4.42906 -0.773503 -6.05708 -2.45704 -1.97769 -6.07794 -1.6603 -2.26032 -6.10419 -1.61069 -2.29589 -6.08982 -1.60849 -2.24476 -6.09888 -2.45443 1.34653 -6.05525 -1.27316 -1.56642 -6.05752 -4.39091 -0.610132 -6.02257 -2.42198 -2.2979 -6.06869 -2.47876 -2.21586 -6.08164 -2.48331 -1.85907 -6.05474 -2.43668 -1.81025 -6.07438 -2.1591 0.855941 -6.0617 -2.45756 -1.77153 -6.05204 -1.2772 -1.43998 -6.029 -1.29046 -2.2897 -6.07241 -4.21737 -0.509867 -6.02802 -2.00247 -1.78405 -6.0827 -0.714519 -1.82775 -6.08004 -4.08001 -0.474606 -6.04467 -2.01813 1.15927 -6.04867 -1.67585 -2.2102 -6.09723 -1.60076 -2.15305 -6.09175 -2.02713 -2.3496 -6.0532 -1.98959 -2.25673 -6.08321 -2.82977 1.58015 -6.07864 -1.63824 -2.05717 -6.08151 -3.56525 -1.90042 -6.07335 -2.87804 1.7309 -6.08408 -2.01327 -1.55729 -6.04469 -2.93958 -2.58175 -6.08815 -1.30532 -1.02631 -6.0311 -1.96283 -2.09419 -6.0728 -2.61257 1.62386 -6.0619 -2.66735 1.64426 -6.05255 -1.34287 -2.11218 -6.04152 -2.04887 -1.296 -6.07771 -2.57424 1.6257 -6.05292 -1.69167 -2.27851 -6.07911 -2.54262 1.67601 -6.05638 -4.44707 -1.84544 -6.06978 -2.01745 -1.18305 -6.06176 -1.99832 -0.985201 -6.07521 -2.00971 -0.865542 -6.06847 -3.14698 -1.8513 -6.06661 -3.157 -1.78074 -6.04445 -3.59861 -0.633078 -6.0558 -2.50005 1.77233 -6.03356 -3.15092 -1.75249 -6.06562 -3.67608 -0.55969 -6.08637 -3.79587 -2.33704 -6.05959 -2.30843 1.63283 -6.0406 -3.60119 -1.25222 -6.06332 -3.63786 -1.16293 -6.08999 -3.93322 -2.38873 -6.10273 -3.87148 -2.40342 -6.0678 -3.96762 -2.31671 -6.09068 -3.93663 -2.23491 -6.07222 -3.66651 -2.29864 -6.10146 -3.72295 -2.21745 -6.07422 -3.64342 -2.21973 -6.08527 -3.62251 -2.06086 -6.068 -1.05705 -0.0360842 -6.04827 -1.08082 -0.124611 -6.03601 -1.03624 0.0479064 -6.03354 -2.92323 -2.42202 -6.06455 -2.96486 -2.36615 -6.04118 -3.11757 -2.14444 -6.03373 -3.15291 -2.04471 -6.03095 -1.68305 -1.79945 -6.07868 -1.59405 -1.88006 -6.07771 -1.58735 -1.75868 -6.07745 -4.34777 -1.18846 -6.04648 -2.25235 0.311884 -6.03919 -2.08096 -0.555047 -6.05934 -2.49266 -2.3184 -6.04402 -2.5169 -2.27767 -6.02614 -2.2457 0.388183 -6.0304 -4.40895 -0.906211 -6.05086 -2.03587 -0.75106 -6.05012 -2.20661 -2.55511 -6.04413 -2.17195 -2.50855 -6.06484 -2.30258 -2.48078 -6.03865 -3.62202 -1.02913 -6.03266 -1.61879 -2.36264 -6.04608 -1.6653 -2.33651 -6.06511 -1.58749 -2.33939 -6.04823 -1.59669 -1.6902 -6.0753 -1.68176 -1.68736 -6.06885 -1.52402 -1.66091 -6.02564 -2.13781 -0.307469 -6.03381 -2.66505 -1.72618 -5.96106 -1.34488 -1.90952 -6.04849 -4.37156 -0.996633 -5.98656 -1.17511 -2.48603 -6.00958 -2.5229 1.28785 -6.04135 -2.22962 0.0974038 -6.04201 -1.21157 -2.43938 -6.03016 -1.58492 -1.62102 -6.06769 -2.12852 0.965695 -6.011 -2.10082 1.03068 -6.00867 -2.05423 1.10099 -6.03264 -1.50166 -1.53944 -6.00623 -2.47474 -2.12347 -6.02198 -1.28442 -2.33002 -6.00352 -4.18207 -2.25939 -6.05822 -1.58043 -1.46357 -6.0615 -4.11411 -2.28491 -6.04421 -2.76819 1.49762 -6.05034 -1.65614 -1.43414 -6.06114 -2.46155 -2.0362 -6.04585 -4.31922 -0.540047 -5.9876 -1.31666 -2.25683 -6.05339 -4.06975 -2.32635 -6.05072 -1.96035 -1.88483 -6.05269 -2.12292 -2.50784 -6.04248 -1.99613 -1.69356 -6.05094 -2.09512 -2.47809 -6.02158 -2.78127 1.60647 -6.04491 -3.94571 -0.48956 -6.03946 -1.55031 -2.27246 -6.03312 -3.8286 -2.33886 -6.05064 -1.68948 -1.99842 -6.07458 -1.68029 -1.8745 -6.07318 -2.84192 1.75971 -6.06913 -1.99143 -2.30124 -6.01234 -1.96673 -2.23347 -6.05411 -0.717654 -1.87512 -6.03032 -1.71865 -2.03028 -6.05821 -0.725522 -1.84468 -6.05387 -4.03566 -2.28957 -6.05593 -1.75575 -1.81691 -6.02402 -2.75344 1.67907 -6.0489 -1.52174 -2.10026 -6.03527 -3.67121 -1.84846 -6.02268 -3.97722 -2.19758 -6.07265 -3.58036 -1.72334 -6.05215 -3.63981 -1.71265 -6.02007 -1.62097 -1.3076 -6.07343 -1.58588 -1.30603 -6.05827 -3.8782 -2.24659 -6.04435 -1.92876 -2.09603 -6.0379 -1.75109 -2.23377 -6.02715 -1.51512 -1.33544 -6.00957 -1.65466 -1.18093 -6.07221 -1.61648 -1.16994 -6.07849 -1.58297 -2.02318 -6.07263 -1.69226 -2.12726 -6.07196 -3.58591 -1.59279 -6.04581 -1.68522 -1.5691 -6.06145 -1.772 -2.12009 -6.02281 -1.70823 -1.44213 -6.01248 -1.30024 -1.13693 -6.02866 -1.54297 -1.92793 -6.05405 -4.38467 -1.90364 -6.03285 -1.49474 -1.80231 -6.01833 -3.12805 -1.92914 -6.01534 -1.63975 -1.069 -6.08236 -1.58842 -1.0681 -6.05888 -1.53985 -1.16158 -6.02078 -4.44399 -1.68822 -6.0474 -3.93474 -2.10176 -6.05014 -3.04948 -1.76156 -6.04728 -3.8478 -2.14906 -6.0321 -4.44741 -1.58829 -6.0497 -1.73429 -1.36226 -5.98902 -1.6205 -1.01024 -6.05978 -1.67873 -1.03597 -6.05891 -1.5898 -0.957946 -6.04848 -3.97249 -2.08621 -6.04798 -1.73421 -1.06449 -5.9961 -2.24289 1.75572 -6.02608 -1.64409 -0.897258 -6.05612 -2.90633 -1.738 -5.97636 -4.41359 -1.40139 -6.03078 -2.00886 1.34418 -6.05136 -4.36026 -1.25763 -6.02286 -3.58093 -1.37895 -6.04271 -2.01704 1.47324 -5.99061 -3.54971 -0.719955 -6.05154 -3.54115 -0.836865 -6.05327 -2.05333 1.61043 -6.02423 -1.03517 0.165485 -5.97079 -3.72216 -1.17044 -6.03885 -3.6231 -0.586247 -6.01686 -1.01385 0.423095 -6.03122 -1.0684 0.644532 -5.99973 -3.79056 -2.17885 -6.04462 -3.76495 -2.08008 -6.04197 -3.69469 -2.0213 -6.03521 -1.17304 -0.430558 -6.0385 -1.1469 -0.35116 -6.03458 -2.87852 -2.47216 -6.0549 -2.91058 -2.38906 -6.02311 -2.81429 -2.431 -6.02599 -3.10564 -2.17148 -5.99177 -1.88025 -2.11314 -6.01229 -1.91488 -2.21734 -6.02175 -1.65429 -2.40674 -5.99376 -3.58418 -0.630307 -6.01601 -3.56122 -0.702775 -6.01857 -4.22435 -1.174 -5.99417 -1.23014 -0.577522 -6.00025 -3.56272 -0.861702 -6.02002 -4.26303 -1.11968 -6.01469 -1.31739 -1.59835 -6.01992 -1.34858 -1.7291 -6.0184 -1.55191 -2.33744 -5.99447 -3.56573 -0.758692 -6.01522 -2.65529 1.51222 -6.01026 -2.71507 1.48794 -6.02231 -1.14123 -0.296232 -6.01425 -4.08548 -2.16822 -6.0128 -3.78213 -0.499822 -5.95333 -1.76575 -1.92771 -6.01726 -2.5761 1.54845 -6.02565 -2.69586 1.61287 -6.03282 -3.69897 -0.52843 -5.9575 -4.39516 -0.950709 -6.0189 -4.42163 -0.820969 -6.00811 -4.41559 -0.686877 -6.00719 -3.63355 -0.570481 -5.98135 -4.20589 -2.15775 -6.04596 -4.26419 -2.08326 -6.02609 -2.53769 -2.4693 -6.0218 -1.75489 -1.54953 -5.98847 -3.65788 -1.58301 -6.00946 -4.36839 -0.582076 -6.02013 -1.97879 -0.875804 -6.02068 -1.33824 -2.28015 -6.02028 -2.02736 -0.71703 -6.01069 -4.13361 -2.17518 -6.02396 -1.50622 -2.17234 -6.01533 -1.51619 -2.30402 -6.00247 -1.95637 -1.63952 -6.00402 -4.23254 -0.506473 -5.96152 -4.13587 -0.497018 -5.97927 -4.17428 -2.0659 -6.02245 -1.87804 -1.92873 -6.01161 -3.63604 -1.44184 -6.00933 -1.91484 -1.919 -6.02267 -2.48452 1.39215 -6.01739 -0.655952 -1.84729 -6.00394 -3.87766 -0.500798 -5.95892 -1.50092 -2.08651 -6.02079 -4.29216 -2.01173 -6.01616 -2.08045 -0.489119 -6.00504 -2.2001 -2.62429 -6.02363 -2.35169 -2.56293 -6.01883 -2.37055 1.59595 -6.00831 -1.46744 -1.92698 -6.01589 -4.40007 -1.78881 -6.02067 -1.35453 -2.24068 -6.02131 -2.19923 -0.0273318 -6.00489 -1.37841 -2.1007 -6.01709 -2.21163 0.21194 -5.97021 -1.98947 -1.29212 -6.01707 -1.29542 -1.30825 -6.01554 -2.16638 -2.57582 -6.0193 -1.38803 -1.93115 -6.02157 -4.0402 -2.14529 -6.02107 -3.14535 -2.01216 -6.01773 -3.11403 -1.97513 -5.98577 -2.21654 0.544064 -5.99953 -3.07694 -1.85138 -5.95354 -3.12574 -1.77066 -6.01334 -2.46562 -2.38733 -6.039 -2.5692 -2.35133 -6.01077 -2.50091 1.64139 -6.00628 -3.82163 -2.04003 -6.01985 -4.41586 -1.62271 -6.01702 -3.05846 -1.75916 -6.0143 -2.9959 -1.74571 -5.96673 -4.04595 -2.02983 -6.00427 -3.96003 -1.98844 -6.00421 -3.82843 -1.9732 -5.99442 -3.8972 -2.0492 -6.02476 -2.78618 -1.72434 -5.94036 -3.64689 -1.30266 -6.0241 -1.511 -1.02313 -5.98905 -3.79223 -1.17819 -6.00943 -1.99073 1.19248 -5.99313 -2.81557 -2.38971 -5.99844 -3.76622 -1.12947 -5.99716 -3.66842 -1.06797 -6.00866 -2.58741 1.32992 -6.01859 -2.66561 1.3969 -6.01436 -2.03668 1.55978 -5.96427 -3.60064 -0.969758 -6.01935 -2.46713 -2.04535 -6.01597 -2.52091 -1.89436 -5.99124 -2.51929 -1.81861 -6.00617 -1.61926 -0.838294 -6.03183 -2.52649 -1.77738 -6.02092 -2.57724 -1.75298 -5.98164 -1.93765 -1.00641 -5.99552 -1.95088 -2.25936 -6.02165 -1.91393 -1.8641 -6.01574 -1.68417 -2.39942 -5.9675 -1.7222 -2.32251 -5.99617 -1.30812 -0.877729 -6.0018 -1.73566 -0.951594 -5.97024 -1.65886 -0.798925 -6.00156 -1.57707 -0.784735 -5.99953 -3.68977 -0.777441 -5.98938 -3.59627 -0.6979 -5.99649 -1.86736 -2.24021 -6.0109 -1.76433 -2.28527 -5.99773 -1.82184 -2.20345 -6.01238 -4.11254 -2.04884 -6.00017 -2.56862 1.40731 -5.99849 -1.60847 -2.41384 -5.99083 -3.68415 -0.693707 -5.98846 -3.65198 -0.606946 -5.96308 -3.59992 -0.626597 -5.98607 -1.21752 -0.439777 -5.95116 -1.82333 -1.9124 -6.005 -1.79317 -1.79663 -6.00044 -4.18146 -1.98086 -5.99215 -1.19907 -0.382233 -5.95425 -4.28674 -1.2829 -5.98569 -2.5137 1.49075 -6.00445 -4.07354 -1.98292 -5.98669 -2.71425 -2.42734 -6.00952 -1.11859 -0.175984 -5.97083 -1.07343 0.0434135 -5.93263 -2.93385 -2.37507 -5.95209 -2.97699 -2.35374 -5.95708 -3.04331 -2.27909 -5.98731 -1.04965 0.343332 -5.94129 -3.90087 -1.22039 -5.98251 -3.88392 -1.14045 -5.98598 -3.99548 -1.16958 -5.98504 -1.96214 -0.795821 -5.96186 -1.93392 -0.891113 -5.9766 -1.99797 -0.680656 -5.95472 -1.08835 0.465115 -5.92759 -2.43722 1.59391 -5.99784 -1.84231 -1.73138 -5.98101 -2.20009 0.513561 -5.95841 -4.3088 -1.06258 -5.9823 -4.35358 -1.58898 -5.98059 -3.13154 -2.06692 -5.97893 -2.1524 0.753303 -5.97179 -4.22036 -1.1278 -5.97602 -3.78323 -1.5945 -5.97901 -3.69223 -1.42487 -5.99021 -4.15759 -1.16075 -5.97412 -4.35771 -1.40833 -5.99037 -4.00197 -1.12674 -5.9797 -3.97644 -1.12059 -5.98064 -2.17662 -2.61943 -5.98269 -2.12954 -2.5365 -5.9847 -4.38099 -0.897648 -5.97868 -2.07953 -0.418014 -5.96376 -2.44933 1.73642 -5.99299 -2.62038 -2.4039 -6.00631 -4.37853 -0.76563 -5.9912 -1.41873 -2.31255 -5.98917 -1.44423 -2.27344 -5.9998 -1.40038 -1.74618 -6.00222 -1.34943 -1.45456 -5.98601 -1.24562 1.24539 -5.94241 -4.28335 -1.82035 -5.98255 -1.99018 1.13331 -5.95623 -2.14526 -0.153695 -5.94709 -2.6833 -2.38597 -5.98908 -4.37838 -0.642516 -5.98175 -1.43974 -1.96653 -6.01212 -1.91187 -1.6504 -5.9809 -1.45068 -1.70235 -6.00021 -4.10185 -1.87277 -5.97217 -4.37338 -0.589046 -5.98308 -4.32021 -0.741444 -5.98434 -1.38016 -1.4516 -5.97728 -2.61396 -2.36261 -5.98286 -1.43121 -1.50276 -5.97871 -4.03338 -0.518104 -5.93436 -1.98963 1.3553 -5.97282 -3.94714 -0.509922 -5.94971 -3.9286 -1.92685 -5.98767 -1.24833 -2.39417 -5.95209 -2.49917 -2.1734 -5.97494 -3.06271 -1.88302 -5.91796 -2.49313 -2.07835 -5.97795 -2.52822 -2.00375 -5.95896 -2.04241 -2.36781 -5.96207 -2.09672 -2.46221 -5.9516 -3.77995 -1.87841 -5.99244 -1.38252 -2.35223 -5.96246 -3.05509 -1.78061 -5.96921 -1.95383 -2.29028 -5.99486 -1.80842 -2.30095 -5.97766 -1.43097 -2.14737 -6.00304 -1.93969 -1.39854 -5.97641 -3.8196 -1.32082 -5.97714 -1.46485 -1.30049 -5.98397 -3.73195 -1.08475 -5.97272 -1.90192 -1.17501 -5.95902 -1.46751 -1.10974 -5.97801 -3.66694 -1.02638 -5.98339 -3.62268 -0.916026 -5.99494 -1.34884 -1.23878 -5.9841 -1.35208 -1.05804 -5.98827 -2.57917 -1.83947 -5.94101 -2.56065 -1.77687 -5.97176 -1.53263 -0.84817 -5.97581 -1.62063 -0.744323 -5.99703 -3.77162 -0.93537 -5.94526 -1.65563 -0.684436 -5.97472 -1.58914 -0.690569 -5.98077 -1.6221 -0.584449 -5.96408 -1.28973 -0.73933 -5.98248 -3.81531 -1.07359 -5.93648 -3.08136 -2.11946 -5.94592 -3.07088 -2.19999 -5.94989 -1.80587 -1.35236 -5.9479 -1.79332 -1.0546 -5.95949 -3.91376 -1.3859 -5.9472 -2.61414 -2.31659 -5.91762 -4.13346 -1.20223 -5.97698 -4.05475 -1.29163 -5.95369 -3.08213 -2.0311 -5.95066 -1.15804 -0.228594 -5.92458 -2.55985 -2.27513 -5.94564 -2.15891 0.639505 -5.94976 -4.06128 -1.15048 -5.97379 -2.56833 -1.93405 -5.89852 -1.89105 -1.02836 -5.96075 -1.86067 -1.10745 -5.94915 -1.86173 -1.02798 -5.94928 -2.16534 0.0384131 -5.9192 -2.51674 -2.17073 -5.95127 -1.12781 -0.113438 -5.92071 -3.07558 -1.95573 -5.92304 -3.88278 -1.75631 -5.9674 -1.4173 -1.24983 -5.96985 -1.88977 -0.879133 -5.94538 -1.83864 -1.55848 -5.95515 -4.3405 -0.990822 -5.9571 -4.26708 -1.06956 -5.94791 -4.31123 -1.0148 -5.95069 -2.1939 0.320579 -5.93466 -1.7908 -1.50192 -5.96268 -1.38471 -1.1952 -5.97092 -3.00244 -2.31102 -5.9504 -1.8769 -1.44581 -5.94756 -1.97699 1.44015 -5.89395 -3.79039 -0.746319 -5.9532 -3.86394 -0.787166 -5.93338 -2.08608 0.896019 -5.92138 -2.80661 -2.3548 -5.91266 -2.68836 -2.35897 -5.91708 -4.26596 -0.853136 -5.96147 -2.13264 -2.54326 -5.90594 -4.25743 -1.61264 -5.95883 -4.07904 -1.08758 -5.91273 -1.4261 -1.07299 -5.96591 -2.05759 1.0193 -5.93779 -3.72806 -0.622118 -5.94347 -3.81306 -1.44313 -5.96666 -1.99461 -2.34803 -5.93298 -4.15653 -1.70741 -5.95537 -1.92878 -2.36858 -5.9227 -2.05356 1.59238 -5.89076 -3.91376 -1.05298 -5.9251 -1.87432 -1.31271 -5.94347 -1.51041 -0.813788 -5.95422 -1.46875 -0.927 -5.94637 -3.73993 -0.515792 -5.92276 -1.95849 1.18755 -5.92579 -1.50706 -0.719026 -5.92428 -1.1344 0.673896 -5.93029 -3.67917 -0.550697 -5.94177 -1.58975 -0.538806 -5.93962 -4.01137 -1.83829 -5.96623 -1.34745 -0.800036 -5.95186 -1.38051 -1.01212 -5.96387 -4.19461 -0.764787 -5.93731 -1.82151 -1.07431 -5.95093 -1.29738 -0.648474 -5.93942 -1.72074 -2.38305 -5.91781 -1.6526 -0.550089 -5.94767 -1.16859 0.959021 -5.938 -2.98943 -1.75107 -5.92827 -4.26493 -0.6224 -5.95012 -1.24753 -0.489888 -5.9261 -4.35262 -0.63586 -5.97277 -2.18025 -2.61348 -5.8879 -1.41616 -0.92832 -5.9402 -1.73044 -0.72074 -5.91528 -4.32533 -0.574645 -5.95086 -4.29004 -0.531144 -5.94707 -1.23731 1.38629 -5.91293 -2.02897 -0.554358 -5.95004 -3.97377 -1.71868 -5.94814 -3.92055 -1.63722 -5.94615 -4.27579 -1.42858 -5.96107 -1.62104 -2.47876 -5.95004 -1.59194 -2.4663 -5.93485 -1.55549 -2.39881 -5.9192 -1.52202 -2.38773 -5.91526 -1.44235 -2.38667 -5.92694 -1.21451 -2.4589 -5.95103 -1.31153 -2.35113 -5.95001 -1.28584 -2.36959 -5.93859 -4.17842 -1.29903 -5.96166 -4.02805 -1.43193 -5.93273 -3.01754 -2.18451 -5.91447 -3.05213 -2.0809 -5.9158 -4.14932 -0.502107 -5.91455 -1.6628 -2.49352 -5.92933 -3.99504 -1.52287 -5.93024 -2.58014 -2.24752 -5.92144 -2.17155 0.196782 -5.90703 -1.73297 -0.54295 -5.88196 -1.4367 -0.818918 -5.92798 -2.15841 0.285172 -5.88795 -2.15016 0.513932 -5.9054 -1.65724 -0.40717 -5.89923 -2.57747 -2.15128 -5.91733 -2.63453 -2.25114 -5.90066 -2.07922 -0.268559 -5.89833 -2.04323 -0.427521 -5.91697 -1.21546 -0.356693 -5.91152 -1.94316 1.31917 -5.89625 -2.11105 0.704223 -5.9211 -2.01233 1.52938 -5.88972 -2.12398 1.69849 -5.87494 -1.40122 -2.41496 -5.89676 -1.34709 -2.40534 -5.92299 -1.32642 -2.53565 -5.89121 -1.08291 0.179118 -5.9052 -1.2535 -2.45843 -5.91163 -1.20294 -2.51426 -5.9005 -1.37849 -0.783264 -5.93391 -2.94117 -2.3541 -5.91909 -1.85816 -0.875932 -5.93177 -2.97496 -2.31763 -5.92015 -2.62954 -1.74251 -5.91326 -2.68687 -1.71758 -5.91399 -4.19447 -1.05502 -5.91869 -4.15731 -1.08975 -5.91727 -2.62619 -1.8058 -5.89287 -1.45197 -0.649516 -5.89502 -1.80566 -0.939746 -5.93389 -2.98905 -2.25906 -5.9161 -1.40505 -0.652742 -5.89522 -1.82755 -0.818055 -5.91506 -2.54155 -2.09495 -5.94437 -2.57136 -2.0726 -5.91545 -1.78712 -0.78705 -5.9121 -4.15423 -0.938404 -5.91222 -3.88834 -0.895592 -5.90416 -1.9577 1.11673 -5.90827 -2.02308 0.969614 -5.89326 -4.14075 -0.894813 -5.90692 -3.87034 -0.747409 -5.93154 -4.02139 -1.0603 -5.91621 -3.97637 -1.03303 -5.91987 -3.8294 -0.636401 -5.90871 -1.25843 1.03991 -5.90794 -1.3076 1.15403 -5.88065 -2.08458 -2.46112 -5.91513 -1.53955 -0.458452 -5.88877 -3.91631 -0.966481 -5.90957 -3.73371 -0.561893 -5.90749 -1.62212 -0.451707 -5.91948 -3.84113 -0.51978 -5.88453 -4.14884 -0.811616 -5.92223 -4.1111 -0.725964 -5.90874 -1.58678 -0.442037 -5.91152 -4.18456 -0.622842 -5.91299 -2.96732 -1.81106 -5.86952 -1.9246 -0.737434 -5.91481 -1.9581 -0.678979 -5.9196 -2.0302 -2.42054 -5.91035 -3.90814 -0.745158 -5.91031 -3.9035 -0.693637 -5.90801 -2.90454 -1.7197 -5.91533 -4.26497 -0.548635 -5.92526 -4.2334 -0.517223 -5.91589 -1.89188 -2.39763 -5.88245 -1.83199 -2.40117 -5.89197 -1.75939 -2.36647 -5.90714 -1.99547 -0.549582 -5.91326 -1.26455 -0.345681 -5.86451 -1.70822 -2.56485 -5.84536 -1.65588 -2.57769 -5.87676 -1.72214 -2.4659 -5.88162 -2.0029 0.835231 -5.86697 -4.04481 -0.807575 -5.83666 -4.08857 -0.752878 -5.89442 -2.7346 -1.71703 -5.88155 -1.13403 -0.000230184 -5.8791 -4.10671 -0.969743 -5.90394 -3.86732 -0.58775 -5.8648 -1.38193 -2.46452 -5.88352 -1.26574 -2.52255 -5.8886 -2.68767 -2.31891 -5.89951 -4.08327 -0.664727 -5.88828 -3.79333 -0.544552 -5.87836 -2.09349 1.65662 -5.81699 -1.64945 -0.20043 -5.88069 -1.62 -0.288759 -5.90029 -3.91768 -0.844518 -5.87545 -4.02057 -1.01037 -5.90493 -1.59114 -0.120224 -5.88074 -4.06363 -0.887094 -5.8641 -1.15943 0.504099 -5.88193 -1.23366 0.655808 -5.87286 -1.58348 -0.271192 -5.89127 -1.62983 -0.107343 -5.87717 -3.99452 -0.916814 -5.8748 -1.91026 1.00758 -5.8523 -1.61671 -2.56573 -5.89083 -1.20898 -0.199378 -5.86166 -1.89953 1.13719 -5.86598 -1.87378 -0.740817 -5.89829 -3.96789 -0.668797 -5.84589 -2.01696 -0.386499 -5.88166 -1.30968 -0.50455 -5.88122 -2.11464 -0.072261 -5.87944 -1.48707 -0.524728 -5.88099 -1.83834 -0.677798 -5.88228 -2.60775 -1.9323 -5.7964 -4.14081 -0.553354 -5.87583 -1.90639 -0.573004 -5.8739 -2.93233 -2.32503 -5.90407 -1.3042 1.31183 -5.86171 -2.84268 -2.31886 -5.88813 -2.9356 -2.28802 -5.89847 -4.14823 -0.519159 -5.88325 -4.09761 -0.524013 -5.88263 -2.71541 -2.28271 -5.8838 -3.99246 -0.55739 -5.8854 -2.94146 -2.24951 -5.88219 -1.25143 1.44101 -5.87511 -2.85983 -2.289 -5.87877 -3.89896 -0.548996 -5.86569 -2.67717 -1.7364 -5.87516 -1.95991 -0.5327 -5.88632 -2.65948 -2.22312 -5.86789 -2.12212 0.2631 -5.85715 -2.59247 -2.13049 -5.87963 -3.03111 -1.85869 -5.87254 -3.03806 -2.10035 -5.83134 -2.99391 -2.19477 -5.88412 -2.91663 -1.73749 -5.87132 -3.05272 -1.97472 -5.79875 -2.87882 -1.71745 -5.88256 -2.09888 -2.54241 -5.87909 -2.05364 -2.49606 -5.88369 -1.97609 -2.49772 -5.88706 -1.12392 0.234216 -5.86477 -2.06876 0.642749 -5.88041 -2.12236 0.126435 -5.85694 -1.76307 -2.4476 -5.88219 -1.82659 -2.51847 -5.87149 -1.60273 0.18502 -5.88482 -1.5804 0.28313 -5.90485 -1.62079 0.289065 -5.90018 -1.13505 0.391462 -5.87107 -1.63661 0.366961 -5.87505 -1.65354 0.337262 -5.87933 -1.58602 0.339962 -5.89159 -1.98213 -2.62531 -5.89084 -1.99528 -2.59437 -5.89849 -1.55011 -2.4661 -5.88645 -2.05732 -2.57209 -5.87955 -1.53455 0.333297 -5.87735 -1.51338 -2.43122 -5.89163 -1.93992 -2.53345 -5.85606 -1.23742 0.790455 -5.88091 -1.4197 -2.44235 -5.88395 -1.2916 0.886975 -5.87003 -1.71853 -0.315593 -5.84 -1.50183 -0.268428 -5.84174 -2.04693 -0.172914 -5.84793 -1.34811 1.03106 -5.85243 -1.42689 -0.519592 -5.86888 -3.85129 -0.554077 -5.86256 -2.75111 -2.26439 -5.84052 -2.7061 -2.25055 -5.84276 -3.98262 -0.811974 -5.83118 -1.37118 1.19597 -5.83814 -2.64037 -2.19551 -5.83319 -1.35691 -0.38581 -5.84298 -1.46945 -0.343368 -5.84003 -1.99317 1.53513 -5.83063 -3.96723 -0.781824 -5.82562 -2.59847 -2.0682 -5.81564 -1.38891 -0.2772 -5.82058 -1.63641 -2.66022 -5.82748 -3.96145 -0.732733 -5.84626 -1.56788 -2.6152 -5.84316 -1.53274 -0.109862 -5.84645 -1.32411 0.57198 -5.84223 -1.23918 0.524802 -5.85585 -1.7937 -0.519344 -5.85803 -1.89456 -2.59151 -5.83327 -1.89366 -2.47665 -5.8652 -4.03589 -0.724628 -5.84574 -1.54675 -2.55437 -5.85714 -1.50208 -2.63257 -5.84656 -4.0339 -0.642071 -5.84483 -2.06867 -0.0646779 -5.8404 -1.30817 -0.2976 -5.83624 -1.19053 0.419472 -5.8503 -1.27949 0.377574 -5.8214 -1.46945 -2.58668 -5.85761 -4.08791 -0.583462 -5.85868 -1.29523 1.46692 -5.83401 -2.86544 -2.26317 -5.84329 -2.90914 -2.2486 -5.84102 -2.61412 -1.87854 -5.82441 -1.69629 -0.129383 -5.82549 -1.76812 -2.52738 -5.85826 -1.26558 1.50485 -5.82698 -1.91567 -0.434099 -5.84949 -1.39366 -2.57754 -5.85123 -3.9159 -0.594492 -5.84562 -1.95413 -0.277837 -5.83006 -4.08243 -0.553506 -5.86091 -2.65514 -1.81708 -5.85004 -1.88347 1.29753 -5.84399 -1.34812 -2.66308 -5.84685 -2.69481 -1.78041 -5.8536 -2.78255 -1.74266 -5.84852 -2.75968 -1.77595 -5.83904 -1.93608 1.43215 -5.84708 -4.00338 -0.599619 -5.84612 -1.62168 0.0559637 -5.86763 -1.7004 -0.0318967 -5.81448 -1.58366 -0.0421772 -5.8794 -1.8426 -0.526625 -5.8557 -2.96474 -2.21209 -5.84098 -1.52532 0.00832837 -5.83512 -2.07618 0.45422 -5.85438 -1.5837 0.0384582 -5.87442 -1.67978 0.236307 -5.83959 -1.54511 0.156955 -5.85554 -1.49149 0.271936 -5.83773 -1.69508 0.113845 -5.81725 -1.69015 0.352335 -5.85669 -3.04857 -1.91551 -5.82014 -1.47895 0.380064 -5.85515 -1.41587 0.760177 -5.82512 -2.88575 -1.78026 -5.84348 -1.93596 -2.62926 -5.82778 -1.16095 0.205747 -5.83868 -1.74239 0.397846 -5.83995 -2.13246 -2.61268 -5.84587 -1.53498 0.406669 -5.8576 -1.73831 0.440859 -5.83589 -1.42578 0.455987 -5.84268 -1.40123 0.417934 -5.83892 -1.82539 -2.6274 -5.86281 -1.79401 -2.68545 -5.83975 -1.77832 -2.58925 -5.8562 -1.96985 0.671643 -5.84398 -1.93721 0.595607 -5.83124 -1.7548 0.801083 -5.79858 -2.00054 0.47015 -5.83329 -2.05234 0.214193 -5.81669 -1.97672 0.25981 -5.80346 -1.84939 0.881581 -5.81891 -4.00139 -0.774274 -5.8156 -3.99867 -0.630867 -5.83784 -2.0151 -0.0848351 -5.81767 -2.73371 -1.80693 -5.80986 -1.92132 1.51295 -5.78584 -1.75462 0.270743 -5.80832 -1.43865 0.909615 -5.80955 -1.34404 -0.114697 -5.80275 -1.25228 -0.0541259 -5.81952 -1.73585 -2.67683 -5.79813 -3.00649 -2.15594 -5.78285 -1.22261 0.237801 -5.81219 -1.84768 -0.338245 -5.82125 -1.37278 1.39601 -5.81846 -2.99845 -1.86982 -5.77606 -1.43291 -0.125861 -5.81048 -1.76945 -0.296218 -5.81897 -1.72296 -2.59379 -5.83318 -2.8868 -1.80955 -5.81534 -1.85194 0.352512 -5.80948 -1.83063 0.451035 -5.83437 -1.47883 0.0289482 -5.81168 -1.93423 0.468906 -5.82945 -1.80614 1.16273 -5.8226 -1.34972 1.50406 -5.80061 -1.88064 1.4356 -5.80895 -1.84424 1.32137 -5.82005 -1.37783 0.358955 -5.81735 -1.33039 0.491393 -5.8452 -1.44472 0.216228 -5.81213 -1.91172 -0.116533 -5.79607 -1.63716 0.49918 -5.81377 -1.85501 0.527535 -5.82731 -1.4256 1.03808 -5.82376 -1.7097 0.587501 -5.80313 -2.63333 -2.16032 -5.76278 -1.58655 1.03352 -5.82978 -1.5039 0.946649 -5.79742 -1.47498 1.07299 -5.82147 -1.52088 0.521865 -5.81415 -1.4183 0.573032 -5.82215 -1.53632 0.766658 -5.79546 -1.7361 -0.168024 -5.80746 -1.48366 1.18901 -5.81112 -2.90744 -2.26555 -5.70096 -2.85224 -2.27614 -5.68771 -2.64818 -1.87427 -5.76669 -1.93734 0.127779 -5.78924 -1.7822 -0.0352104 -5.79098 -1.8696 0.194534 -5.78665 -1.80463 0.217464 -5.79215 -3.0258 -2.0428 -5.76382 -1.57918 0.624491 -5.79627 -1.66729 0.776925 -5.78922 -1.57773 0.857578 -5.78128 -2.63285 -2.10007 -5.73763 -2.94702 -2.23308 -5.73042 -1.59391 0.921782 -5.78469 -1.68509 0.905834 -5.78265 -1.75548 1.21653 -5.80899 -1.70192 1.16398 -5.80389 -1.67955 1.23728 -5.80063 -1.33042 0.238084 -5.79688 -1.81326 -0.166927 -5.79353 -1.68577 1.00934 -5.79581 -2.76016 -1.84221 -5.73677 -1.73287 0.959695 -5.79113 -1.64539 1.08582 -5.81312 -1.47789 1.43007 -5.79933 -1.77539 1.39794 -5.7917 -1.79886 1.48222 -5.77552 -1.40074 0.060238 -5.79433 -1.70808 1.4396 -5.78649 -1.60414 1.55494 -5.77772 -1.31346 0.0937675 -5.79508 -1.47123 1.52756 -5.78798 -1.87241 1.51729 -5.76321 -1.44892 1.60882 -5.76713 -2.04021 1.62348 -5.75104 -1.31774 1.5555 -5.77721 -3.00818 -1.96805 -5.74988 -2.71868 -2.25474 -5.70062 -2.89737 -1.84784 -5.74148 -2.90458 -1.87732 -5.70839 -2.98941 -1.9916 -5.72136 -1.83768 1.60827 -5.70167 -2.98031 -2.18239 -5.70283 -2.65694 -1.99567 -5.71113 -1.69754 1.57264 -5.75707 -1.55591 1.65893 -5.75273 -2.64883 -1.95349 -5.73957 -3.00375 -2.0559 -5.68903 -1.75604 1.66149 -5.69618 -2.75736 -2.26209 -5.65505 -2.70811 -2.22951 -5.66705 -1.9125 1.62146 -5.68886 -2.67289 -2.15175 -5.66563 -2.99321 -2.09148 -5.64876 -2.71281 -1.9405 -5.70488 -2.66467 -2.02748 -5.64995 -2.77259 -1.87204 -5.70093 -1.96174 1.63575 -5.69085 -2.89962 -1.93079 -5.6619 -2.96961 -2.01742 -5.62052 -1.98062 1.69454 -5.66593 -2.94768 -2.22027 -5.65386 -1.82441 1.6873 -5.66706 -2.87123 -1.92684 -5.64141 -2.76665 -1.91026 -5.67326 -2.90202 -2.25455 -5.6416 -2.82665 -2.2505 -5.61952 -1.91107 1.69464 -5.65479 -2.67091 -2.07016 -5.61058 -2.71389 -1.98985 -5.6078 -2.79475 -1.93047 -5.6283 -2.74708 -2.21422 -5.61768 -2.90647 -2.2182 -5.61157 -2.9563 -2.0422 -5.59119 -2.95687 -2.10517 -5.59743 -2.83741 -1.96929 -5.56518 -2.8532 -2.11795 -5.55515 -2.90669 -2.09567 -5.55997 -2.71273 -2.09065 -5.57926 -2.7585 -2.12416 -5.57155 -2.72027 -2.04072 -5.57657 -2.78762 -1.98195 -5.56158 -2.81415 -2.0693 -5.54768"/>
    <Normal vector="-0.465383 0.0803037 -0.881459 -0.0426049 -0.0436429 -0.998138 -0.46309 -0.121887 -0.87789 -0.0398033 -0.286691 -0.957196 -0.250621 -0.412078 -0.876003 0.1523 0.282434 -0.94712 0.0459506 -0.0595956 -0.997164 0.0796015 0.0923268 -0.992542 -0.0420889 0.146986 -0.988243 -0.0307121 -0.0259628 -0.999191 0.0387214 0.0159132 -0.999123 0.0116927 0.0795359 -0.996763 0.0997137 -0.00972102 -0.994969 -0.0970538 0.135974 -0.985947 -0.279135 -0.0162795 -0.960114 -0.60397 0.0665393 -0.794224 0.190957 -0.0549437 -0.98006 0.101929 -0.179991 -0.978373 0.0567581 0.00423122 -0.998379 -0.0695466 -0.0417188 -0.996706 -0.572741 -0.819356 -0.0249546 -0.448168 -0.762976 -0.465847 0.0752954 -0.035321 -0.996536 0.100802 -0.0545464 -0.99341 0.0468224 -0.0540463 -0.99744 0.173535 -0.385722 -0.906148 0.258603 -0.879614 -0.399254 0.0588805 0.00495449 -0.998253 0.0265536 -0.0313368 -0.999156 0.171195 -0.0973389 -0.980417 0.0350756 0.161646 -0.986225 -0.0622926 -0.338491 -0.938906 0.0158854 0.0639218 -0.997828 -0.135412 -0.397363 -0.907616 0.586101 -0.760369 -0.279866 0.13608 -0.0605361 -0.988847 0.0538067 -0.0790306 -0.995419 0.143415 -0.762746 -0.630595 0.0960026 -0.0899889 -0.991305 0.033269 -0.634838 -0.771929 0.150675 0.111528 -0.982272 0.150527 -0.0761466 -0.985669 -0.780743 -0.387007 -0.490577 -0.824163 -0.145498 -0.547344 -0.134617 -0.0168209 -0.990755 -0.110709 -0.153407 -0.981942 -0.791555 -0.080654 -0.605752 0.0660729 -0.0443267 -0.99683 -0.724012 -0.654538 -0.217686 -0.0354825 0.0948264 -0.994861 0.386037 0.30932 -0.869078 0.126683 0.455949 -0.880944 -0.0257684 0.401123 -0.915662 0.0756668 -0.0359566 -0.996485 -0.0342317 0.125862 -0.991457 -0.955379 -0.0247737 -0.294344 0.25339 -0.167906 -0.952681 -0.889815 0.0307534 -0.455283 -0.352398 0.0984643 -0.930656 -0.563218 0.317284 -0.762966 -0.0248137 0.0840905 -0.996149 0.00129032 0.147254 -0.989098 0.0360808 0.148623 -0.988235 0.108779 -0.319458 -0.941336 0.0925849 0.0757913 -0.992816 0.0376403 -0.118106 -0.992287 -0.00827962 -0.0917985 -0.995743 -0.122101 -0.0136396 -0.992424 0.0856406 -0.019958 -0.996126 0.132491 -0.0945648 -0.986663 -0.893131 0.242846 -0.378607 0.0427068 0.133938 -0.990069 -0.979815 0.116635 -0.162353 -0.980585 0.00261225 -0.196076 -0.500926 0.00156638 -0.865489 0.035954 0.0867682 -0.99558 0.0256994 0.0749241 -0.996858 -0.0103044 0.0747394 -0.99715 0.065843 -0.020252 -0.997624 0.0151022 0.14605 -0.989162 0.0583442 0.218309 -0.974134 0.0217442 0.109062 -0.993797 -0.0580899 0.125793 -0.990354 -0.773835 0.190455 -0.604074 -0.413403 0.12739 -0.901593 -0.939846 0.116222 -0.321219 -0.0663059 0.0886757 -0.993851 0.36731 0.0759428 -0.926993 -0.0622196 0.150507 -0.986649 -0.824398 -0.0245094 -0.565479 -0.077072 -0.283026 -0.956011 -0.230782 -0.458758 -0.858068 0.0720495 0.0261684 -0.997058 0.124203 -0.113863 -0.985702 -0.00587533 0.0735021 -0.997278 0.267531 0.0176105 -0.963388 0.263694 -0.095694 -0.959848 0.254237 0.0116283 -0.967072 0.0644326 0.028562 -0.997513 -0.770802 0.132565 -0.62313 -0.167392 0.135837 -0.976488 -0.992404 0.0771356 -0.0958353 0.503975 -0.0300672 -0.863195 0.0820715 0.0583029 -0.99492 0.0990027 0.0267375 -0.994728 -0.0573598 0.142088 -0.988191 0.230546 0.0465735 -0.971946 -0.108665 0.0708432 -0.991551 0.0302389 0.0324459 -0.999016 -0.163528 0.232302 -0.958798 -0.645465 -0.110841 -0.755705 -0.00520396 0.140629 -0.990049 -0.150885 -0.238723 -0.959294 0.0977926 0.0251414 -0.994889 0.0702085 0.0811778 -0.994224 0.00456553 0.0621553 -0.998056 0.0528608 0.0456779 -0.997557 0.0536871 0.0874279 -0.994723 0.0489401 -0.0267938 -0.998442 0.0402603 -0.0340637 -0.998608 0.0894995 -0.0172275 -0.995838 0.044366 0.0486189 -0.997832 0.125991 -0.0249747 -0.991717 0.0137306 0.0378888 -0.999188 0.0487717 -0.26146 -0.963981 0.0783568 -0.0607196 -0.995075 -0.000354738 -0.704561 -0.709643 -0.556732 -0.674364 0.485059 -0.52257 -0.760404 0.385624 -0.159933 -0.967107 0.197801 0.62756 -0.637468 0.446994 -0.700555 0.361189 -0.615439 -0.207936 0.0265789 -0.977781 -0.912237 0.0488097 -0.406744 0.0583856 -0.0187298 -0.998118 0.322611 -0.81007 0.489601 -0.261595 -0.594111 -0.760658 0.00529686 -0.215229 -0.976549 -0.222804 -0.868909 -0.441991 0.0265042 0.139824 -0.989822 0.334372 0.0858738 -0.938521 0.00712311 -0.154752 -0.987928 0.0377945 -0.85411 -0.518718 -0.10696 -0.993475 -0.0395749 -0.00962222 -0.281939 -0.959384 -0.283652 0.168203 -0.94406 0.0313661 -0.103033 -0.994183 -0.0128386 -0.182504 -0.983121 0.0459803 -0.401789 -0.914577 -0.0349434 0.0204538 -0.99918 -0.0108171 -0.347732 -0.937532 0.0902724 -0.0423404 -0.995017 -0.00359208 -0.0777301 -0.996968 0.0787444 -0.042326 -0.995996 0.0231399 -0.00311822 -0.999727 0.020196 0.0421253 -0.998908 0.0319569 -0.976023 -0.215307 -0.134618 0.0170174 -0.990751 0.101631 0.0159466 -0.994694 -0.570358 0.0316607 -0.820786 0.0463793 -0.91888 -0.391803 0.0225441 -0.0484351 -0.998572 -0.659156 -0.0901567 -0.746582 0.0907142 0.0581414 -0.994178 0.146322 -0.526198 -0.837679 -0.721084 -0.0398332 -0.691702 0.0913054 0.00946915 -0.995778 0.160442 -0.679609 -0.715814 0.0612934 -0.189051 -0.980052 0.0166921 -0.163189 -0.986454 0.129534 0.128862 -0.983166 0.00682551 -0.199731 -0.979827 0.0489776 -0.00382538 -0.998793 0.28365 0.198366 -0.938186 0.124292 0.0679514 -0.989916 0.0486165 0.0633086 -0.996809 0.0764733 -0.736122 -0.672515 0.0241202 -0.0679293 -0.997399 0.103803 0.0134163 -0.994507 0.214387 -0.184893 -0.95909 0.107499 0.0409014 -0.993364 -0.808154 -0.564598 0.167681 -0.970799 -0.23989 -0.00155919 0.0547834 0.0940602 -0.994058 -0.95592 0.130478 0.263043 0.035136 0.0260307 -0.999044 0.000909935 0.0477579 -0.998859 0.161613 -0.00864788 -0.986816 0.0885161 -0.0348239 -0.995466 0.105245 0.0535274 -0.993005 -0.00404245 -0.104396 -0.994528 -0.0746485 -0.222324 -0.972111 0.00315918 0.0336976 -0.999427 -0.0284739 0.0549437 -0.998083 0.025663 0.0288538 -0.999254 -0.0405544 0.0409508 -0.998338 0.0386517 -0.0896118 -0.995227 0.0911499 0.0113973 -0.995772 0.0429882 -0.0152001 -0.99896 0.0429649 0.0178944 -0.998916 0.037453 0.00598855 -0.99928 0.111624 -0.0382746 -0.993013 0.3097 -0.00408609 -0.950826 0.0511963 -0.0196767 -0.998495 -0.990232 -0.0214288 0.13777 -0.964788 -0.047542 0.258697 0.0529611 0.0262978 -0.99825 0.0305247 0.0259773 -0.999196 0.0784927 0.0764922 -0.993976 0.22034 0.0479308 -0.974245 0.0103606 0.100964 -0.994836 0.0326177 0.0410412 -0.998625 0.0546308 0.0351923 -0.997886 0.0486499 0.0299074 -0.998368 0.0215541 -0.0386981 -0.999018 0.0428807 0.0962716 -0.994431 0.0276002 -0.0391832 -0.998851 0.0229575 -0.0110434 -0.999675 0.00800605 0.074915 -0.997158 0.0872871 0.0530211 -0.994771 0.148274 -0.00139978 -0.988945 0.0156482 -0.00861386 -0.99984 0.182325 -0.1294 -0.974686 -0.0443183 5.94813e-05 -0.999017 0.0953999 -0.143902 -0.984983 0.0871181 -0.189502 -0.978008 -0.0359213 0.0475166 -0.998224 0.0503452 -0.0795175 -0.995561 0.0606253 0.0828957 -0.994712 0.138617 0.0783604 -0.987241 0.0772473 0.141641 -0.986899 0.0323469 -0.0362953 -0.998818 0.150099 0.147785 -0.977563 -0.070109 0.0376581 -0.996828 0.0441179 -0.031294 -0.998536 0.050615 -0.0811775 -0.995414 -0.0344941 0.0851344 -0.995772 -0.0275517 0.0277099 -0.999236 -0.0526456 -0.00867588 -0.998576 -0.0253161 0.0195845 -0.999488 -0.0502462 -0.00207873 -0.998735 0.00142964 0.0513097 -0.998682 0.0527896 0.0165368 -0.998469 0.0549139 0.133009 -0.989592 -0.03972 0.0696938 -0.996777 -0.0868045 -0.0100382 -0.996175 -0.0488526 -0.103897 -0.993388 -0.0441753 -0.366905 -0.929209 -0.0389423 -0.224793 -0.973628 -0.0134202 0.0614782 -0.998018 -0.00936776 0.0540919 -0.998492 -0.00226389 0.0301101 -0.999544 -0.0602458 0.104164 -0.992734 -0.0124155 0.0188806 -0.999745 -0.0156856 0.043177 -0.998944 -0.0423932 0.0593344 -0.997338 -0.125036 -0.0409725 -0.991306 -0.0194522 -0.0210808 -0.999589 0.112139 -0.0143059 -0.99359 -0.101538 -0.0181102 -0.994667 -0.0453125 -0.115734 -0.992246 -0.970352 0.00612692 0.24162 -0.997915 0.0392248 0.0512565 -0.00204886 0.19773 -0.980254 -0.981752 0.188351 -0.0262075 -0.924357 0.221497 -0.31065 -0.00781517 0.048071 -0.998813 -0.14282 0.052908 -0.988334 -0.258212 0.16633 -0.951662 -0.00384348 0.00365016 -0.999986 -0.983592 0.121292 0.13355 -0.041664 0.00279015 -0.999128 -0.0437739 0.0642169 -0.996975 -0.0059372 0.0175361 -0.999829 -0.156734 0.0498017 -0.986384 -0.0721287 0.186714 -0.979763 -0.138501 -0.0127532 -0.99028 -0.0643279 -0.180428 -0.981482 0.152486 0.097463 -0.983488 -0.0192712 0.127631 -0.991634 -0.0144308 0.0301303 -0.999442 -0.00319452 0.0705074 -0.997506 -0.0486268 -0.0135853 -0.998725 -0.0168171 0.0308051 -0.999384 -0.0339867 0.0353825 -0.998796 0.0223603 0.0290453 -0.999328 -0.0905287 0.0167616 -0.995753 0.0250919 0.0922392 -0.995421 0.0386617 0.0728453 -0.996594 -0.0160522 0.091947 -0.995634 0.0272646 0.0360793 -0.998977 0.00777599 0.104897 -0.994453 0.00235513 0.0834202 -0.996512 0.0186077 0.0493425 -0.998609 0.0243625 0.119584 -0.992525 -0.0117342 0.0240672 -0.999641 0.0806131 0.0425305 -0.995838 -0.00913876 0.0431987 -0.999025 -0.00763118 0.0654681 -0.997826 -0.047547 0.130557 -0.9903 -0.0630985 0.0630865 -0.996011 0.100193 0.0506352 -0.993679 0.0609672 0.0346094 -0.99754 -0.994901 0.0875997 0.0499784 -0.999794 0.0102856 -0.0175208 -0.00740089 -0.561654 -0.827339 -0.358325 -0.597314 -0.717508 -0.0942814 -0.297916 -0.949925 -0.106701 -0.858805 -0.501067 -0.115769 -0.132965 -0.984336 0.0633287 0.0941932 -0.993538 0.126739 0.0899066 -0.987853 -0.0307952 -0.961895 -0.271679 0.0813135 0.102962 -0.991356 -0.925236 0.091822 -0.368114 -0.0717828 -0.949375 -0.305833 0.102364 -0.273224 -0.956489 0.0763105 -0.925375 -0.371293 0.176496 0.110115 -0.978123 0.0725135 -0.330895 -0.940877 0.0591344 -0.930058 -0.362623 0.00687276 -0.0162359 -0.999845 0.274927 -0.0246526 -0.961149 0.0466706 -0.516259 -0.85516 0.0352209 0.0249298 -0.999069 -0.0526767 -0.924028 -0.378678 0.0922863 0.104686 -0.990214 0.0326328 -0.538824 -0.841786 0.0622666 -0.00546117 -0.998045 0.0298551 -0.310221 -0.950195 0.103575 0.042602 -0.993709 0.0752342 -0.902641 -0.423768 0.205246 -0.559765 -0.802831 -0.959649 -0.0823183 -0.268884 0.0823161 -0.0892911 -0.992598 -0.924683 0.114012 -0.363267 -0.21477 0.118363 -0.969466 0.0118141 -0.0596127 -0.998152 -0.0843029 -0.434579 -0.89668 0.279959 0.0690485 -0.957526 0.139589 0.0451379 -0.98918 0.194366 0.132789 -0.9719 -0.0381753 -0.0204018 -0.999063 -0.0235113 -0.0819749 -0.996357 -0.0968179 0.0558856 -0.993732 -0.00531178 -0.00885566 -0.999947 0.0552518 0.129233 -0.990074 0.0112264 0.143394 -0.989602 -0.00675051 -0.01418 -0.999877 -0.048136 0.0352356 -0.998219 0.0267793 -0.0780731 -0.996588 0.020069 0.0425337 -0.998893 0.00395181 0.0454358 -0.998959 -0.000772823 0.0599378 -0.998202 -0.00717751 -0.0503355 -0.998707 0.0362069 0.0333151 -0.998789 0.0105901 0.025618 -0.999616 0.0805059 0.0323491 -0.996229 0.0405003 -0.0266911 -0.998823 0.0701928 0.00813842 -0.9975 -0.0251625 0.00129532 -0.999683 0.0136229 0.0185952 -0.999734 0.0294995 0.0327063 -0.99903 0.00786056 0.0624162 -0.998019 0.0539075 0.0119481 -0.998474 0.0780512 0.110427 -0.990815 0.116818 0.0403542 -0.992333 0.0566404 0.0965365 -0.993717 0.0318125 0.0493458 -0.998275 0.0115931 0.0291789 -0.999507 0.0212148 0.0240544 -0.999486 0.0616831 0.108111 -0.992223 0.0540224 0.0416823 -0.997669 0.0141691 0.151625 -0.988337 0.00784506 0.101045 -0.994851 0.117041 0.0520314 -0.991763 0.0267144 0.136715 -0.99025 -0.409162 -0.762255 0.501551 -0.100163 -0.433758 0.895445 0.0453504 0.0545252 -0.997482 0.0820288 -0.00809249 -0.996597 0.028137 -0.00665273 -0.999582 -0.010345 0.0753282 -0.997105 0.0203111 0.0364637 -0.999129 0.000144176 0.0838313 -0.99648 -0.0301941 0.0297042 -0.999103 0.0584553 0.0352928 -0.997666 0.119675 0.11818 -0.985754 -0.0297823 0.0462285 -0.998487 0.0385878 0.10816 -0.993384 -0.0624222 0.0261006 -0.997708 -0.312889 -0.389535 0.866235 0.106545 0.0464343 -0.993223 -0.00786389 0.107421 -0.994183 -0.00414606 0.0480219 -0.998838 0.0488834 0.0796435 -0.995624 0.104628 0.0754193 -0.991648 0.0311313 0.000910738 -0.999515 -0.0326687 0.0236857 -0.999186 0.192173 -0.645129 0.739512 0.0597537 0.0628646 -0.996232 0.0125001 0.0569849 -0.998297 0.084895 0.102121 -0.991143 0.0362895 0.0269437 -0.998978 0.106426 0.0388967 -0.993559 0.146665 0.00668594 -0.989164 -0.0896443 -0.964809 0.247199 -0.00683598 0.0426832 -0.999065 0.043819 0.011852 -0.998969 0.0175288 0.00978163 -0.999799 -0.0425893 0.00614122 -0.999074 0.178713 -0.0548592 -0.982371 -0.125155 -0.991083 0.0457268 0.0367586 0.134 -0.990299 -0.065857 0.050827 -0.996534 0.0781335 0.0159235 -0.996816 0.025684 -0.993507 -0.110831 -0.00328577 -0.999099 0.0423117 0.0774042 0.087386 -0.993163 0.0428005 0.0726804 -0.996436 -0.111305 0.0445417 -0.992788 0.138228 -0.856902 -0.496601 -0.00413665 0.104908 -0.994473 -0.0487735 -0.971782 -0.230782 -0.107265 0.0842319 -0.990656 -0.946484 -0.291183 0.139212 0.0158585 0.02577 -0.999542 -0.993476 -0.00508306 0.113925 -0.0546438 0.0882598 -0.994598 -0.949344 0.153906 0.273968 -0.00172963 0.0638229 -0.99796 -0.0624318 0.0257234 -0.997718 0.0367318 0.044298 -0.998343 0.0714025 0.0250349 -0.997133 0.00848436 0.0708566 -0.99745 0.0104485 0.0465306 -0.998862 0.0877862 0.00666171 -0.996117 -0.0421453 0.0120631 -0.999039 0.0332945 0.0756763 -0.996576 0.0495558 0.0683432 -0.99643 -0.0155987 -0.00622537 -0.999859 -0.991144 -0.0319883 0.128878 -0.994979 0.00282651 0.100044 -0.972887 0.034323 0.228722 -0.971023 0.110509 0.211901 -0.944256 0.208329 0.254913 -0.0141418 0.0237096 -0.999619 0.00814259 0.011023 -0.999906 -0.0623444 0.0655425 -0.9959 0.0182725 0.0981564 -0.995003 0.0141647 0.00246754 -0.999897 0.0184611 -0.00148753 -0.999829 -0.0200084 -0.0180202 -0.999637 -0.984928 0.130996 0.112944 0.0576204 0.0352577 -0.997716 0.0507837 0.0492823 -0.997493 0.0884499 -0.00676714 -0.996058 0.115378 0.0242448 -0.993026 0.0991322 0.0776915 -0.992037 0.0153106 0.0904495 -0.995783 0.0308847 0.0654723 -0.997376 0.100273 0.188123 -0.977013 -0.988308 0.0452367 0.145604 0.116744 0.0259042 -0.992824 0.0288895 0.0276826 -0.999199 -0.997465 0.00871139 0.0706255 0.0689174 0.000569043 -0.997622 0.133298 -0.0451851 -0.990045 0.0516575 -0.000984495 -0.998664 -0.0519339 0.0701876 -0.996181 0.00652311 0.0694816 -0.997562 -0.0362329 -0.971338 -0.234926 0.0525616 0.0125794 -0.998538 0.0203169 0.0595561 -0.998018 0.124494 -0.274185 -0.953585 0.0742874 0.0782452 -0.994163 0.00196617 -0.0229776 -0.999734 -0.00198593 0.0376176 -0.99929 0.0312792 -0.0105898 -0.999455 0.0897712 0.135617 -0.986686 0.0385384 0.0857111 -0.995574 0.0542439 0.0489139 -0.997329 -0.999195 0.0323579 0.0236959 -0.0345328 -0.62155 -0.782613 0.0575197 0.0108929 -0.998285 0.0375252 -0.0211805 -0.999071 -0.00784499 -0.107352 -0.99419 0.0179062 -0.0655723 -0.997687 0.061826 -0.114349 -0.991515 -0.00701394 -0.817997 -0.57518 0.20144 0.111736 -0.973107 -0.0112036 0.0193142 -0.999751 0.0487491 -0.0356058 -0.998176 0.0749114 0.061921 -0.995266 0.0377442 0.00887375 -0.999248 0.0159463 0.0573315 -0.998228 0.0801848 0.0556071 -0.995228 -0.00179736 -0.0838273 -0.996479 -0.0155215 -0.0363173 -0.99922 -0.0305301 -0.321315 -0.94648 0.0521766 0.146041 -0.987902 0.00936741 0.0716513 -0.997386 0.0397415 0.0576648 -0.997545 -0.214553 -0.519326 -0.827205 -0.129737 -0.220018 -0.96683 -0.242552 -0.81833 -0.521061 -0.0554451 0.0953001 -0.993903 0.085867 0.0294276 -0.995872 0.0229804 0.0842417 -0.99618 0.007565 0.044036 -0.999001 0.0577162 0.0899801 -0.99427 0.0698873 0.0794971 -0.994382 -0.0162044 -0.0788494 -0.996755 0.0230245 0.0833841 -0.996251 0.084141 0.062657 -0.994482 0.0475631 -0.00366548 -0.998861 -0.0277823 -0.943651 0.329775 -0.273096 -0.945814 0.175655 -0.0325306 -0.0611884 -0.997596 -0.0590658 0.0135365 -0.998162 -0.0262806 -0.0419757 -0.998773 -0.03007 0.0265177 -0.999196 0.0586936 0.104598 -0.992781 -0.0136627 0.0914778 -0.995713 -0.0168196 0.100263 -0.994819 -0.0254925 0.167531 -0.985537 0.0039179 0.0595364 -0.998218 0.0815096 -0.92076 0.38152 -0.0282468 -0.00321733 -0.999596 -0.031672 -0.0870348 -0.995702 0.0382873 -0.929386 0.367117 0.0236025 0.0172947 -0.999572 0.064516 0.0271666 -0.997547 0.0553723 0.0733498 -0.995768 -0.0234719 -0.336833 -0.941272 -0.0316029 -0.998473 -0.0453179 -0.0395227 0.0575745 -0.997559 -0.0356843 0.0589404 -0.997624 -0.0505585 0.0831432 -0.995254 0.0305417 -0.997517 0.0634595 -0.0188428 -0.46324 -0.886033 0.0591925 0.0879223 -0.994367 0.0174997 0.0611669 -0.997974 0.00103192 0.20371 -0.979031 0.392438 -0.85379 -0.342104 0.113581 -0.207872 -0.971539 -0.0207168 0.068225 -0.997455 0.0210013 0.0387018 -0.99903 0.015953 0.127316 -0.991734 0.0675898 0.101236 -0.992564 0.095501 0.21836 -0.971184 0.0143658 -0.0202835 -0.999691 -0.0741403 0.0695227 -0.994822 -0.0212458 0.11615 -0.993005 0.0193803 0.0230581 -0.999546 0.106486 -0.751214 -0.651413 -0.0307554 0.222186 -0.974519 -0.0103513 -0.860776 -0.508879 0.0135079 0.04471 -0.998909 0.00973639 0.0063909 -0.999932 0.0870274 0.0314905 -0.995708 0.122638 0.0146053 -0.992344 -0.00369405 0.0618535 -0.998078 0.0373226 0.0259392 -0.998967 0.0125543 0.0373082 -0.999225 0.0397751 -0.548444 -0.835241 -0.00798148 -0.929803 -0.367972 -0.0328997 0.0132874 -0.99937 -0.0268872 -0.00594947 -0.999621 0.0822905 0.0739566 -0.993861 -0.0374985 0.110735 -0.993142 0.00472619 -0.0038346 -0.999982 -0.00264709 0.130996 -0.991379 0.0832744 -0.600089 -0.795587 0.14984 -0.889915 -0.430812 -0.0579599 -0.00040055 -0.998319 -0.0481527 0.0697323 -0.996403 -0.0447751 -0.033645 -0.99843 -0.00880046 0.012093 -0.999888 -0.0342441 0.0486327 -0.99823 0.003561 0.0655594 -0.997842 0.182406 0.0536809 -0.981757 0.209437 -0.104151 -0.97226 0.0697333 0.110573 -0.991419 -0.00606544 -0.0151402 -0.999867 0.105795 0.0396418 -0.993597 0.173531 0.00141068 -0.984827 -0.0634753 -0.107158 -0.992214 0.0388809 0.0121579 -0.99917 -0.0170178 0.150668 -0.988438 -0.00947077 0.11368 -0.993472 -0.0812067 -0.200717 -0.976278 0.0944688 0.00190018 -0.995526 -0.0568364 0.0569813 -0.996756 -0.0803616 0.274151 -0.958323 -0.12336 0.332673 -0.934939 0.0482968 -0.0813601 -0.995514 -0.0282786 -0.199161 -0.979559 0.0674121 -0.00159534 -0.997724 -0.0790299 -0.0390577 -0.996107 0.0481252 0.064507 -0.996756 -0.0311908 -0.0455732 -0.998474 -0.0683911 -0.0378857 -0.996939 0.0421521 -0.0299212 -0.998663 -0.00908539 -0.0199837 -0.999759 -0.0614493 -0.0117446 -0.998041 -0.0431719 -0.0281183 -0.998672 0.0178183 0.0393331 -0.999067 -0.0190857 0.0628418 -0.997841 -0.030056 0.0109308 -0.999488 0.0319477 -0.00369507 -0.999483 -0.00350791 -0.0214498 -0.999764 0.0389494 0.0215273 -0.999009 0.0696992 -0.0147493 -0.997459 0.0534173 -0.0407701 -0.99774 0.0253134 0.0467611 -0.998585 -0.0137286 -0.0387939 -0.999153 0.0233808 -0.118932 -0.992627 -0.115267 0.094171 -0.988861 -0.207305 0.184517 -0.960717 0.0240484 -0.0167231 -0.999571 -0.00913043 0.00946968 -0.999914 -0.0421217 -0.0315516 -0.998614 -0.0294377 0.0246644 -0.999262 -0.0146256 -0.017831 -0.999734 0.00564332 0.015014 -0.999871 0.00755464 0.0236869 -0.999691 -0.990005 0.12277 -0.0694148 0.207012 0.0444949 -0.977326 0.055435 -0.0318995 -0.997953 0.0886698 -0.013008 -0.995976 -0.942738 0.0344963 -0.331744 -0.38505 -0.0514543 -0.92146 -0.96307 0.00817924 -0.269127 -0.605576 0.0468543 -0.794407 0.00510179 0.0820966 -0.996611 -0.0669617 -0.0755324 -0.994892 -0.0245526 -0.0435153 -0.998751 0.176291 -0.942785 -0.28298 -0.225028 -0.937274 -0.266234 0.112408 -0.0551119 -0.992133 -0.980153 -0.0108898 -0.197943 -0.0867551 0.0648396 -0.994117 -0.857771 0.0441671 -0.512131 -0.138515 -0.989966 0.0279569 0.0515296 0.00362603 -0.998665 0.111373 0.00104458 -0.993778 -0.00678724 0.0568615 -0.998359 0.0433217 -0.033513 -0.998499 0.0508877 -0.0810565 -0.99541 0.00449936 -0.989728 0.142894 -0.140063 -0.0278912 -0.98975 -0.869756 -0.0284563 -0.492662 -0.99287 0.0768437 -0.0911246 0.0254519 -0.997646 0.0636814 0.0280261 0.0105544 -0.999552 0.0739424 0.0315828 -0.996762 0.0479317 -0.028424 -0.998446 0.0109801 -0.0540964 -0.998475 0.0289213 -0.998236 -0.0518461 -0.0794721 -0.0170493 -0.996691 -0.115378 0.0201545 -0.993117 -0.0862054 -0.99622 -0.0106489 -0.0572724 -0.0570705 -0.996726 -0.0244478 -0.026171 -0.999358 0.0425655 -0.989938 -0.134945 -0.114738 -0.975479 -0.187817 -0.0769721 -0.0175138 -0.996879 0.0101602 0.132406 -0.991144 0.0474834 -0.0310247 -0.99839 -0.0201606 -0.0205114 -0.999586 -0.0254347 0.0333094 -0.999121 0.0261166 0.0878452 -0.995792 -0.0123367 0.0240263 -0.999635 -0.0187678 -0.0151866 -0.999709 -0.0246127 0.0114643 -0.999631 0.0231753 -0.0127186 -0.999651 -0.0145333 -0.0370624 -0.999207 0.0155093 -0.0262059 -0.999536 0.0916926 -0.0271747 -0.995417 0.032225 0.0382892 -0.998747 0.0320551 0.02183 -0.999248 -0.0508818 -0.0436355 -0.997751 0.0889577 -0.0907902 -0.991889 -0.0525773 0.0135817 -0.998525 0.0210625 -0.0259165 -0.999442 -0.0055476 0.0113681 -0.99992 0.00264222 0.0310861 -0.999513 -0.016682 0.0342296 -0.999275 0.00691038 -0.117289 -0.993074 0.155525 0.096997 -0.983058 -0.917383 0.00758618 -0.397932 0.14197 -0.0478255 -0.988715 0.0224998 0.110553 -0.993616 -0.999483 -0.0181415 -0.02656 0.0140395 -0.00232351 -0.999899 0.0161695 0.00610314 -0.999851 0.0929161 -0.00788246 -0.995643 0.0915698 -0.032857 -0.995256 0.0564709 0.114249 -0.991846 -0.167178 -0.952889 0.253089 0.0418899 0.0272492 -0.998751 -0.0426033 -0.983448 0.17611 -0.0427096 0.0710167 -0.99656 0.0577705 0.0547479 -0.996828 0.0111839 0.0970122 -0.99522 -0.00725349 0.033826 -0.999401 -0.0104577 0.0526236 -0.99856 -0.00455658 0.0565241 -0.998391 0.0460582 0.117598 -0.991993 0.0270533 0.105531 -0.994048 0.0176278 0.0843301 -0.996282 0.0383057 0.0349844 -0.998654 -0.167185 -0.984065 0.0605493 0.00125211 0.0529226 -0.998598 0.0266746 0.0528835 -0.998244 0.00196173 -0.997515 0.0704247 0.0324363 0.0152915 -0.999357 0.0120794 0.0439337 -0.998961 0.0294516 0.0891018 -0.995587 0.0104408 -0.999772 -0.0186226 0.0483845 0.0473331 -0.997707 -0.835602 -0.538812 0.107007 0.0630544 0.0775806 -0.99499 -0.0315374 0.0366269 -0.998831 -0.501808 -0.863568 0.0493884 -0.985239 0.170526 -0.0149939 0.110101 -0.0554108 -0.992375 -0.0381823 0.0399397 -0.998472 0.0440521 0.120454 -0.991741 0.0278911 0.0815837 -0.996276 0.070579 0.183957 -0.980397 -0.129181 0.116501 -0.984754 0.0498453 0.080208 -0.995531 0.0135174 0.1021 -0.994682 0.00551866 0.0685125 -0.997635 -0.981409 0.102561 0.162226 0.143369 -0.2023 -0.968772 0.119086 -0.154157 -0.980844 -0.999349 -0.0064834 0.0355042 -0.22895 0.276063 -0.933473 -0.189596 -0.0100772 -0.98181 0.0624353 0.0181821 -0.997883 0.0411301 0.0368591 -0.998474 -0.998835 -0.0024722 0.04819 -0.994649 0.079886 0.0655043 -0.0790009 0.061151 -0.994997 0.0352847 -0.0350625 -0.998762 0.0255233 0.0304531 -0.99921 0.0374478 -0.036842 -0.998619 -0.0311197 -0.997457 -0.0641207 -0.0128176 -0.00583187 -0.999901 -0.998737 0.0254332 0.0433235 -0.107193 -0.989679 0.0951014 -0.070415 -0.899684 -0.430825 -0.0454159 -0.986593 0.156755 -0.0125836 -0.822597 0.568486 0.106624 -0.638333 0.76234 -0.995113 0.00545765 0.0985911 -0.0259896 -0.5946 0.803602 0.0208692 -0.0331542 -0.999232 5.55695e-05 -0.0971484 -0.99527 -0.0402307 -0.954104 0.29676 -0.0357372 0.0324073 -0.998836 -0.0203577 0.0708195 -0.997281 0.0685694 -0.988912 0.131727 -0.0522941 -0.00191168 -0.99863 0.0108339 -0.0351193 -0.999324 0.0454183 -0.992026 0.117566 0.0214191 -0.997752 0.0635049 0.325929 -0.944433 0.0426255 -0.0182781 -0.077547 -0.996821 0.13742 0.0127119 -0.990431 -0.0656974 -0.997836 -0.00260382 -0.0219834 -0.0285608 -0.99935 0.0623112 -0.996924 0.0475292 0.0269673 -0.0161272 -0.999506 -0.0193069 0.0439919 -0.998845 -0.0222323 -0.999751 0.00196597 0.0423079 -0.998054 0.0458075 0.0124679 -0.0618987 -0.998005 0.035931 -0.0545394 -0.997865 -0.0661087 -0.994526 0.0809185 -0.0486657 -0.984523 0.168362 -0.0181026 -0.898376 0.438854 -0.00970377 0.00693063 -0.999929 -0.090216 -0.0111463 -0.99586 0.0137096 0.0489603 -0.998707 0.00517823 0.0903308 -0.995898 -0.0584394 0.0825826 -0.994869 0.0120465 0.101413 -0.994771 0.000103113 0.065853 -0.997829 0.107923 0.119445 -0.986958 0.135437 0.0597393 -0.988983 0.10453 0.0679681 -0.992196 0.0339211 -0.904473 0.42518 0.0857928 0.0605356 -0.994472 0.0973841 -0.947739 0.303822 0.00909452 -0.959399 0.281907 -0.00538453 -0.947701 0.319115 0.0819885 -0.0164087 -0.996498 0.0368432 0.012726 -0.99924 0.0277971 0.0170023 -0.999469 0.0115153 0.0851457 -0.996302 0.066269 0.00854016 -0.997765 0.0252801 0.033475 -0.99912 0.0750633 -0.013479 -0.997088 0.0697182 0.054383 -0.996083 0.0884466 0.0291893 -0.995653 0.0655027 0.0131793 -0.997765 0.0555226 0.0564177 -0.996862 -0.0978348 -0.995128 0.0121915 -0.997803 0.00612693 0.0659651 -0.0233293 -0.995119 0.0958892 0.038271 -0.998725 0.032927 -0.997425 0.0310093 0.0646714 -0.0599012 -0.997469 0.0382978 0.0199526 -0.0306404 -0.999331 0.0282752 0.0404342 -0.998782 -0.00391232 0.0328755 -0.999452 0.0486363 -0.998311 0.0317877 -0.998939 0.0418393 0.0192435 -0.997839 0.04189 -0.050627 -0.999938 -0.00100511 -0.0111042 0.044706 0.0208513 -0.998783 0.0253008 0.00575138 -0.999663 -0.00385878 0.0229859 -0.999728 -0.989394 -0.102942 -0.102485 -0.995364 0.0909553 0.0312798 0.0479666 0.0222968 -0.9986 -0.981254 0.170085 0.0906149 0.0132071 0.00371996 -0.999906 -0.999885 -0.0144468 -0.00468155 -0.0502173 -0.998613 0.0158506 0.0249793 0.0341038 -0.999106 -0.0553399 -0.998406 0.0110766 -0.0933969 -0.986405 0.135212 0.0313298 -0.987478 0.154617 0.10208 -0.880924 0.462118 -0.124014 -0.944527 0.304121 -0.174161 -0.979791 0.0983719 0.0656461 -0.993061 0.0975731 0.144039 -0.96775 0.20667 -0.0346396 -0.992648 0.115973 0.0872921 -0.994753 0.0533474 0.0188383 -0.999097 -0.0380964 -0.00536356 -0.0484925 -0.998809 0.0115864 0.0551792 -0.998409 0.00117223 -0.0787196 -0.996896 -0.991942 0.0468219 0.117723 -0.283845 -0.948625 0.139793 -0.106742 -0.985786 0.129739 -0.0217846 -0.999744 -0.00611498 -0.0139018 -0.995941 0.0889242 -0.0193549 -0.999589 0.0211305 -0.0441291 -0.998959 -0.0115431 -0.984291 -0.159577 0.0755477 -0.988431 0.0437954 0.14521 -0.998127 -0.05651 0.0234305 -0.992676 0.077884 0.0923531 -0.999465 -0.00505265 0.0323024 -0.994066 0.0954746 0.0521251 0.106329 -0.989712 0.0957319 -0.00319025 -0.993963 -0.109667 -0.172006 -0.979844 -0.101583 0.042202 -0.998824 -0.0238782 -0.0247652 -0.999211 0.0310635 -0.0237149 -0.999634 -0.0130051 -0.991635 0.0220783 0.127173 -0.0154913 -0.999636 -0.0220847 -0.997308 0.0135171 0.0720771 -0.999851 -0.0130692 0.0112887 -0.595627 -0.77527 0.2102 -0.988973 -0.0704141 0.130284 -0.934014 0.0271094 0.356207 -0.980657 0.0996584 0.168465 0.0115423 -0.994249 -0.106471 -0.0295867 -0.998292 0.0503833 -0.111382 -0.992852 -0.0428892 0.117861 -0.99253 -0.0315055 -0.0449964 -0.986369 -0.15828 -0.102844 -0.992454 -0.0667689 -0.0012959 -0.998786 -0.0492507 0.0697519 -0.996377 -0.0486622 -0.055629 -0.995518 -0.0764812 -0.00931296 -0.997663 -0.0676922 0.00529626 -0.999367 -0.0351844 -0.122653 -0.954594 0.271491 -0.970619 0.0638445 0.231997 -0.084796 -0.939849 0.330897 -0.0295959 -0.999178 -0.0276922 -0.0597565 -0.998003 -0.02048 -0.993965 0.00937788 0.109301 -0.98946 -0.0180472 0.14368 -0.109175 -0.99398 -0.00922383 -0.868012 -0.230961 0.439559 -0.735989 -0.49387 0.463047 -0.969921 0.0255707 0.242071 -0.978677 0.0772034 0.190346 0.0726412 -0.995796 -0.0558011 -0.910711 0.0354205 0.411524 -0.126698 -0.981755 -0.141788 0.0381147 -0.998936 0.0259797 -0.0162922 -0.997033 0.0752281 0.0711095 -0.996191 -0.05047 -0.998585 -0.0238544 0.0475292 -0.930632 -0.00176182 0.365952 -0.107902 -0.89254 0.43787 -0.962006 0.0562767 0.267164 -0.140789 -0.803431 0.578513 -0.191561 -0.911344 0.364357 0.0860438 -0.993457 -0.0750913 -0.893701 0.0137647 0.448451 -0.875739 0.0190569 0.482409 -0.343273 -0.745913 0.57077 -0.0440684 -0.988802 -0.14258 -0.0325623 -0.992678 -0.116319 -0.0248849 -0.999619 -0.011971 0.00188763 -0.994807 -0.101761 -0.0193448 -0.999471 -0.0261473 -0.934396 -0.00242832 0.356227 0.0124852 -0.999902 0.00633217 -0.978817 0.0268027 0.202975 -0.989068 -0.03879 0.142267 -0.00756416 -0.998317 -0.0574907 -0.732056 0.00506047 0.681226 -0.0487031 -0.808241 0.586835 -0.0290995 -0.999577 -0.00010124 -0.0229069 -0.999671 -0.0115429 -0.941508 -0.0119392 0.33678 -0.84161 0.0962991 0.531432 -0.878428 0.0223986 0.47735 -0.0314773 -0.999074 0.0293204 -0.751196 0.133263 0.646487 0.00556283 -0.987378 0.158281 -0.136334 -0.675332 0.724803 -0.725189 0.059421 0.685981 -0.601259 0.0150648 0.798912 -0.140293 -0.73069 0.66814 -0.727508 -0.0791 0.681525 -0.903316 0.0972185 0.417814 -0.864588 -9.99121e-05 0.502481 -0.315899 0.0546082 0.94722 -0.476691 -0.846939 0.2355 -0.293547 -0.953451 0.0690038 -0.0279784 -0.999083 -0.032422 -0.318039 -0.107701 0.94194 -0.627137 -0.00880969 0.778859 -0.0349715 -0.996558 0.0751667 -0.619411 0.00376844 0.785058 -0.793639 0.0344315 0.607413 -0.469297 -0.34406 0.813254 -0.222496 -0.475226 0.851267 -0.647464 0.0115306 0.762009 -0.683006 0.0540106 0.728413 0.0185905 -0.999824 0.00241291 -0.0569513 -0.972791 0.224575 0.00339625 -0.999218 0.039392 -0.661923 -0.150104 0.734389 0.0857477 -0.996238 0.0125279 -0.10264 -0.991217 -0.0833853 -0.545713 0.195175 0.814926 -0.100963 -0.993003 -0.0612573 -0.180219 0.112316 0.977193 -0.200382 -0.100136 0.974587 0.0852773 -0.994177 0.0658741 0.0193555 -0.999476 -0.0259278 -0.173446 -0.576685 0.798343 -0.0863233 -0.063682 0.99423 -0.179577 -0.0686781 0.981344 -0.551799 -0.0811741 0.830017 -0.680638 0.00186525 0.732618 -0.68149 -0.143419 0.717636 -0.366681 -0.0536572 0.928798 -0.661254 0.262464 0.702749 -0.0308658 -0.999411 0.0150126 -0.0959235 -0.508226 0.855865 -0.0197862 -0.984429 0.174663 -0.525946 0.0950438 0.845191 -0.186402 0.589376 0.78606 -0.114846 0.44305 0.88911 0.0116669 0.533081 0.845984 0.00055154 -0.0551089 0.99848 0.008718 -0.0279349 0.999572 -0.161958 0.453899 0.876211 -0.170585 0.0998439 0.980271 -0.0622371 -0.034032 0.997481 -0.0771805 -0.0198006 0.996821 -0.108458 -0.992781 -0.0512053 0.0389369 -0.995545 0.0858768 -0.0682995 -0.116929 0.990789 -0.247847 -0.616932 0.746972 -0.18006 -0.067868 0.981312 -0.209088 -0.68681 0.696114 -0.50924 -0.617733 0.599233 0.117581 0.0595832 0.991274 0.581985 0.0889303 0.808322 0.487053 0.34817 0.800973 -0.540138 0.361144 0.760149 0.117551 0.578048 0.807491 -0.401154 0.590058 0.700648 -0.154712 0.162033 0.974582 0.377805 0.693794 0.613118 -0.492409 0.096808 0.864963 -0.250007 -0.0290704 0.967808 0.132402 -0.0846658 0.987574 -0.202145 0.0379914 0.978619 -0.320779 -0.351704 0.879435 -0.000289815 -0.0486435 0.998816 0.0905875 -0.289254 0.952956 -0.0188972 -0.440724 0.897444 -0.549531 0.0866079 0.830972 -0.165569 0.427823 0.888569 -0.0344272 0.064577 0.997319 -0.703383 0.0296826 0.710191 0.0100601 -0.0277977 0.999563 -0.62685 0.0626449 0.776618 -0.670163 -0.0059173 0.74219 -0.0351143 0.425148 0.904443 -0.000241105 0.113725 0.993512 -0.88296 -0.0551294 0.4662 0.0138581 0.552467 0.83342 0.0932764 0.714367 0.693527 0.0975019 0.180272 0.978772 -0.147957 -0.239373 0.959588 -0.797157 -0.0766991 0.59888 -0.126187 0.266128 0.955643 -0.199631 0.809058 0.552786 -0.633817 -0.185563 0.750894 -0.622288 0.00513585 0.782771 -0.892047 -0.0498433 0.449185 -0.707655 -0.0309043 0.705882 -0.758888 0.0172575 0.650993 -0.100946 -0.99451 -0.0275566 -0.0364895 -0.999308 0.00715899 0.56926 -0.0888669 0.817341 0.0894379 -0.209296 0.973754 -0.00356795 -0.291773 0.956481 -0.18659 -0.442294 0.877246 0.168776 -0.196289 0.965912 0.0961764 -0.0267212 0.995006 0.41809 -0.1039 0.902444 0.0495855 -0.0430076 0.997844 0.518309 -0.0116902 0.855114 0.086617 0.00288677 0.996238 0.454173 -0.0617639 0.88877 -0.0119063 -0.0122434 0.999854 0.07343 -0.0181108 0.997136 -0.547006 -0.666522 0.506491 -0.907212 -0.122828 0.402344 -0.773168 0.00256277 0.634196 -0.714841 0.0728351 0.695484 -0.893662 -0.138051 0.426978 -0.850396 -0.05214 0.523553 -0.90351 -0.214352 0.371111 -0.330684 -0.136977 0.933748 -0.0323734 -0.999057 0.0289458 -0.0145825 -0.980362 0.196664 -0.0585566 -0.163752 0.984762 0.0721615 -0.376854 0.923457 -0.0361611 -0.998276 0.0462339 -0.23563 0.428782 0.872138 0.0724617 0.753798 0.653099 -0.0335227 0.533062 0.845412 -0.0319279 -0.998604 0.0420692 -0.281444 -0.457527 0.84348 -0.265652 -0.530686 0.804861 -0.912762 -0.0739193 0.401748 0.70827 0.475497 0.521781 0.0571383 0.911615 0.407055 -0.506508 0.317605 0.801609 0.694031 0.159399 0.702077 -0.670468 0.239288 0.702291 -0.714038 0.443993 0.541313 -0.610504 0.0449631 0.790736 -0.594351 0.498396 0.631148 -0.716753 0.375907 0.587332 -0.416873 0.626231 0.658826 0.395556 0.117179 0.910936 0.252591 0.335152 0.907673 -0.321655 0.144685 0.935737 0.499615 -0.0268965 0.86583 -0.194856 -0.00197432 0.98083 0.537007 -0.0702721 0.840646 -0.0200356 0.800632 0.598821 -0.126955 0.498941 0.857287 -0.694645 -0.0260894 0.71888 -0.12975 0.723986 0.677502 -0.0780408 0.813147 0.576804 -0.725875 -0.150678 0.67112 0.0580108 -0.672752 0.73759 -0.818667 0.0118829 0.574146 -0.86103 -0.0575292 0.50529 0.0868287 -0.994882 -0.0516851 -0.709915 -0.0688718 0.700912 -0.756174 -0.188708 0.62657 0.0394989 -0.999167 0.0102681 0.308735 -0.431876 0.847447 0.00560818 -0.99998 0.00307242 0.180012 -0.33532 0.924746 -0.443039 -0.249553 0.861069 0.487691 -0.234557 0.840916 0.69486 -0.126525 0.707927 0.0590793 -0.588144 0.806596 -0.279982 -0.162587 0.946137 0.460971 -0.178317 0.869315 -0.178499 -0.448557 0.875748 0.168428 -0.387812 0.90622 -0.475627 -0.646269 0.596755 -0.178424 -0.730856 0.658798 -0.636753 -0.149749 0.756387 -0.201307 -0.286912 0.936566 0.57012 -0.245997 0.783868 0.247062 -0.65215 0.716702 -0.806489 -0.0864102 0.5849 -0.902734 -0.00448942 0.430175 -0.879222 -0.0306293 0.475427 -0.146617 0.950124 0.27526 -0.605153 0.734691 0.306626 -0.173555 -0.873844 0.454176 -0.81012 0.248632 0.530931 -0.0320692 -0.997472 0.0634176 0.0278657 -0.979976 0.197158 0.040267 0.3933 0.918528 -0.159694 -0.0788597 0.984012 0.0247556 -0.998378 0.0512743 -0.474582 -0.457606 0.75191 0.0100941 -0.99986 -0.0133615 -0.00759721 -0.999449 0.0323024 -0.325064 -0.613541 0.719654 -0.458045 0.313359 0.831866 -0.446253 0.369064 0.815261 0.589399 -0.157863 0.792268 0.542462 -0.237698 0.805751 -0.50524 -0.402916 0.763146 -0.36449 0.0743557 0.928234 -0.42225 -0.462498 0.779616 0.37938 0.545107 0.747616 0.508759 -0.282996 0.813067 0.646655 -0.0296631 0.762206 -0.0704603 -0.300533 0.951165 -0.513641 0.389411 0.764547 0.444607 0.149679 0.883132 -0.326921 0.132815 0.935672 -0.577416 -0.0512351 0.814841 -0.875544 -0.224766 0.427672 -0.389428 -0.434101 0.812344 -0.903342 -0.231334 0.361189 0.20663 -0.613666 0.762049 -0.734238 0.0188672 0.67863 -0.755151 -0.039193 0.654378 -0.854818 -0.0737293 0.513663 -0.939199 -0.139163 0.313908 -0.963523 -0.0703004 0.258229 0.396677 -0.376232 0.837316 0.515763 -0.345961 0.783772 -0.544067 -0.169874 0.821665 0.76351 -0.084569 0.640235 0.747467 -0.162924 0.644009 -0.652663 -0.115227 0.748835 0.387389 -0.293636 0.873904 -0.0692765 -0.298263 0.951966 -0.514661 -0.206374 0.832187 -0.429975 -0.243017 0.86952 0.155545 -0.418162 0.894956 -0.875222 -0.0611306 0.479843 -0.890357 0.0371551 0.453745 -0.934184 -0.0447212 0.353979 -0.127307 -0.905224 0.405416 -0.0329927 -0.922107 0.385526 -0.094519 -0.992317 0.0798331 0.0794975 -0.987813 0.133809 -0.0159265 -0.997498 0.0688779 0.487745 0.673441 0.555502 0.600849 0.493653 0.628718 0.0965318 0.788022 0.608032 -0.228935 0.820093 0.524439 -0.131202 0.809035 0.57293 -0.228722 0.861213 0.453871 -0.965263 -0.0174039 0.2607 -0.228462 -0.491334 0.840474 -0.120905 -0.600681 0.790294 0.00676559 -0.954052 0.299566 -0.262857 -0.547829 0.794222 -0.396609 -0.0388316 0.917166 0.0746591 -0.994205 0.0773531 -0.198587 -0.280246 0.939162 -0.0152455 -0.99987 -0.00526788 -0.210007 -0.295076 0.932109 0.0459294 -0.968301 0.245526 -0.420695 -0.358294 0.833451 0.0189381 -0.253824 0.967065 0.392914 -0.171835 0.903378 0.263802 0.491853 0.829752 -0.348057 0.354122 0.868017 -0.0587112 0.59335 0.802801 -0.29417 0.203241 0.933894 0.0898455 0.198045 0.976067 0.314727 -0.0655415 0.946917 0.333915 -0.180043 0.925249 0.0492484 -0.134676 0.989665 0.153395 0.443108 0.883247 0.049585 -0.486436 0.872308 0.320466 0.38322 0.866282 0.303068 -0.122986 0.944999 0.407418 -0.302359 0.861736 -0.437481 0.333214 0.835212 -0.538976 -0.287736 0.791652 0.23921 0.285442 0.928063 -0.119161 -0.0568674 0.991245 -0.39084 -0.239682 0.888705 -0.0952979 -0.301912 0.948561 -0.627012 -0.0252434 0.778601 -0.478335 -0.140194 0.866915 -0.0117602 -0.199553 0.979817 0.47846 -0.15485 0.864348 0.570483 -0.120048 0.812489 -0.256486 -0.163263 0.95266 0.455398 -0.225514 0.861253 -0.564218 -0.13261 0.814907 -0.297317 -0.212348 0.930866 -0.35258 -0.414472 0.838988 -0.552539 -0.237452 0.798948 0.462786 -0.260048 0.847469 -0.768888 -0.058942 0.636661 -0.863502 -0.00930602 0.50426 -0.911165 -0.115989 0.395379 -0.0374027 -0.730122 0.682292 0.0549963 -0.637648 0.768362 -0.044704 -0.758205 0.650482 -0.0226366 -0.831072 0.555704 -0.00903662 -0.855524 0.517684 -0.00770467 -0.989463 0.144579 -0.286393 0.493455 0.821268 -0.51457 0.452527 0.728311 -0.0418893 0.716595 0.696231 -0.1652 0.677012 0.717192 -0.111178 0.820832 0.560245 -0.0256417 -0.973588 0.226868 -0.0375684 -0.97865 0.202073 -0.0167831 -0.973919 0.226275 -0.122053 -0.262848 0.957086 -0.0472003 0.39025 0.919498 -0.859628 -0.147772 0.489084 -0.809913 -0.0761505 0.581586 -0.14838 0.011617 0.988862 0.32536 0.40153 0.856104 -0.184536 0.310096 0.932624 -0.00420346 0.040172 0.999184 -0.485381 0.220612 0.846011 -0.168923 0.153842 0.973549 -0.25228 0.383925 0.888232 -0.150128 -0.348711 0.925128 -0.124479 -0.259883 0.957583 -0.0426841 -0.152499 0.987382 -0.0874038 -0.0862582 0.992431 -0.0742266 -0.123032 0.989623 -0.440352 0.730403 0.522112 -0.158012 -0.253381 0.954374 0.00101636 -0.977084 0.212852 -0.128658 0.187893 0.973727 0.0882698 0.131965 0.987316 -0.0721647 0.245826 0.966624 -0.00348023 -0.943959 0.330045 0.147588 0.374794 0.915285 0.0139255 -0.963576 0.26707 0.105688 0.752953 0.649532 -0.121629 0.5749 0.809133 0.280757 -0.359972 0.889717 0.244827 -0.284258 0.926961 -0.332414 -0.136776 0.933163 -0.121797 -0.236929 0.963862 -0.577175 -0.0954836 0.811019 -0.0511562 -0.59587 0.80145 -0.0799126 -0.603038 0.7937 -0.13905 -0.110659 0.984083 -0.0374599 -0.185959 0.981843 0.00718057 0.53412 0.845378 -0.273848 0.24219 0.93078 -0.39505 -0.427042 0.81337 -0.23885 -0.757653 0.607382 -0.667723 -0.112387 0.735877 0.0386185 -0.963978 0.263164 -0.00367638 -0.158366 0.987374 0.125198 -0.932665 0.338321 -0.115379 -0.147919 0.982246 0.321486 -0.172731 0.931027 0.301619 -0.257604 0.917969 0.40644 -0.0802524 0.910146 -0.294971 -0.157347 0.942462 0.164967 -0.161939 0.972914 -0.0711463 -0.2454 0.966808 0.451188 -0.278213 0.847955 0.0614817 -0.293723 0.953911 0.232904 -0.481091 0.845167 -0.12777 -0.3262 0.936626 -0.743954 -0.249276 0.619996 -0.37195 -0.24089 0.896451 0.0306255 -0.273309 0.961439 0.43391 -0.269428 0.859727 -0.344645 -0.239393 0.907695 -0.603951 -0.0927789 0.791603 -0.74273 -0.0839694 0.664306 -0.78817 -0.112001 0.605181 -0.143437 -0.385736 0.911391 -0.00160106 -0.184524 0.982827 -0.0856211 -0.410868 0.907665 -0.0702003 -0.179324 0.981282 -0.053255 -0.470336 0.880879 -0.00918199 -0.43331 0.901198 -0.0529648 -0.134248 0.989531 -0.0684227 -0.444307 0.893258 -0.0767414 -0.780788 0.620066 -0.0375729 -0.824267 0.564954 -0.0527536 -0.888186 0.456446 0.00846271 -0.0102554 0.999912 0.162587 0.383779 0.908999 0.080402 0.0262669 0.996416 -0.0433663 -0.00792468 0.999028 -0.117232 0.0987934 0.988178 -0.0739523 0.00712426 0.997236 0.0617336 0.109672 0.992049 -0.664179 -0.146206 0.733137 -0.0747704 0.189875 0.978957 -0.342583 -0.136583 0.929506 -0.0341018 -0.181011 0.98289 -0.121865 -0.236977 0.963842 0.149256 -0.332205 0.931323 -0.0640213 -0.0138846 0.997852 -0.0948635 -0.209033 0.973297 -0.025787 -0.213924 0.97651 -0.0939992 -0.128831 0.987201 -0.0746414 -0.0909341 0.993056 -0.447505 -0.237759 0.862096 -0.398291 -0.225395 0.889135 0.375425 -0.245668 0.893702 -0.00822925 0.0397468 0.999176 -0.038772 0.0811843 0.995945 -0.0363936 -0.0115402 0.999271 0.00502894 0.171753 0.985127 0.504738 -0.201828 0.839348 -0.0791687 0.111093 0.990652 -0.119584 -0.219097 0.968347 -0.0788648 -0.287458 0.954541 -0.462308 -0.0936765 0.881757 -0.491272 -0.14903 0.858162 -0.138474 -0.093242 0.985967 -0.574545 -0.14216 0.806033 -0.176534 0.394345 0.901847 -0.773942 -0.152523 0.614614 -0.184843 0.724872 0.663621 0.209782 -0.237388 0.948493 -0.382468 0.274218 0.882339 -0.618278 -0.0617758 0.783528 -0.00390496 -0.758978 0.651105 -0.0890235 -0.413683 0.906058 -0.0988441 -0.369571 0.92393 0.00361053 -0.872906 0.487875 -0.0972154 -0.445799 0.889839 0.0206013 -0.915262 0.402333 0.00855183 -0.864004 0.503413 0.00724323 0.372339 0.928068 0.349399 0.381702 0.855701 0.147764 0.0116714 0.988954 -0.0352941 0.796247 0.603942 0.416928 -0.103398 0.903039 0.33959 -0.0515235 0.939161 0.334409 -0.178743 0.925322 0.0978156 -0.660683 0.744264 -0.174446 -0.567908 0.804394 -0.337312 -0.680549 0.650442 0.115503 -0.795045 0.595451 -0.318405 -0.794058 0.517774 -0.328663 0.498363 0.802256 -0.397602 -0.711955 0.57882 0.412473 -0.265384 0.871457 0.215353 -0.21596 0.952357 0.0155914 0.118334 0.992851 0.53536 0.305649 0.78738 0.198709 0.75161 0.628965 -0.0488648 0.662284 0.747658 -0.0539377 -0.102858 0.993233 0.0918795 -0.458129 0.884124 -0.100837 -0.573746 0.812802 -0.15041 -0.230312 0.961423 -0.05079 -0.41056 0.910418 -0.0926356 -0.0733757 0.992993 0.279312 -0.196862 0.939803 -0.0634788 -0.141623 0.987883 -0.0860542 -0.0567172 0.994675 -0.48163 -0.0748406 0.873173 -0.363844 -0.170537 0.915715 -0.00640979 0.0759657 0.99709 -0.0225672 0.0116869 0.999677 0.0636583 0.04275 0.997056 -0.0108279 -0.750224 0.661095 0.0513874 -0.721836 0.690154 -0.097913 0.169199 0.980706 0.071252 -0.244322 0.967073 -0.312795 -0.18 0.932609 0.130122 -0.471442 0.872245 -0.0278306 -0.195559 0.980297 -0.0242026 0.382452 0.923658 0.566492 0.443951 0.694258 0.403742 0.375118 0.834433 0.124974 0.653844 0.746237 0.0077369 0.53462 0.845057 -0.19293 -0.20731 0.959062 -0.111477 -0.215333 0.970157 0.0637234 0.492323 0.868077 -0.0214501 0.0172804 0.999621 -0.0244176 0.562817 0.826221 -0.0532995 0.422071 0.904995 -0.0607759 0.0881442 0.994252 0.270536 -0.24596 0.93076 0.224046 0.258042 0.939797 -0.00798734 -0.222408 0.974921 0.302486 -0.179939 0.936015 -0.0363429 -0.643694 0.76442 -0.0635075 0.015301 0.997864 0.0120313 0.5397 0.841772 -0.0713218 -0.390935 0.917651 -0.0466435 -0.385257 0.92163 0.326385 -0.460029 0.82574 -0.139864 0.545065 0.826645 0.410133 -0.216239 0.88602 0.165247 -0.193055 0.967173 0.0735786 -0.215888 0.973642 0.20051 -0.18116 0.962796 0.0563672 -0.328602 0.942785 0.0884512 -0.236025 0.967713 -0.085049 -0.225092 0.970618 -0.454139 -0.77619 0.437365 -0.115652 -0.445357 0.887852 -0.211193 -0.240283 0.94745 -0.511284 0.0934294 0.854318 -0.162944 -0.0851851 0.982951 -0.501498 -0.528409 0.685043 -0.270712 0.327002 0.90542 0.399508 0.194424 0.895875 -0.52334 -0.129154 0.84228 -0.306712 -0.139405 0.941538 -0.0684641 -0.515582 0.854101 -0.0592868 -0.179852 0.981906 -0.0348591 -0.511131 0.858796 0.0386305 -0.503342 0.863223 0.0683757 -0.339108 0.938259 -0.0366041 -0.47817 0.877504 -0.0418051 -0.506814 0.861041 -0.0270382 -0.71307 0.700571 -0.0562981 -0.298755 0.952668 -0.512084 -0.149739 0.845782 -0.35007 -0.0343096 0.936095 -0.127284 -0.218824 0.967427 -0.142112 0.0200544 0.989647 -0.0774961 0.0662281 0.994791 -0.132645 -0.211638 0.968305 -0.134737 -0.201258 0.970227 -0.0226891 -0.046224 0.998673 0.00248113 -0.248246 0.968694 0.0355769 -0.299136 0.953547 -0.309241 -0.1457 0.939756 -0.0238306 -0.193616 0.980788 -0.0452923 -0.228181 0.972565 0.158817 -0.157626 0.974644 0.0681202 -0.166015 0.983768 -0.234565 -0.0749418 0.969207 -0.0778148 -0.223499 0.971593 -0.0265817 0.151581 0.988087 0.00883126 -0.244343 0.969649 -0.0491003 -0.364016 0.930098 0.122533 0.117144 0.985527 0.0780891 -0.23706 0.968351 0.156817 -0.180574 0.97098 0.0288028 0.116817 0.992736 0.0351688 0.0364264 0.998717 0.0435244 0.30533 0.951251 -0.356417 -0.0576924 0.932544 0.365875 0.308384 0.878086 0.222726 -0.65733 0.719938 -0.0376588 -0.528998 0.847787 -0.0873286 -0.339814 0.936429 -0.0999612 -0.38645 0.916877 0.0596928 -0.180873 0.981693 -0.0413913 -0.305117 0.951415 -0.200993 -0.194424 0.960105 -0.193491 -0.329038 0.924281 -0.215896 -0.423196 0.87994 -0.430622 -0.470761 0.770032 -0.00868309 -0.229347 0.973306 0.0281471 -0.0757227 0.996732 -0.075159 0.308889 0.948124 -0.0150423 -0.0705347 0.997396 -0.0202425 -0.168727 0.985455 -0.0462319 -0.272468 0.961054 -0.155148 0.195343 0.968385 -0.254378 -0.188457 0.948565 -0.0435431 -0.128575 0.990743 0.0154389 -0.153574 0.988017 -0.0712061 -0.273143 0.959335 -0.0618088 -0.405061 0.912198 0.433863 0.261325 0.862249 0.655324 -0.477045 0.585645 0.678879 -0.609777 0.409019 0.531089 -0.739421 0.413764 -0.0656666 -0.0117372 0.997773 0.0183025 -0.0825821 0.996416 -0.0132896 -0.0084956 0.999876 -0.0598316 0.466976 0.882243 0.0277199 0.493343 0.869393 -0.61441 -0.577295 0.537803 -0.0517288 -0.0580286 0.996974 0.0281272 -0.0352569 0.998982 -0.0936326 -0.0880092 0.991709 0.276113 -0.540196 0.794953 -0.464688 -0.244317 0.851102 -0.633108 -0.35096 0.689928 -0.122938 -0.0443089 0.991425 -0.0493802 0.027725 0.998395 -0.266305 -0.435284 0.860005 -0.0321303 -0.302711 0.952541 -0.0679663 -0.252209 0.965283 -0.179874 -0.0148121 0.983578 0.0871674 0.105087 0.990635 -0.0631858 0.1359 0.988706 -0.26668 0.261898 0.927519 -0.109076 -0.420563 0.900683 -0.457723 0.361664 0.812212 0.168365 -0.258787 0.951148 0.458127 -0.396453 0.795578 0.114116 -0.168492 0.979075 0.667976 -0.517215 0.535068 -0.0203327 -0.116628 0.992968 -0.171287 -0.00266347 0.985218 0.0283314 -0.0964099 0.994938 -0.301572 -0.235196 0.923979 -0.200323 -0.184297 0.96224 -0.318808 -0.00947647 0.947772 -0.426013 0.176624 0.887309 -0.417288 -0.614476 0.669544 0.00301433 -0.469111 0.883134 -0.416077 0.213013 0.884028 0.128221 -0.354827 0.926098 -0.702631 0.275827 0.655918 0.0302104 -0.368212 0.929251 0.0192627 -0.407074 0.913192 -0.444791 0.0251811 0.89528 -0.441644 -0.0470212 0.895957 -0.375812 0.109413 0.920214 -0.168003 -0.567723 0.805894 0.00982469 -0.0124517 0.999874 0.145867 -0.656172 0.74038 0.627571 -0.679859 0.379402 0.507004 -0.31359 0.802875 -0.000674299 -0.270056 0.962844 -0.46473 -0.297133 0.834109 0.160554 -0.257153 0.95294 -0.00786775 -0.393494 0.919294 -0.208009 -0.595442 0.776003 -0.00492671 -0.535813 0.844323 -0.11934 -0.65311 0.7478 -0.283105 -0.535297 0.795807 0.155099 -0.395617 0.905225 0.207521 -0.722263 0.659751 0.739363 -0.434392 0.514438 -0.638481 -0.0675257 0.766669 0.0898497 -0.243641 0.965695 -0.562877 0.118393 0.818017 -0.874141 0.291925 0.388145 -0.940041 -0.0867135 0.329853 -0.974079 0.0608701 0.217863 0.175538 -0.596612 0.783096 0.15289 -0.767672 0.622337 -0.121769 -0.659343 0.741916 -0.541537 0.0463658 0.839397 0.505079 -0.686342 0.523288 0.636326 -0.0887177 0.766302 0.54058 -0.0669929 0.838621 0.349392 -0.0448741 0.935902 -0.672281 -0.243989 0.698933 -0.379405 0.0608065 0.92323 0.365046 -0.723004 0.586521 0.537183 -0.446325 0.715702 -0.422009 -0.0877235 0.902337 -0.189571 -0.271202 0.94367 0.348419 -0.665481 0.660106 -0.245118 -0.712367 0.657609 -0.129632 -0.444267 0.886466 0.708467 -0.330652 0.623493 -0.0951383 -0.491919 0.865427 0.241425 -0.516164 0.82176 0.594708 -0.410192 0.691422 0.790484 -0.166142 0.589518 0.652772 0.122835 0.747529 -0.115195 -0.658364 0.743833 -0.0377525 -0.384213 0.922472 0.425979 -0.118304 0.896965 -0.203972 -0.344854 0.916227 -0.729728 -0.338264 0.5942 0.0761792 -0.339439 0.937538 -0.571386 -0.463621 0.677181 -0.265186 -0.00606942 0.964178 -0.0998943 -0.217733 0.970883 -0.435834 -0.0982961 0.894643 0.101242 -0.0417983 0.993983 -0.059927 -0.345579 0.936474 -0.157266 -0.11561 0.980766 0.101669 -0.0133772 0.994728 0.141887 -0.224075 0.964188 0.511203 -0.0629018 0.857155 -0.457977 -0.00301104 0.888959 -0.316016 0.107241 0.942673 0.322912 0.193296 0.92648 0.342138 0.108785 0.933331 0.56511 -0.286092 0.773823 0.318364 -0.759099 0.567814 -0.553267 -0.530247 0.642444 -0.156201 -0.385951 0.909199 0.100769 -0.195914 0.97543 0.376041 -0.377197 0.846355 -0.670978 0.20861 0.711527 0.166992 0.123536 0.978188 -0.665246 0.20927 0.716696 -0.145471 -0.330147 0.932653 0.183352 -0.281119 0.941995 -0.250774 -0.51568 0.81926 0.150409 -0.500776 0.852409 0.614456 -0.363513 0.700216 -0.699419 -0.311621 0.6432 -0.375371 -0.0988512 0.921588 0.277943 0.151165 0.948629 -0.117932 0.234241 0.964999 0.465172 -0.260174 0.846123 -0.685104 -0.354023 0.636632 -0.259118 -0.690966 0.674851 -0.126994 0.106493 0.98617 0.352645 0.104833 0.929867 0.595219 0.177002 0.783827 0.394182 0.0736008 0.916081 0.353973 0.411893 0.839671 -0.383304 -0.0289695 0.923168 -0.160786 -0.317725 0.934451 -0.116166 -0.187913 0.975292 -0.713075 0.0168217 0.700886 -0.687928 0.442823 0.575033 0.15702 -0.24459 0.956828 0.116222 0.127514 0.985004 0.207289 -0.0443811 0.977273 0.216051 0.303225 0.928104 0.403435 0.220502 0.888042 0.77019 0.110481 0.628174 -0.118352 0.332458 0.935663 -0.0236833 -0.00216354 -0.999717 -0.0715963 0.0330961 -0.996884 -0.0736734 0.0220569 -0.997038 -0.0364159 -0.0526852 -0.997947 -0.00953668 -0.0716515 -0.997384 0.0125575 -0.0619774 -0.997999 -0.0461122 -0.00192745 -0.998934 0.0212491 0.022787 -0.999515 0.0225207 -0.00247438 -0.999743 -0.0191128 -0.0425574 -0.998911 -0.0397729 -0.0207811 -0.998993 0.0445587 0.00475457 -0.998995 0.00702415 -0.0142368 -0.999874 0.00195006 -0.0106878 -0.999941 -0.00263729 -0.0911987 -0.995829 -0.0100572 -0.050024 -0.998697 -0.0306065 0.00338558 -0.999526 -0.0317945 -0.00774451 -0.999464 -0.0712561 -0.0130897 -0.997372 -0.0392094 -0.0272552 -0.998859 -0.032731 -0.0417273 -0.998593 -0.0605833 -0.0288923 -0.997745 -0.00675561 -0.0381685 -0.999249 -0.0222268 -0.00147794 -0.999752 -0.0264886 0.0306788 -0.999178 0.0185165 -0.0123544 -0.999752 -0.0346267 -0.0122702 -0.999325 -0.0188621 -0.0482477 -0.998657 -0.0230784 -0.041107 -0.998888 0.000524446 -0.0903086 -0.995914 -0.038158 -0.0404875 -0.998451 -0.0262281 -0.016722 -0.999516 -0.00907528 -0.0493969 -0.998738 -0.119861 -0.00203147 -0.992789 -0.00745136 -0.0265308 -0.99962 -0.030548 -2.95652e-05 -0.999533 -0.0491574 0.0201759 -0.998587 -0.0600751 -0.0202815 -0.997988 0.00289626 -0.0483259 -0.998827 -0.015529 -0.0882402 -0.995978 -0.074426 0.028888 -0.996808 -0.00136728 -0.000619607 -0.999999 0.00101573 -0.0331392 -0.99945 -0.0191787 -0.0891614 -0.995833 -0.0657037 0.0640445 -0.995782 0.0116499 -0.0264277 -0.999583 0.012695 -0.0482634 -0.998754 -0.0332497 -0.0358134 -0.998805 -0.0433905 -0.0439943 -0.998089 0.00179842 -0.0152301 -0.999882 0.0137142 -0.0574766 -0.998253 -0.0742215 -0.025652 -0.996912 -0.0424511 0.0250229 -0.998785 0.00183812 0.00823794 -0.999964 -0.0369381 0.118487 -0.992268 -0.0270176 -0.0150892 -0.999521 -0.0115249 -0.0409057 -0.999097 0.0328798 -0.0715773 -0.996893 0.00792335 -0.0582332 -0.998272 -0.0586131 -0.00926116 -0.998238 -0.0609779 -0.0516715 -0.996801 -0.0293084 -0.00800179 -0.999538 -0.0360984 -0.0132647 -0.99926 -0.0969348 0.0692231 -0.992881 -0.0355641 0.00522526 -0.999354 0.00508062 -0.0150649 -0.999874 -0.00474837 0.0393998 -0.999212 -0.0536508 0.0307609 -0.998086 0.00823824 -0.0367417 -0.999291 0.0165895 -0.0309993 -0.999382 0.0377647 0.00250806 -0.999283 -0.0471509 0.0448421 -0.997881 -0.029469 0.0415663 -0.998701 0.0700149 0.155003 -0.98543 -0.128963 0.263548 -0.955987 -0.0312567 -0.0446001 -0.998516 -0.0223512 0.015781 -0.999626 0.0746615 -0.0309251 -0.996729 0.00360149 0.0111971 -0.999931 -0.308591 -0.165117 -0.936754 -0.0216078 -0.122674 -0.992212 -0.168218 -0.119318 -0.978502 -0.181337 0.0422903 -0.982511 -0.728272 -0.0905433 -0.67928 -0.732146 0.0313901 -0.680425 -0.105881 -0.0267012 -0.99402 -0.0329487 -0.106499 -0.993767 0.0929009 -0.153356 -0.983794 -0.688505 0.0889074 -0.719761 -0.202711 0.060606 -0.977361 -0.0471983 -0.0467366 -0.997792 -0.0136125 0.00659389 -0.999886 -0.0404498 -0.0186016 -0.999008 -0.0070963 -0.032473 -0.999447 0.0265263 -0.0347511 -0.999044 0.00445406 -0.0388244 -0.999236 -0.0946415 0.00296132 -0.995507 -0.367423 0.101424 -0.924507 -0.0428126 -0.00391889 -0.999075 -0.123616 0.0697806 -0.989874 -0.649813 0.0404594 -0.759017 -0.122639 0.0881812 -0.988526 -0.140476 0.100647 -0.984955 -0.0591053 -0.136125 -0.988927 -0.0527253 0.00506706 -0.998596 0.0188872 -0.0874253 -0.995992 -0.108507 -0.0263012 -0.993748 -0.111412 -0.0111589 -0.993712 -0.0804623 -0.0287722 -0.996342 -0.0295751 -0.016697 -0.999423 -0.0931734 0.0201991 -0.995445 -0.0215837 -0.0819032 -0.996407 -0.167217 0.0668288 -0.983652 0.00256324 -0.00588664 -0.999979 -0.0943334 0.095132 -0.990985 -0.137808 0.0454542 -0.989415 0.0238433 -0.0172419 -0.999567 -0.043491 -0.16265 -0.985725 0.251623 -0.08697 -0.96391 -0.142493 -0.104447 -0.98427 0.244487 -0.0476445 -0.968481 0.00293366 -0.0269539 -0.999632 -0.854442 0.110127 -0.507741 -0.685483 -0.129113 -0.71655 -0.184404 0.0143705 -0.982745 -0.574494 0.282189 -0.768327 -0.017212 0.0359501 -0.999205 0.0492701 -0.0238271 -0.998501 0.0169612 -0.0135015 -0.999765 -0.119578 0.0433682 -0.991877 -0.0187343 0.0250254 -0.999511 0.0322801 -0.0128305 -0.999397 -0.0948374 -0.0112036 -0.99543 -0.0532745 -0.0168525 -0.998438 -0.117401 0.011671 -0.993016 -0.151187 -0.00503772 -0.988492 0.0267936 -0.00493202 -0.999629 -0.149648 0.0242975 -0.988441 0.0427416 -0.0205568 -0.998875 -0.0239812 -0.0488251 -0.998519 0.0541053 -0.0266767 -0.998179 -0.293564 -0.133057 -0.946634 -0.327552 -0.151894 -0.932544 0.0161448 -0.0587518 -0.998142 -0.194409 -0.0432747 -0.979965 -0.748465 -0.0822404 -0.658055 -0.839774 -0.0240951 -0.542401 -0.0267672 -0.0475522 -0.99851 -0.00937913 0.000974256 -0.999956 0.00197015 0.023843 -0.999714 -0.186395 0.138024 -0.972731 -0.784142 0.199826 -0.587529 -0.0344412 0.0421327 -0.998518 -0.0327391 0.0401327 -0.998658 -0.106817 0.00911074 -0.994237 -0.144551 0.0834925 -0.985969 -0.0973343 0.0114636 -0.995186 0.0274031 -0.0208985 -0.999406 -0.0358491 -0.0905022 -0.995251 -0.0891461 -0.006895 -0.995995 0.00240756 -0.0459335 -0.998942 -0.00670792 0.00603167 -0.999959 -0.0591159 0.041489 -0.997389 -0.00837939 0.000141332 -0.999965 -0.0572653 0.022489 -0.998106 -0.669057 -0.211736 -0.712412 -0.756902 -0.0430166 -0.652111 -0.144755 -0.00789172 -0.989436 -0.710068 0.000461602 -0.704133 0.0320889 -0.0385281 -0.998742 -0.178676 -0.0119724 -0.983835 -0.738936 -0.0386775 -0.672664 0.0240041 -0.0306009 -0.999243 -0.378737 -0.0586309 -0.923645 -0.886326 -0.0379069 -0.461507 0.0301563 -0.0270182 -0.99918 -0.545016 -0.00780829 -0.838389 -0.0935491 0.00151147 -0.995614 -0.000965529 -0.0246208 -0.999696 -0.0107113 0.00326532 -0.999937 0.0298617 0.00355799 -0.999548 0.00206775 -0.00864139 -0.999961 0.0330671 -0.0253715 -0.999131 0.0366878 -0.0281461 -0.99893 0.0073869 -0.00502599 -0.99996 -0.0124264 -0.0213628 -0.999695 -0.00655826 -0.00432616 -0.999969 -0.0526731 -0.0238308 -0.998327 -0.0461767 -0.0163389 -0.9988 0.019033 -0.0406737 -0.998991 -0.0372896 -0.0369742 -0.99862 0.0069837 0.0168258 -0.999834 -0.00107625 -0.0208001 -0.999783 0.0534755 -0.0172492 -0.99842 0.0223532 -0.119393 -0.992595 -0.0572165 -0.0244135 -0.998063 -0.00545486 -0.0246319 -0.999682 -0.0366677 -0.0239111 -0.999041 -0.0488499 -0.0116736 -0.998738 -0.0734746 0.0135817 -0.997205 -0.0109377 -0.0335087 -0.999379 -0.0441927 -0.0151187 -0.998909 -0.0236933 -0.0518861 -0.998372 0.0799302 -0.0330945 -0.996251 -0.0176984 -0.0569527 -0.99822 -0.0296532 -0.0384926 -0.998819 0.0359003 -0.0582405 -0.997657 0.00411648 -0.0241521 -0.9997 0.0518733 -0.115067 -0.992002 -0.00609396 -0.0456054 -0.998941 -0.716727 0.0611386 -0.694669 -0.665186 -0.0673023 -0.743638 -0.982924 0.00283408 -0.183988 -0.0026947 -0.0615587 -0.9981 -0.0398063 -0.0895329 -0.995188 -0.162588 0.0589556 -0.984931 -0.843938 0.157539 -0.512787 -0.0129979 -0.00742914 -0.999888 0.0291243 -0.00458683 -0.999565 0.131658 -0.0806301 -0.988011 0.111228 -0.117439 -0.986831 0.10347 -0.083711 -0.991104 0.0148075 0.0297639 -0.999447 0.0109176 0.122312 -0.992432 -0.00352413 -0.0195074 -0.999803 -0.00717955 0.00121697 -0.999974 0.0510244 -0.0312388 -0.998209 -0.0961764 -0.0497268 -0.994121 0.0221854 0.0175006 -0.999601 -0.333872 0.0363255 -0.941918 -0.839733 -0.00722004 -0.542951 -0.0163052 0.0264063 -0.999518 -0.0391201 0.0194606 -0.999045 -0.161853 0.0571619 -0.985158 -0.667755 0.0868296 -0.7393 -0.00916289 0.0231378 -0.99969 -0.0423035 0.0724617 -0.996474 -0.0706997 -0.00255281 -0.997494 -0.635748 0.027766 -0.771397 -0.161972 0.00942776 -0.98675 0.0354073 -0.036173 -0.998718 -0.619804 0.0822715 -0.780432 0.0372619 0.0899478 -0.995249 0.00282954 0.0680573 -0.997677 -0.0196443 0.0205999 -0.999595 0.132277 -0.0847921 -0.987579 0.0726422 -0.00349396 -0.997352 0.0111838 -0.0135228 -0.999846 -0.534483 0.118454 -0.836838 0.0221075 -0.0472166 -0.99864 0.00282801 0.0253135 -0.999676 -0.0332941 -0.0657042 -0.997284 -0.12455 0.00722385 -0.992187 0.0986935 0.0377194 -0.994403 -0.0252052 0.0457967 -0.998633 0.0071237 0.0314752 -0.999479 0.0085338 -0.0550181 -0.998449 -0.289345 -0.145796 -0.946057 -0.683446 -0.0605171 -0.727488 -0.00241845 0.0226616 -0.99974 0.0382948 -0.0201677 -0.999063 -0.638144 0.19493 -0.744832 -0.145873 0.214946 -0.965671 -0.00139567 -0.000507739 -0.999999 -0.00481421 0.121513 -0.992578 0.0984751 0.0111144 -0.995077 -0.015611 0.0271132 -0.99951 -0.0362693 0.00983763 -0.999294 -0.0171169 -0.00563862 -0.999838 0.0377568 -0.0180299 -0.999124 -0.052695 -0.0669089 -0.996367 0.0459826 -0.0238227 -0.998658 -0.0540528 -0.0168729 -0.998396 0.0245235 -0.0523656 -0.998327 0.0036655 0.0439367 -0.999028 -0.0676877 -0.0483134 -0.996536 0.0217108 -0.0322837 -0.999243 0.0355213 -0.0911698 -0.995202 -0.00848512 -0.0791154 -0.996829 0.0342767 -0.0227606 -0.999153 9.0565e-05 -0.0521573 -0.998639 0.0323503 -0.0512313 -0.998163 -0.0104014 0.0133557 -0.999857 -0.00373052 0.0116595 -0.999925 0.0235555 -0.029998 -0.999272 0.0274349 -0.0356229 -0.998989 -0.122814 0.06571 -0.990252 -0.27388 -0.0727226 -0.95901 -0.660681 -0.0866849 -0.745645 -0.285688 -0.0926529 -0.953833 -0.0938733 -0.069228 -0.993174 -0.686156 -0.0429736 -0.726184 -0.258084 0.0151832 -0.966003 -0.713795 0.0676892 -0.697076 -0.732156 0.0664831 -0.677885 -0.186659 0.0232474 -0.98215 -0.0749516 -0.0738623 -0.994448 -0.0578867 -0.0743802 -0.995548 0.0738858 0.104325 -0.991795 -0.991223 -0.0404128 -0.12587 -0.990543 0.0618187 -0.122487 -0.374585 -0.0909112 -0.922725 -0.677392 0.0406365 -0.734499 -0.923165 -0.150607 -0.353672 -0.954745 -0.0431265 -0.294281 -0.996293 0.0213278 -0.0833437 0.0260545 0.0187266 -0.999485 -0.946888 0.0716933 -0.31347 0.179936 0.0174656 -0.983523 -0.99212 0.0199902 -0.123683 -0.718332 0.126891 -0.684031 0.157228 0.0191751 -0.987376 0.0667922 0.0656041 -0.995608 -0.806494 0.0621008 -0.587972 -0.95017 -0.0419234 -0.308899 -0.940842 0.165924 -0.295442 -0.929013 -0.0687889 -0.363598 -0.432745 -0.000991546 -0.901516 -0.933137 -0.00428383 -0.359495 -0.185271 0.0955732 -0.978029 -0.861005 0.153733 -0.484806 0.0628985 -0.0369857 -0.997334 0.0301596 -0.0669141 -0.997303 -0.00154172 -0.05927 -0.998241 0.0906649 0.0610047 -0.994011 -0.941374 -0.0871423 -0.325918 0.0312711 -0.0219317 -0.99927 0.0764605 0.0868763 -0.993281 0.00806844 0.13794 -0.990408 0.146622 0.0622064 -0.987235 0.0202017 -0.0589258 -0.998058 0.0590034 -0.00294524 -0.998253 -0.153639 0.0493658 -0.986893 0.0374197 -0.0908945 -0.995157 -0.547885 0.248706 -0.798728 0.0399208 -0.0755907 -0.996339 0.0250552 0.0290557 -0.999264 0.106719 0.0104784 -0.994234 0.0101548 0.0228214 -0.999688 0.116444 -0.0976521 -0.988385 -0.00368811 0.0333227 -0.999438 -0.010558 0.0165218 -0.999808 -0.116642 0.0497582 -0.991927 -0.98791 -0.0607043 -0.142648 -0.0034464 0.00899067 -0.999954 -0.0562138 0.0393635 -0.997643 -0.000500738 -0.00575872 -0.999983 -0.968005 -0.0218305 -0.249981 -0.999804 -0.0193127 -0.00445605 -0.97821 0.0772871 -0.192697 -0.965198 0.156449 -0.209563 -0.00338796 0.0740868 -0.997246 0.0641407 -0.0416442 -0.997072 -0.961843 0.141367 -0.234252 0.00320452 0.0267876 -0.999636 0.0116609 0.0321187 -0.999416 -0.0371751 0.0595267 -0.997534 -0.0157421 0.0862632 -0.996148 0.00911596 -0.0184795 -0.999788 -0.108645 9.41462e-05 -0.994081 0.00818862 0.050205 -0.998705 0.00752671 0.0259518 -0.999635 -0.135218 -0.00230723 -0.990813 -0.0353724 -0.109245 -0.993385 -0.0633064 -0.025924 -0.997657 0.00828878 -0.0375744 -0.999259 -0.141612 -0.0798957 -0.986693 -0.032474 -0.0333036 -0.998918 -0.0538548 0.0102901 -0.998496 0.0349191 -0.0790533 -0.996259 0.0924555 0.050531 -0.994434 -0.124264 -0.136992 -0.982747 -0.0389744 -0.0104113 -0.999186 -0.0463449 -0.0319402 -0.998415 -0.0206772 -0.0686443 -0.997427 0.0653058 -0.0408613 -0.997028 0.0300879 -0.0132174 -0.99946 0.0390369 -0.0795949 -0.996063 -0.0456452 -0.0576463 -0.997293 -0.119235 -0.130201 -0.984292 -0.052951 -0.0766708 -0.995649 0.0404702 -0.0775016 -0.996171 0.129858 0.0264985 -0.991178 -0.0373744 -0.0503441 -0.998032 -0.0660917 -0.118788 -0.990718 0.0138455 -0.0402899 -0.999092 -0.197273 -0.175235 -0.96456 0.0305177 0.0769286 -0.996569 0.0366103 0.0841038 -0.995784 0.0159425 -0.0414795 -0.999012 0.0345525 -0.0670902 -0.997148 -0.0105202 0.0276909 -0.999561 0.0211643 0.0244643 -0.999477 -0.00690029 0.0857747 -0.996291 -0.0124671 0.0359637 -0.999275 0.0336001 0.114475 -0.992858 0.0499891 -0.142126 -0.988585 0.100056 0.019015 -0.9948 -0.806793 -0.171528 -0.565388 -0.995297 0.02083 -0.0946088 -0.394964 -0.166447 -0.903493 -0.0323073 -0.0245519 -0.999176 0.121044 -0.0102335 -0.992594 0.0316285 0.0180837 -0.999336 -0.981551 0.140941 -0.129206 0.028531 -0.0667313 -0.997363 -0.0183262 0.0749668 -0.997018 -0.0228755 -0.00510939 -0.999725 -0.995145 0.0581337 -0.079414 -0.826703 0.0423043 -0.561046 0.0947195 -0.00163442 -0.995503 0.0287553 -0.0369174 -0.998905 -0.947276 0.0376461 -0.318201 0.0211107 0.0458956 -0.998723 -0.992396 0.0335174 -0.118437 -0.681011 -0.0230356 -0.731911 -0.882551 -0.17997 -0.434414 -0.0894949 0.0368203 -0.995306 0.0256021 -0.047298 -0.998553 0.0242286 -0.0387457 -0.998955 -0.0218186 -0.0451967 -0.99874 -0.0873294 -0.0632208 -0.994171 0.16093 -0.0692583 -0.984533 -0.117904 0.0164144 -0.992889 -0.0454854 -0.0780934 -0.995908 -0.00113129 -0.0376989 -0.999289 -0.988349 -0.05324 -0.142587 -0.970876 0.124187 -0.204883 0.0173381 -0.064729 -0.997752 0.0849601 0.108389 -0.990471 -0.0323434 -0.0427928 -0.99856 0.162101 0.0979993 -0.981896 -0.990849 -0.0545706 -0.123448 -0.994494 -0.0588902 -0.0866848 -0.878805 0.292735 -0.37684 -0.985032 -0.0196606 -0.171245 -0.990461 -0.00888851 -0.137504 -0.995297 -0.0855986 -0.0453445 -0.998808 0.0316519 -0.0371652 -0.998287 -0.0177215 -0.055763 -0.987383 -0.0182698 -0.157291 -0.0337819 -0.0191205 -0.999246 0.0660161 0.037521 -0.997113 0.0502241 0.0521893 -0.997374 0.0577298 0.0247701 -0.998025 0.0701045 -0.00453831 -0.997529 -0.0393913 -0.0340673 -0.998643 -0.0294934 -0.0514009 -0.998242 -0.000522582 -0.0162897 -0.999867 -0.00190003 -0.019866 -0.999801 0.0316852 -0.0163231 -0.999365 0.0683979 -0.0585615 -0.995938 -0.00416401 -0.044586 -0.998997 0.0372874 -0.0300783 -0.998852 0.0457128 0.0216514 -0.99872 -0.0311661 -0.051412 -0.998191 -0.00192995 0.0401935 -0.99919 -0.00765988 -0.00645312 -0.99995 -0.0214639 0.0579214 -0.99809 0.0414813 0.0112436 -0.999076 0.0293981 0.0389273 -0.99881 -0.0392333 0.0742124 -0.99647 0.0662334 0.0192118 -0.997619 0.0668552 0.0537036 -0.996316 0.0597977 -0.0476446 -0.997073 0.00817858 -0.0586628 -0.998244 0.0571502 -0.0226178 -0.998109 -0.0130062 0.0822949 -0.996523 0.0180775 0.105384 -0.994267 0.00533435 0.0943858 -0.995521 0.0551025 0.115577 -0.991769 0.0147015 0.0663806 -0.997686 0.0819532 -0.0161822 -0.996505 0.032799 -0.0279929 -0.99907 0.0112727 0.0388063 -0.999183 -0.0313574 0.0334565 -0.998948 0.0122317 -0.0636456 -0.997898 -0.997426 -0.0154709 -0.0700112 -0.997868 0.0434076 0.0487388 -0.993114 0.0739793 0.0908347 -0.982889 -0.0148349 -0.1836 -0.99891 0.00560214 -0.046341 -0.994658 0.0171676 -0.101788 -0.999947 -0.00879192 0.00527329 -0.950217 -0.0759993 -0.302179 -0.996819 -0.0793343 0.00755155 -0.988474 0.122334 0.0891862 -0.997467 0.021946 0.0676594 -0.991933 0.0744136 -0.102623 -0.989183 0.06135 -0.133238 -0.998039 0.0210171 -0.0589608 -0.0050109 -0.0530089 -0.998581 0.0342967 -0.0248421 -0.999103 -0.996317 0.00562603 0.0855601 -0.991317 0.131469 -0.00252452 0.0427185 0.0262426 -0.998742 -0.00650904 0.0246303 -0.999676 -0.06469 0.00236418 -0.997903 -2.07407e-05 -0.0481215 -0.998841 -0.988815 0.12915 -0.0746048 -0.999253 0.0239734 0.030314 -0.98738 0.10518 -0.118397 -0.99616 0.0298116 0.0823205 -0.851462 0.00423528 -0.524399 -0.000142846 0.0457973 -0.998951 -0.99987 0.0158386 -0.00295202 -0.995431 0.0720871 0.0626158 -0.991295 0.0955697 0.0905548 -0.999409 0.0287465 -0.018874 -0.998933 -0.0408431 -0.0215453 -0.999793 -0.0201452 -0.00271943 -0.998151 -0.0155638 0.058761 -0.997766 -0.00387618 0.0666972 -0.997811 0.0380432 0.05409 -0.995016 0.0786303 -0.0613188 -0.9985 0.0432338 -0.0335837 -0.998015 -0.0457793 0.0432564 -0.998139 0.0595698 -0.0130291 -0.994732 -0.00628216 -0.102321 -0.999359 -0.021416 -0.0286802 -0.99884 -0.0471888 -0.00959245 -0.999454 0.0255146 0.0209873 -0.992359 0.0956473 0.0779453 -0.996115 -0.0356777 -0.0805152 -0.986247 0.0292054 0.16268 -0.99879 0.021249 -0.0443462 -0.999435 0.0266699 -0.0204563 -0.99562 -0.0734851 -0.0577968 -0.9996 0.00778183 0.0272052 -0.987154 0.088133 0.133262 -0.998836 0.0225031 0.0426661 -0.986234 0.0799846 0.144727 -0.999816 0.00143726 -0.0191306 -0.996655 0.0794559 -0.019098 -0.998185 0.0507484 -0.0324366 -0.995682 0.0359597 -0.0855856 -0.996557 0.0223912 -0.0798279 -0.994455 0.0818576 -0.0660211 -0.997264 -0.061333 -0.0412625 -0.995018 0.0316046 -0.0945487 -0.998824 0.0479547 -0.00712087 -0.997416 0.0692054 0.0192747 -0.994031 -0.106306 0.0245279 -0.999638 0.0245541 -0.0109625 -0.997437 0.0525867 0.0485123 -0.993973 0.0105655 0.109113 -0.97383 0.0336578 0.224771 -0.981293 0.0366683 0.188995 -0.999296 -0.0158728 -0.0339892 -0.981426 0.175723 -0.0769667 -0.996626 0.0751815 0.0329407 -0.999394 -0.0302297 -0.017268 -0.999811 3.36095e-05 -0.0194341 -0.989801 -0.00119321 -0.142453 -0.992354 -0.0755633 -0.0975865 -0.991356 0.0760825 -0.106884 -0.993053 0.0932245 -0.071793 -0.98416 0.0260192 0.175365 -0.998982 0.0203729 -0.0402386 -0.964801 0.0468251 -0.258777 -0.990884 0.0725633 -0.113508 -0.977386 0.208085 0.0376406 -0.979045 0.0073561 -0.203513 -0.990062 -0.0314004 -0.137079 -0.990228 0.00252058 -0.139436 -0.952057 0.177321 -0.249287 -0.975521 -0.0314144 -0.217651 -0.980613 0.112267 -0.160604 -0.993485 -0.0997125 -0.0551836 -0.997179 -0.0730363 -0.0173353 -0.996692 0.0275115 -0.0764795 -0.994557 0.0690517 -0.0780288 -0.997151 0.000338952 -0.0754319 -0.989036 0.00101995 0.147668 -0.973454 0.0748617 0.216296 -0.990799 -0.0130691 0.134708 -0.977065 -0.0139249 -0.212487 -0.963137 0.24234 0.116784 -0.96742 0.0658584 -0.244463 -0.983765 -0.0884533 -0.156152 -0.97203 0.155191 -0.176275 -0.973592 -0.064964 -0.218856 -0.971997 0.00658523 -0.234902 -0.994879 0.0421958 -0.0918419 -0.994856 0.0629816 -0.0793416 -0.999383 0.0117233 0.0331072 -0.997183 0.0346332 -0.0665312 -0.982606 0.14049 0.121443 -0.950629 -0.11957 -0.286369 -0.983454 0.0460312 -0.175215 -0.995717 -0.0605175 0.0698963 -0.963792 -0.0356511 -0.26426 -0.997674 0.0110768 -0.0672628 -0.944373 0.167521 -0.283013 -0.987295 0.153587 0.0407454 -0.983297 0.165244 -0.0762932 -0.997919 0.00375713 -0.0643754 -0.967431 -0.11252 -0.226752 -0.965408 0.0983966 -0.241466 -0.937378 -0.0640532 -0.342375 -0.999575 -0.00689287 -0.0283095 -0.982586 -0.0309769 -0.183209 -0.98395 0.00191071 0.178437 -0.974044 -0.0147109 -0.225881 -0.990926 -0.0462784 -0.126193 -0.993337 0.0964278 -0.063114 -0.994996 0.0783669 0.0619819 -0.988107 0.0443107 -0.147248 -0.959818 -0.0364774 -0.278241 -0.968803 -0.0174377 -0.247217 -0.989916 -0.008173 0.141418 -0.94645 -0.0394525 -0.320432 -0.979576 -0.0599354 -0.191932 -0.96055 0.085102 -0.264766 -0.943692 0.110543 -0.311809 -0.910302 -0.185039 -0.370285 -0.863834 0.0119636 -0.503635 -0.870385 0.170237 -0.462005 -0.997977 0.0402739 0.0491838 -0.992563 0.0219315 0.119737 -0.955866 -0.066646 -0.286144 -0.998705 0.00794796 -0.0502434 -0.913729 0.171203 -0.368496 -0.857278 0.127488 -0.49882 -0.971814 -0.0315213 -0.233634 -0.95075 0.0637274 -0.303336 -0.953074 0.0583075 -0.297071 -0.943581 -0.000240467 -0.331141 -0.999197 0.0186617 -0.0354542 -0.980829 0.102605 -0.165674 -0.999239 -0.0202919 0.033301 -0.986338 0.0857896 -0.140633 -0.935141 0.097427 -0.340617 -0.961315 -0.0175198 -0.274895 -0.981773 -0.0189521 -0.189112 -0.994967 0.00535353 -0.100061 -0.994825 0.0212576 -0.0993566 -0.936979 0.103183 -0.333802 -0.896292 0.102104 -0.43155 -0.976933 -0.0729411 -0.200701 -0.975789 0.0926236 -0.198131 -0.932194 0.05086 -0.358368 -0.991913 -0.0336292 -0.122383 -0.985865 0.0108808 -0.167187 -0.98152 -0.0933883 -0.167026 -0.998209 -0.00153717 -0.0598018 -0.963286 0.139452 -0.229421 -0.932609 -0.138912 -0.333082 -0.95765 0.0391174 0.285266 -0.998546 0.0293887 -0.0451866 -0.994331 0.0809591 0.0689319 -0.989131 -0.047739 -0.139073 -0.999892 -0.0130827 0.00663415 -0.987711 0.0581351 -0.145076 -0.999858 -0.0158693 0.00558316 -0.992948 0.112234 0.0381797 -0.954224 -0.00674897 0.299017 -0.990741 0.0404075 -0.129612 -0.997908 -0.0256775 0.0593402 -0.995 0.0188857 0.0980711 -0.959645 -0.00793661 0.281101 -0.996126 0.0193801 0.0857813 -0.981895 0.0681115 -0.17676 -0.961125 0.083324 -0.26324 -0.956272 -0.0372907 -0.290092 -0.98203 0.0451043 0.183255 -0.9873 0.0254444 0.156818 -0.990575 -0.0750311 0.114594 -0.942236 0.0364793 0.332957 -0.986433 0.019509 0.163 0.048474 -0.0457515 0.997776 0.0325025 -0.0475136 0.998342 0.0561917 -0.0328869 0.997878 0.0191314 -0.0257048 0.999487 0.0964416 0.0109639 0.995278 0.0490695 -0.0242906 0.9985 0.0859088 -0.0358645 0.995657 0.0692093 0.0279995 0.997209 0.0228775 -0.0188709 0.99956 0.0410629 0.00289357 0.999152 0.0552558 0.0233453 0.998199 0.00744482 -0.0142761 0.99987 0.00699409 -0.00542822 0.999961 -0.841659 -0.0064479 0.539972 -0.97084 0.0281457 0.238073 -0.978069 -0.0326395 0.205708 0.00539462 -0.0229199 0.999723 -0.927405 0.00600956 0.374011 -0.90991 0.0286085 0.413819 0.0680651 -0.00281449 0.997677 0.043824 -0.0110387 0.998978 -0.896486 0.0127681 0.442887 -0.894777 0.0549107 0.443123 0.0333282 -0.0523845 0.998071 -0.916397 0.0244961 0.39952 0.051265 -0.0204622 0.998475 0.0476437 -0.017261 0.998715 -0.762292 -0.012631 0.64711 -0.741134 -0.00902153 0.671296 -0.806735 0.0122203 0.590787 -0.823547 0.0662779 0.563362 -0.889981 0.00945087 0.455899 -0.960699 0.0384578 0.274916 0.0362399 -0.0243679 0.999046 -0.96874 -0.0650376 0.239402 -0.91783 0.0292439 0.395896 -0.914854 -0.0387563 0.401922 0.0763748 -0.0452239 0.996053 0.131169 -0.0321942 0.990837 0.0429852 0.00569493 0.999059 0.0674227 0.00871307 0.997686 -0.969666 0.090509 0.22706 0.0964986 -0.0139789 0.995235 0.110793 -0.0133723 0.993753 0.0610503 -0.0326756 0.9976 0.0352718 -0.0487737 0.998187 -0.0164268 -0.0408129 0.999032 0.0889629 0.0138435 0.995939 0.00138917 -0.0301603 0.999544 -0.142348 -0.0170801 0.989669 -0.123618 0.0439423 0.991357 0.0247758 -0.0198406 0.999496 0.0180145 -0.00436689 0.999828 0.0390129 -0.00624298 0.999219 0.0330674 -0.0179543 0.999292 -0.72383 -0.0652947 0.686882 0.00520461 -0.0296034 0.999548 -0.74899 0.116945 0.652179 -0.735315 0.0252642 0.677254 -0.768093 -0.0544469 0.638019 -0.768515 -0.111465 0.630048 -0.966333 0.00123267 0.257293 -0.974422 0.0853179 0.207902 0.0124168 -0.0140701 0.999824 0.00651804 -0.0187203 0.999804 -0.0274 -0.0264453 0.999275 -0.178906 -0.138194 0.974112 -0.368533 -0.188886 0.910223 -0.605186 -0.38359 0.697574 -0.763416 -0.327263 0.556862 0.0270079 -0.00936658 0.999591 0.0335472 -0.0221117 0.999193 0.0641722 -0.0361339 0.997284 0.0524469 -0.0884547 0.994698 0.0237946 -0.0302952 0.999258 0.0524242 -0.0528175 0.997227 0.0242767 -0.035898 0.999061 -0.130276 -0.108971 0.985471 0.0513958 -0.0683112 0.996339 0.0596081 -0.102627 0.992932 0.0958106 -0.060366 0.993567 -0.0775199 -0.0576641 0.995322 -0.269781 -0.0860851 0.959066 -0.248585 -0.171384 0.953327 -0.640311 -0.377327 0.669049 -0.143369 -0.140027 0.979713 -0.533714 -0.337587 0.775361 -0.465424 -0.27932 0.839858 -0.387332 -0.166124 0.90685 -0.529802 0.0673274 0.845445 0.0391907 -0.0248379 0.998923 0.068983 -0.00638004 0.997598 0.0908827 -0.0249754 0.995548 -0.106284 0.0641796 0.992262 -0.141385 0.0804387 0.986681 0.0800358 0.0525767 0.995404 0.0873619 0.00934328 0.996133 0.0311291 0.0290766 0.999092 0.00874946 -0.0423013 0.999067 -0.0221162 0.0512925 0.998439 0.0719819 0.0270048 0.99704 -0.187962 0.025353 0.981849 0.0784918 -0.0399589 0.996114 0.0824212 0.031761 0.996091 0.0511798 0.10822 0.992809 -0.320181 -0.0246929 0.947034 0.0980835 -0.0260155 0.994838 0.0495733 0.0527513 0.997377 0.0407166 -0.0100781 0.99912 -0.185069 -0.0664673 0.980475 0.0517327 -0.0337859 0.998089 -0.0152167 -0.029472 0.99945 0.0773245 -0.0163346 0.996872 0.0717816 -0.0344177 0.996826 0.101153 -0.0323587 0.994344 -0.207477 -0.0464248 0.977138 -0.27088 -0.0569276 0.960928 0.0506887 -0.0417501 0.997841 0.0657323 -0.0257674 0.997505 0.0974891 0.0113274 0.995172 0.0521838 -0.0455074 0.9976 -0.392956 0.0045058 0.919546 0.0421642 -0.0341756 0.998526 -0.679101 -0.0911636 0.728362 -0.701605 0.0427986 0.71128 0.0111554 -0.0157096 0.999814 -0.710805 0.0615371 0.700693 -0.724209 -0.0188293 0.689323 0.114403 -0.0218522 0.993194 -0.46708 0.0134597 0.884113 0.101134 -0.00941229 0.994828 -0.675346 -0.114481 0.728561 -0.517794 0.00170911 0.855504 -0.678374 -0.410962 0.609031 -0.700432 -0.254654 0.666743 0.0988439 -0.0490827 0.993892 -0.52187 -0.262817 0.811529 -0.323263 -0.0215202 0.946064 -0.0748569 -0.0183926 0.997025 -0.415511 -0.00870289 0.909546 0.108486 -0.0162316 0.993966 -0.466472 0.0699862 0.881763 -0.487959 -0.141394 0.861338 -0.0519826 -0.0539962 0.997187 0.103944 -0.0283429 0.994179 0.0793709 -0.0265132 0.996493 -0.488807 -0.133665 0.862091 -0.0376367 0.00539564 0.999277 0.077706 -0.0176636 0.99682 -0.440033 -0.0327948 0.897382 0.0600325 -0.0392274 0.997425 0.0661806 -0.0299245 0.997359 -0.0258039 0.00771586 0.999637 0.0729197 -0.0485853 0.996154 -0.33544 0.105001 0.936192 -0.149416 0.181258 0.972019 -0.628623 -0.0655683 0.774942 -0.728692 -0.0534459 0.682753 -0.750263 0.0148924 0.660972 0.0820022 -0.0518164 0.995284 -0.626734 -0.0197208 0.778984 -0.824206 -0.00495777 0.566268 -0.558008 0.0527869 0.828155 0.0813069 -0.0201325 0.996486 -0.663558 -0.283758 0.692223 -0.0357873 -0.0178512 0.9992 -0.0656822 -0.0212168 0.997615 0.0800096 -0.0173481 0.996643 -0.39088 -0.100775 0.914908 0.0810231 0.00254702 0.996709 -0.0470753 0.0126003 0.998812 -0.389793 -0.332107 0.858933 -0.116339 0.00768346 0.99318 -0.170721 0.162528 0.971822 0.0225066 -0.0300822 0.999294 0.0573633 -0.0115724 0.998286 -0.181237 -0.0664201 0.981194 -0.389377 -0.00168861 0.921077 -0.222238 0.0237053 0.974704 -0.20198 0.0131261 0.979302 -0.041916 -0.0500063 0.997869 0.0529122 0.0341503 0.998015 -0.140388 -0.0464034 0.989009 -0.484977 -0.00636126 0.874504 -0.151197 0.0319343 0.987988 -0.185372 -0.0425973 0.981745 -0.353539 0.0502801 0.934067 -0.176056 -0.032139 0.983855 0.0795726 -0.00312236 0.996824 -0.748317 -0.234302 0.620584 -0.103196 -0.0380841 0.993932 -0.394364 -0.00878142 0.918912 0.0365695 0.0177971 0.999173 -0.0923812 0.0225728 0.995468 0.0343775 -0.0165265 0.999272 0.0199574 -0.000206482 0.999801 0.0176964 0.00575528 0.999827 0.0143571 0.019996 0.999697 -0.409392 -0.0124796 0.912273 0.0429892 0.00579979 0.999059 -0.0663488 0.00360649 0.99779 -0.434626 -0.0449911 0.899486 0.0237585 0.00791964 0.999686 0.116115 0.0101445 0.993184 -0.484968 0.0399778 0.873618 0.0306318 0.00619091 0.999512 -0.359342 -0.0698098 0.930591 -0.316481 -0.0195514 0.948397 -0.151614 -0.0155001 0.988318 0.0117825 -0.022019 0.999688 0.0949642 0.152411 0.983744 -0.214678 -0.0703043 0.974151 0.300254 0.206315 0.93128 0.280925 0.342402 0.896573 0.519063 0.410438 0.749743 0.153956 0.132382 0.979169 0.170995 0.0485558 -0.984075 -0.0176654 -0.0190575 -0.999662 0.0921108 0.0899441 -0.991678 0.061582 -0.0701501 -0.995634 0.0518898 -0.0768227 -0.995694 0.180837 -0.05089 -0.982196 0.128414 -0.0168087 -0.991578 0.0507092 -0.0587947 -0.996981 0.150958 -0.045576 -0.987489 0.219336 -0.0167432 -0.975506 0.0536119 0.0015972 -0.998561 0.0027671 -0.0778891 -0.996958 -0.0015326 0.00607942 -0.99998 0.00886692 -0.0154278 -0.999842 0.0878265 0.000353873 -0.996136 -0.0218719 0.00991542 -0.999712 -0.0196193 -0.0226329 -0.999551 -0.0334634 0.00625199 -0.99942 -0.0321849 0.0087709 -0.999443 -0.0528855 -0.0699855 -0.996145 -0.143769 -0.0809812 -0.986292 -0.0361474 -0.0108339 -0.999288 -0.0334872 0.00475012 -0.999428 -0.0291334 -0.00374703 -0.999569 -0.0965353 -0.0603359 -0.993499 -0.0446583 -0.0260418 -0.998663 -0.0550179 0.00216512 -0.998483 0.0681704 0.0440614 -0.9967 -0.0422748 0.0634969 -0.997086 -0.0218803 0.0380057 -0.999038 0.0139637 -0.0167332 -0.999763 -0.0149646 -0.0252202 -0.99957 -0.058533 4.82989e-05 -0.998285 0.0323589 0.0105088 -0.999421 0.0742694 -0.051045 -0.995931 -0.0660925 -0.0222035 -0.997566 0.0474779 -0.086249 -0.995142 -0.0239329 0.00129665 -0.999713 0.0480336 -0.042488 -0.997942 -0.0187835 -0.0115928 -0.999756 -0.0110367 -0.0390589 -0.999176 -0.103114 0.0266221 -0.994313 -0.0400561 -0.0286235 -0.998787 0.0537085 -0.0240549 -0.998267 -0.0369848 -0.0122891 -0.99924 -0.0425507 -0.0470738 -0.997985 -0.0277743 0.00629872 -0.999594 0.00949248 -0.0274489 -0.999578 0.00263582 -0.0147089 -0.999888 0.0669319 -0.024047 -0.997468 0.0746493 -0.0957894 -0.992599 0.101602 0.0292787 -0.994394 0.0768981 0.0461949 -0.995968 -0.0630524 -0.0625838 -0.996046 -0.0359246 0.00586258 -0.999337 -0.0348116 -0.0026797 -0.99939 0.0221769 0.00272875 -0.99975 -0.0518532 -0.0418847 -0.997776 -0.115041 -0.0814255 -0.990018 -0.00334477 0.0497191 -0.998758 -0.0510914 0.0423872 -0.997794 0.0154376 -0.03158 -0.999382 -0.107791 -0.0694712 -0.991743 -0.139829 -0.0870224 -0.986344 -0.0232169 -0.067499 -0.997449 -0.0317453 0.0485075 -0.998318 -0.0206142 0.074043 -0.997042 -0.0161003 -0.0480664 -0.998714 0.0177255 0.0198515 -0.999646 0.0271206 0.0202131 -0.999428 0.100095 -0.0135465 -0.994886 0.126836 0.00412339 -0.991915 0.0363321 0.0330411 -0.998793 0.0592717 0.051614 -0.996907 0.145289 0.0459892 -0.98832 0.205445 0.0414129 -0.977792 0.121439 -0.0135523 -0.992506 0.0785226 0.0029821 -0.996908 0.0140112 0.00231973 -0.999899 0.193196 0.0709082 -0.978595 -0.0116334 -0.0225114 -0.999679 0.0137738 -0.0394007 -0.999129 0.0532291 -0.0276046 -0.998201 0.0739782 -0.00399873 -0.997252 0.0559568 -0.0394969 -0.997652 -0.0510091 -0.0229892 -0.998434 -0.0017563 -0.00676041 -0.999976 0.0853375 -0.000952417 -0.996352 -0.0499151 -0.032536 -0.998223 -0.00273052 -0.0446578 -0.998999 0.0474446 -0.0839348 -0.995341 0.164706 -0.00233882 -0.98634 0.111442 -0.00374137 -0.993764 0.0250108 -0.0707353 -0.997182 -0.0045431 -0.0403253 -0.999176 0.110207 0.0291343 -0.993482 0.0284506 0.0316104 -0.999095 0.0192872 -0.0886189 -0.995879 0.0604252 -0.0882236 -0.994266 0.043804 -0.108612 -0.993119 -0.0153955 -0.0530575 -0.998473 -0.0737993 -0.029813 -0.996827 -0.0232598 -0.035606 -0.999095 -0.00643043 -0.0390263 -0.999218 -0.0408421 -0.0225039 -0.998912 -0.0201695 -0.0203913 -0.999589 -0.00302528 -0.0398093 -0.999203 -0.00145161 -0.0340488 -0.999419 0.00941913 -0.0121728 -0.999882 -0.0658035 -0.0587747 -0.9961 0.049271 -0.0925274 -0.99449 0.0126645 -0.327122 -0.944897 0.191391 -0.311935 -0.930627 0.111958 -0.168931 -0.979249 0.0213691 -0.01476 -0.999663 0.053964 0.0316137 -0.998042 0.00314333 0.0190439 -0.999814 0.0292767 -0.0173107 -0.999421 0.0713455 -0.0700551 -0.994989 0.0311157 -0.0630037 -0.997528 -0.000753009 -0.0567021 -0.998391 0.000466676 -0.0642565 -0.997933 0.0722934 -0.0627853 -0.995405 -0.0634359 -0.0594834 -0.996212 0.0226388 -0.00365454 -0.999737 -0.0177565 -0.00919534 -0.9998 -0.016994 -0.0252115 -0.999538 -0.00649434 0.00896426 -0.999939 -0.00193987 -0.0922835 -0.995731 0.0298069 -0.0781766 -0.996494 0.00317264 -0.0419045 -0.999117 0.113704 -0.0323188 -0.992989 -0.0152366 -0.0678817 -0.997577 -0.0382427 0.00510181 -0.999255 -0.0369908 -0.0574361 -0.997664 0.0484483 -0.0176067 -0.998671 0.127192 -0.0547905 -0.990364 0.112763 0.000480804 -0.993622 0.0608494 -0.00802269 -0.998115 0.0590807 -0.0528533 -0.996853 -0.00333734 -0.0553933 -0.998459 0.013312 -0.0821935 -0.996527 -0.06708 -0.018882 -0.997569 -0.0474394 0.0115321 -0.998808 -0.0481372 -0.0134043 -0.998751 0.116105 -0.0574501 -0.991574 0.0867922 0.0869716 -0.992423 0.0552304 -0.0235591 -0.998196 0.225776 0.0146612 -0.974069 0.0499215 -0.00729122 -0.998727 0.0594307 0.0564199 -0.996637 0.259831 -0.00910967 -0.965611 0.00811882 -0.0373314 -0.99927 -0.0125482 -0.0484271 -0.998748 0.0589392 0.0322593 -0.99774 -0.0321333 0.0472105 -0.998368 -0.0217057 -0.00939517 -0.99972 -0.03244 -0.0183631 -0.999305 -0.0475992 -0.0397716 -0.998074 -0.0372242 -0.0393481 -0.998532 0.0794901 0.0481304 -0.995673 0.00162535 0.0854829 -0.996338 -0.0171323 -0.0246377 -0.99955 -0.019637 -0.0563198 -0.99822 -0.0488846 -0.00180466 -0.998803 -0.0320347 0.00232779 -0.999484 -0.0275482 0.0480023 -0.998467 -0.0611334 0.0106827 -0.998072 -0.0548292 0.033466 -0.997935 0.241878 -0.00137069 -0.970306 -0.0291409 0.0701689 -0.997109 -0.0421373 -0.0356402 -0.998476 0.00783818 0.0843826 -0.996403 0.00537803 0.0212844 -0.999759 -0.052521 0.0302374 -0.998162 0.17316 -0.0378399 -0.984167 -0.0541751 -0.0529921 -0.997124 -0.0429899 0.030092 -0.998622 -0.00912629 -0.0329522 -0.999415 0.0173251 -0.068461 -0.997503 0.0311104 -0.0715326 -0.996953 -0.00595778 -0.000674649 -0.999982 -0.0539194 -0.0218227 -0.998307 -0.0366908 -0.00123967 -0.999326 0.067682 -0.0557398 -0.996149 0.0770875 0.0818947 -0.993655 -0.00498854 -0.0146848 -0.99988 0.030526 -0.0359085 -0.998889 0.0148241 -0.0220284 -0.999647 0.133064 -0.0290648 -0.990681 -0.00647822 0.0437192 -0.999023 0.14932 -0.074832 -0.985953 -0.0819242 0.0490409 -0.995431 0.142758 -0.0282343 -0.989355 0.0164492 -0.0870812 -0.996065 -0.0667019 -0.0615144 -0.995875 0.118004 -0.0307173 -0.992538 -0.0515275 0.0485352 -0.997491 -0.0380427 -0.00392698 -0.999268 -0.0691042 0.0517024 -0.996269 0.0592573 -0.0678637 -0.995933 0.0502115 -0.0535155 -0.997304 -0.0405936 -0.0487377 -0.997986 0.0367491 0.0215418 -0.999092 0.0241591 0.0187039 -0.999533 0.0416916 -0.0864786 -0.995381 -0.0567536 0.00842464 -0.998353 0.0276161 -0.0368673 -0.998939 0.158694 -0.000921714 -0.987327 0.193518 0.105145 -0.975446 0.0852997 0.00772711 -0.996325 0.168676 0.197424 -0.965698 -0.0118428 -0.0155277 -0.999809 0.0761294 0.0670352 -0.994842 -0.0426258 -0.0180421 -0.998928 -0.0342793 0.020671 -0.999199 0.119305 0.0161745 -0.992726 0.186726 0.00576485 -0.982395 0.126431 -0.007668 -0.991946 0.106483 -0.0184413 -0.994143 0.309372 0.124049 -0.942815 0.263423 -0.140287 -0.954425 -0.0465516 -0.0340652 -0.998335 0.0920713 0.00727808 -0.995726 0.0552583 -0.0113715 -0.998407 0.0654341 0.0513517 -0.996535 -0.024516 -0.0363173 -0.99904 -0.01623 -0.0237703 -0.999586 -0.0124663 -0.0212559 -0.999696 -0.0213925 -0.0113932 -0.999706 -0.010225 0.0147443 -0.999839 -0.0383414 -0.0151571 -0.99915 -0.0125624 -0.0172853 -0.999772 0.0128168 -0.0378666 -0.999201 -0.0261134 -0.0438614 -0.998696 -0.0351423 -0.016628 -0.999244 -0.104782 0.00186414 -0.994493 0.0261479 -0.102887 -0.994349 -0.021352 -0.0108733 -0.999713 0.0353986 0.0338946 -0.998798 0.00784025 -0.0328206 -0.999431 0.0615266 0.0589765 -0.996362 -0.0596311 -0.00993322 -0.998171 -0.106202 0.0202355 -0.994139 -0.013211 0.0147894 -0.999803 -0.0937302 0.0265545 -0.995243 -0.0752548 0.0293991 -0.996731 -0.0250358 0.0395767 -0.998903 0.0313108 -0.0625722 -0.997549 -0.00656323 0.0346007 -0.99938 0.0202304 0.0184885 -0.999624 0.0255869 0.0644462 -0.997593 -0.0240703 0.0108415 -0.999651 0.026249 -0.0715175 -0.997094 -0.0170368 -0.0422599 -0.998961 0.00680475 -0.0650918 -0.997856 0.0135932 -0.0663993 -0.997701 0.00451452 -0.0158456 -0.999864 0.0794039 -0.00657313 -0.996821 0.0458581 -0.0284219 -0.998544 0.0512859 0.0082403 -0.99865 0.0422029 0.00246646 -0.999106 0.0285402 -0.069476 -0.997175 0.0749117 -0.0333179 -0.996633 -0.0292848 -0.0182707 -0.999404 -0.00244364 2.32314e-05 -0.999997 -0.0330144 -0.0538769 -0.998002 0.0359859 -0.0772853 -0.996359 -0.0406518 0.00553227 -0.999158 0.000347628 0.0430965 -0.999071 -0.0133391 -0.0384523 -0.999171 -0.0402296 -0.0177551 -0.999033 -0.0468638 0.0433389 -0.997961 -0.0528312 0.0440905 -0.99763 0.101808 -0.021118 -0.99458 0.136664 0.0215315 -0.990383 -0.0303047 0.0406526 -0.998714 -0.00927544 0.00105139 -0.999956 -0.00526933 0.0464135 -0.998908 0.0226739 0.014312 -0.99964 -0.000697121 -0.0255289 -0.999674 0.0379115 0.00951106 -0.999236 0.146744 0.10813 -0.983247 0.189265 0.08384 -0.97834 0.0593174 0.215935 -0.974604 0.0391299 -0.0372203 -0.998541 0.109621 -0.078416 -0.990875 -0.000272476 -0.0583697 -0.998295 0.012428 0.0278411 -0.999535 0.36012 -0.0828057 -0.929224 -0.0204885 -0.0376524 -0.999081 -0.00442313 -0.0378531 -0.999274 0.0328152 0.00569567 -0.999445 0.122227 -0.372558 -0.919924 -0.00587418 -0.0341161 -0.999401 -0.02515 -0.00649822 -0.999663 -0.0112711 -0.0236872 -0.999656 0.0055636 -0.0216101 -0.999751 0.153282 0.0174136 -0.988029 0.0389542 0.0619332 -0.99732 0.0260904 0.00533134 -0.999645 -0.0176201 -0.0199957 -0.999645 0.0248286 0.0196789 -0.999498 0.179401 0.00870602 -0.983738 -0.0029119 0.0687308 -0.997631 -0.0367873 0.00443438 -0.999313 -0.0193557 -0.00802252 -0.99978 -0.00219819 -0.0821261 -0.99662 -0.0116086 -0.0506566 -0.998649 -0.0197478 0.0509609 -0.998505 -0.00414817 -0.0493986 -0.998771 -0.0231689 0.00300422 -0.999727 -0.0270461 5.95075e-06 -0.999634 0.220296 0.0311226 -0.974936 0.0178841 0.01741 -0.999689 -0.047523 0.00324054 -0.998865 0.0680636 0.0226015 -0.997425 0.115676 -0.0710585 -0.990742 0.0996439 -0.0802586 -0.991781 0.10549 0.01436 -0.994317 -0.178156 0.0641267 -0.981911 0.115067 -0.0784033 -0.990259 0.0182423 -0.0198547 -0.999636 -0.0490771 -0.00882048 -0.998756 -0.0133292 -0.0408384 -0.999077 -0.0411882 0.00198696 -0.999149 -0.02126 -0.0481303 -0.998615 0.0875325 0.0263103 -0.995814 0.0514283 0.00489224 -0.998665 0.00319204 -0.0649041 -0.997886 0.0805286 -0.0630617 -0.994755 0.00223162 0.00522387 -0.999984 -0.0142522 0.000544079 -0.999898 -0.0499 0.0461165 -0.997689 0.221973 -0.0234466 -0.974771 0.0576241 0.00643089 -0.998318 0.0845273 0.0372924 -0.995723 -0.148334 -0.195547 -0.969411 0.10251 0.0366333 -0.994057 0.00338673 -0.040687 -0.999166 0.0163108 0.0150441 -0.999754 0.0239862 -0.0652532 -0.99758 -0.00664619 -0.03484 -0.999371 0.0385105 0.0360197 -0.998609 0.0410731 -0.0740199 -0.996411 0.0595812 0.0364654 -0.997557 0.162366 -0.0579395 -0.985028 0.0579529 0.10068 -0.99323 0.0786633 0.056552 -0.995296 -0.044543 -0.00655534 -0.998986 -0.0435896 0.0511809 -0.997738 0.0686334 -0.0391462 -0.996874 -0.000676623 -0.0621921 -0.998064 0.0962655 0.0447422 -0.99435 -0.0436968 0.0657001 -0.996882 -0.00482372 -0.0284071 -0.999585 0.135291 0.0696729 -0.988353 -0.00865985 -0.00702348 -0.999938 0.116505 0.0893322 -0.989164 -0.0386918 -0.0650705 -0.99713 0.0816459 -0.0812867 -0.993341 0.017184 -0.0108082 -0.999794 0.0140244 -0.00658118 -0.99988 -0.0823517 0.0857806 -0.992905 -0.0972732 -0.0135421 -0.995166 -0.04727 0.00127305 -0.998881 0.02224 -0.0250212 -0.99944 -0.0768512 0.026067 -0.996702 -0.0560034 -0.0614567 -0.996537 -0.0240947 -0.00279698 -0.999706 -0.0877046 -0.0468724 -0.995043 -0.0653349 0.0268965 -0.997501 0.0237222 0.00208533 -0.999716 0.0131592 0.0692632 -0.997512 0.0189634 -0.0168319 -0.999678 0.00257345 -0.0883037 -0.99609 -0.0180858 -0.0719663 -0.997243 -0.046295 -0.106662 -0.993217 -0.0260188 -0.0997235 -0.994675 -0.0257348 -0.0783316 -0.996595 0.0200209 0.050957 -0.9985 0.104128 0.093793 -0.990131 0.129327 -0.0470615 -0.990485 0.0656098 0.00316828 -0.99784 0.0856644 0.01551 -0.996203 0.0698972 0.0242654 -0.997259 0.145471 0.0985272 -0.984444 0.186489 0.0747513 -0.979609 -0.0426255 0.0144147 -0.998987 -0.0302431 -0.0433868 -0.9986 0.0863864 0.00647512 -0.996241 0.163027 0.126426 -0.978488 -0.0159217 0.00627454 -0.999854 0.0113261 0.0298854 -0.999489 0.122885 0.102302 -0.987134 0.0484399 -0.0495046 -0.997599 -0.00858096 -0.0601675 -0.998151 0.128257 0.130443 -0.983125 -0.03351 -0.033707 -0.99887 -0.0104707 0.0334272 -0.999386 0.0935453 0.0180552 -0.995451 0.050273 -0.0447116 -0.997734 0.0142274 -0.013194 -0.999812 0.0341535 -0.0622667 -0.997475 0.0446685 -0.0729109 -0.996338 0.0742159 0.00387245 -0.997235 0.0678849 -0.0242867 -0.997398 0.0523741 0.0295593 -0.99819 -0.0169735 -0.957304 -0.288584 0.116855 -0.101225 -0.987977 -0.0366269 -0.762742 -0.645665 0.107486 -0.257597 -0.960255 0.0964289 0.0116209 -0.995272 -0.0375791 -0.793687 -0.607164 0.0375617 -0.0461012 -0.99823 0.0981966 -0.00676148 -0.995144 -0.0197263 -0.614346 -0.78879 -0.102329 -0.603308 -0.790916 -0.0340346 -0.148619 -0.988309 0.0475779 -0.0725414 -0.99623 0.0399614 0.0644429 -0.997121 0.0249636 -0.569395 -0.821685 0.125643 0.200105 -0.971685 0.287285 -0.0245527 -0.95753 0.0413558 0.056168 -0.997564 -0.00397455 -0.0237727 -0.999709 0.0151782 0.0685007 -0.997536 -0.00865664 0.109083 -0.993995 0.0551729 -0.101928 -0.993261 -0.0851216 -0.353484 -0.93156 -0.169367 -0.194514 -0.966167 -0.0334469 0.0364678 -0.998775 -0.0224262 0.0818296 -0.996394 -0.0110589 -0.00257136 -0.999936 -0.150571 -0.746102 -0.648583 0.509493 -0.397907 -0.762947 0.0795907 -0.9218 -0.379407 0.179435 0.0619308 -0.981819 0.649587 0.0935145 -0.754514 -0.00154067 0.0162266 -0.999867 0.0043146 -0.0370347 -0.999305 -0.11536 -0.0671602 -0.991051 0.0365271 0.0223411 -0.999083 -0.0535191 -0.232918 -0.971023 0.0229244 0.150574 -0.988333 -0.156357 -0.130014 -0.979106 -0.0759822 -0.0315137 -0.996611 0.0255425 0.0900523 -0.995609 0.00970781 0.0130918 -0.999867 0.0442137 0.043978 -0.998054 0.0934618 0.188629 -0.977591 -0.0399244 0.0173252 -0.999053 -0.0556655 0.0893331 -0.994445 -0.0282055 0.053255 -0.998183 -0.0581477 0.141157 -0.988278 -0.0354323 0.0703204 -0.996895 0.0634962 0.0455495 -0.996942 0.301837 0.112764 -0.946667 0.150613 0.10178 -0.98334 0.0182292 0.148379 -0.988763 0.0890264 0.0937201 -0.99161 -0.128775 -0.818597 0.559746 0.228022 -0.971926 -0.0580222 -0.0814979 -0.911491 0.403165 -0.174621 -0.922665 0.343798 0.0400773 -0.664478 -0.746232 -0.085506 -0.995969 0.0271172 0.0859589 -0.0461752 -0.995228 0.062149 -0.499272 -0.864214 0.107314 0.00763599 -0.994196 0.0477145 -0.957747 -0.283626 -0.0475209 -0.700739 -0.711834 0.0499371 -0.0403037 -0.997939 0.0853543 -0.00130608 -0.99635 0.0364658 0.0690804 -0.996944 0.0502103 0.0225981 -0.998483 0.0445539 0.137121 -0.989552 -0.0689558 -0.742755 -0.666003 0.0118132 -0.00737658 -0.999903 0.0965086 -0.724651 -0.682325 -0.0525631 -0.102412 -0.993352 -0.0340414 0.0103164 -0.999367 0.148101 -0.817024 -0.557259 -0.0112842 -0.275578 -0.961212 0.0360524 -0.918347 -0.394132 -0.0460168 0.0202366 -0.998736 -0.019177 -0.321005 -0.946883 0.000351716 -0.926054 -0.377391 -0.018423 0.0568548 -0.998212 -0.0601726 -0.744457 -0.664954 0.0325482 -0.562007 -0.826492 0.070766 -0.447694 -0.891382 0.0329431 -0.490062 -0.871065 0.0461059 0.0634396 -0.99692 -0.0973329 -0.310138 -0.945696 -0.0179997 0.0199519 -0.999639 -0.0119723 0.0880099 -0.996048 0.0570103 0.110877 -0.992198 0.0169902 0.13447 -0.990772 -0.0123343 0.0539236 -0.998469 -0.0498366 0.131055 -0.990122 -0.0190152 0.135453 -0.990601 -0.0103019 0.0844159 -0.996377 -0.00508008 0.10604 -0.994349 -0.0333452 0.0790311 -0.996314 -0.0843261 0.0650454 -0.994313 0.18739 0.139763 -0.972292 0.0369433 -0.265355 -0.963443 0.00485649 -0.990141 0.139993 -0.179848 -0.248822 -0.951705 -0.0198694 0.0551212 -0.998282 0.0296866 0.124047 -0.991832 -0.160859 -0.925634 0.34253 0.0372473 0.127976 -0.991078 -0.108768 -0.94207 0.317291 -0.109225 0.0866839 -0.99023 -0.0174027 0.0471309 -0.998737 0.0634142 0.0800962 -0.994768 0.0790664 0.113951 -0.990335 0.0419663 0.100781 -0.994023 -0.0549419 -0.899705 0.433027 0.0120569 -0.969512 0.244746 0.0101361 0.0375577 -0.999243 0.511048 -0.0940876 -0.854387 0.0690963 -0.119135 -0.990471 -0.0988515 -0.939979 0.326599 0.555129 0.0144342 -0.831639 -0.548639 -0.512512 -0.66055 -0.832098 -0.224386 -0.507212 -0.0369604 0.084069 -0.995774 0.43039 -0.00304456 -0.902638 -0.30766 -0.187599 -0.932819 0.536093 0.31734 -0.78224 -0.0308172 0.128944 -0.991173 -0.0197428 0.140604 -0.989869 -0.469738 0.490684 -0.733877 0.0593157 0.0825778 -0.994818 0.0578842 -0.00217438 -0.998321 -0.00855046 0.0214362 -0.999734 0.0155227 0.0541845 -0.99841 0.053207 0.134899 -0.98943 0.0502359 -0.948523 0.312699 0.13501 -0.951006 0.278136 0.115884 -0.964707 0.236457 -0.0187849 -0.940855 0.338289 0.0488664 0.110393 -0.992686 0.00214256 -0.921907 0.387405 -0.0401906 -0.847413 0.529411 -0.0460086 -0.960635 0.273979 0.102454 -0.993149 -0.0561919 0.0503973 -0.99157 0.119373 0.0520957 -0.355954 -0.93305 -0.224023 -0.961599 -0.158561 -0.0933583 -0.840246 -0.534108 -0.0514501 0.150353 -0.987293 -0.0677105 0.0797421 -0.994513 0.0133561 0.02056 -0.999699 -0.0103555 0.153444 -0.988103 0.0917307 0.116627 -0.988931 0.0454017 0.121542 -0.991547 -0.0488753 0.0361689 -0.99815 0.0300875 0.0760069 -0.996653 -0.0537315 -0.950107 -0.307262 -0.0198773 -0.957339 -0.288282 0.0269257 -0.921288 -0.387947 -0.0224372 -0.33742 -0.941087 -0.0323431 -0.73091 -0.681707 0.0435276 -0.99294 -0.110344 0.560326 -0.828242 -0.00707483 0.951907 -0.243523 -0.18593 0.72571 0.179864 -0.664074 0.0856324 0.20803 -0.974367 -0.0514734 0.0166049 -0.998536 -0.0595612 0.079528 -0.995052 0.0141805 0.0205902 -0.999687 -0.0148591 -0.048566 -0.998709 -0.0410099 0.0764421 -0.99623 -0.0506291 0.0804457 -0.995472 0.0593509 0.0788668 -0.995117 -0.0128296 0.125116 -0.992059 0.12992 0.199748 -0.971196 0.124425 0.0828221 -0.988766 0.379265 0.0848078 -0.921394 0.63274 0.032177 -0.773696 0.350365 0.00997647 -0.93656 0.422191 0.0411133 -0.905574 0.487143 0.0388226 -0.872459 0.303854 0.192174 -0.933136 0.526474 0.086465 -0.845783 0.341345 0.196037 -0.919268 0.233002 0.0362538 -0.9718 -0.0197276 0.027041 -0.99944 -0.0659371 0.018646 -0.99765 0.0373236 0.0354575 -0.998674 0.0104016 0.0110819 -0.999885 0.117846 0.0655996 -0.990863 0.613561 0.761214 -0.20999 -0.298423 0.951966 0.068585 0.010079 0.106151 -0.994299 0.0351042 0.0284325 -0.998979 -0.020382 0.0436779 -0.998838 -0.00675247 0.0405971 -0.999153 -0.00718431 -0.999926 -0.0098649 -0.0314668 0.024192 -0.999212 -0.003914 -0.0506149 -0.998711 0.0816889 -0.0750511 -0.993828 -0.0419817 -0.943425 0.328918 -0.00722302 -0.92461 0.380848 -0.00852407 -0.847051 0.531443 -0.0325073 0.155994 -0.987223 0.0965771 0.0271235 -0.994956 0.0189 0.017422 -0.99967 0.0640287 -0.903029 0.424782 0.0833239 -0.917778 0.388254 0.104901 0.0391225 -0.993713 0.194984 0.0371506 -0.980103 0.0560589 -0.899186 0.43396 -0.125549 -0.697027 0.705968 0.0840236 -0.00272808 -0.99646 0.0593268 0.00160187 -0.998237 0.0714549 -0.917689 0.390821 0.0144829 -0.0685 -0.997546 -0.051025 -0.970204 0.236856 -0.129766 -0.988831 0.0733075 -0.070905 -0.996689 0.0397952 -0.0835144 -0.942734 0.32292 0.254806 -0.916671 0.307878 -0.104814 -0.919116 0.37979 0.0672904 0.00614487 -0.997715 -0.0213991 -0.999397 0.0273326 0.0138954 -0.0444367 -0.998916 -0.207412 -0.97332 0.098123 -0.00848974 0.0169029 -0.999821 -0.0648219 -0.063372 -0.995883 0.00447673 -0.993946 -0.109775 0.0147833 0.0615979 -0.997992 0.184137 0.0543259 -0.981398 0.452072 -0.800335 0.39382 0.0805858 0.249443 -0.965031 0.995021 0.0519293 -0.0850718 -0.198221 0.370515 -0.907429 0.892479 -0.0125904 -0.450913 0.318542 0.230853 -0.919368 0.330689 -0.00384856 -0.943732 0.866291 -0.0259185 -0.498867 0.0805501 -0.0263803 -0.996401 0.704899 -0.0554342 -0.707138 0.711702 3.20931e-05 -0.702482 0.892488 0.0330774 -0.449858 0.347335 -0.0178816 -0.937571 0.898122 0.0318433 -0.438592 -0.02974 -0.0351203 -0.998941 0.921698 -0.0207163 -0.387354 0.231411 0.0477466 -0.971684 -0.165718 0.067117 -0.983887 0.303767 0.0813787 -0.949264 0.860918 0.000597766 -0.508743 0.925829 0.0998357 -0.364518 0.635306 0.187278 -0.749209 -0.954155 0.0726381 -0.290366 -0.914105 0.0852761 0.396409 0.859942 0.164841 -0.483039 0.886276 0.251545 -0.388895 0.0376238 0.0366938 -0.998618 0.0332985 -0.0218026 -0.999208 -0.0696258 0.00932489 -0.99753 0.0559035 -0.0181757 -0.998271 -0.0776402 0.0375696 -0.996273 0.00541747 0.166508 -0.986025 0.0947169 0.0106685 -0.995447 -0.0622506 0.239157 -0.968983 0.0993214 -0.0635519 -0.993024 0.264139 -0.00159661 -0.964483 0.408645 0.0658408 -0.910315 0.389927 -0.0789665 -0.917454 0.142852 0.0537047 -0.988286 0.00562196 -0.0260011 -0.999646 0.118372 0.0183244 -0.9928 -0.659313 0.738618 0.140533 -0.732978 0.540146 -0.413505 0.214759 0.956478 -0.197557 0.88799 0.350592 -0.297587 0.265637 -0.159373 -0.950809 0.210836 -0.0187906 -0.977341 0.645787 -0.0579555 -0.761315 0.682012 0.020735 -0.731047 -0.0474102 -0.987546 0.150016 0.217966 0.307774 -0.926157 -0.122366 0.4266 -0.896124 -0.0289828 -0.983621 0.177905 0.998055 0.051111 -0.0356826 0.961194 0.10681 -0.254359 0.0318925 -0.997556 -0.0621708 -0.0640037 -0.997216 -0.0382603 0.994167 0.0552063 0.0926516 0.999163 0.00949107 0.0398005 -0.0133218 -0.998769 0.0477734 0.994013 0.00274781 0.10923 0.0734234 -0.991901 0.103639 0.0501337 -0.95028 0.307334 0.0476711 -0.990351 0.130125 0.265272 -0.891077 0.368257 0.962183 0.241136 -0.126714 0.0813635 -0.996683 -0.00198674 0.546697 -0.772484 0.323096 0.93926 -0.322035 0.118679 0.0785666 -0.995867 0.0455596 0.997518 -0.0699998 0.00766595 0.999116 0.00554428 -0.0416631 0.998188 0.0597739 0.00687539 0.356773 0.0394702 -0.933357 0.994421 0.0258405 0.102267 0.99148 0.108345 -0.0723044 -0.023934 -0.997252 -0.0701055 -0.341161 -0.939273 0.0370837 -0.0604603 -0.968929 0.239837 -0.109268 -0.9558 0.27296 0.172367 -0.0516946 -0.983676 0.329329 -0.116863 -0.936955 0.966331 0.131132 0.221379 0.98013 -0.0325131 0.195674 0.357563 -0.0374085 -0.93314 -0.0575264 -0.99673 0.0567377 -0.0172382 0.347093 -0.937672 0.977766 0.209516 0.00875964 0.255157 0.121181 -0.959276 -0.16863 -0.954067 0.247628 0.324719 0.49526 -0.805776 0.0515775 -0.998374 0.0242695 0.173242 0.0642626 -0.982781 -0.0480689 -0.998154 -0.0371168 0.188583 -0.887437 0.420586 0.486275 0.00734521 -0.873775 0.788434 -0.601981 -0.126455 0.995299 -0.096633 -0.00643804 0.998887 -0.0424347 0.0205819 0.993558 0.0811143 0.0791394 0.851844 0.031212 -0.522865 0.83205 0.142873 -0.535985 -0.0608847 -0.996653 0.054554 0.811586 0.0102953 0.584142 -0.0422996 -0.951438 0.304921 0.853646 0.182602 -0.487796 0.348677 0.196396 -0.916435 0.0256634 -0.997237 -0.0697132 0.937513 0.0204245 0.347351 0.977266 0.0335809 0.209343 0.977722 0.119273 -0.172727 0.750207 0.174692 -0.637709 0.495698 0.213247 -0.841908 0.0349267 -0.998205 -0.048653 0.739763 0.192154 -0.644847 0.0609964 -0.992182 -0.108876 0.786096 0.125969 -0.605132 -0.0544127 -0.989573 -0.133358 -0.0630421 -0.99279 -0.101947 -0.0570263 -0.998349 -0.00695022 0.0364625 -0.946064 0.32192 0.073943 -0.916177 0.393893 0.188977 -0.910669 0.367383 0.904709 0.0799515 0.418461 0.909679 -0.00575227 0.415271 0.933421 0.0980673 0.345122 0.994446 0.105171 0.00395984 0.904477 0.203615 -0.374782 -0.189222 -0.700021 0.688597 0.084868 -0.84937 0.52093 0.437453 -0.639703 0.631993 0.339987 -0.706802 0.620354 0.0356355 -0.998984 0.0275851 -0.0198561 -0.942846 0.332637 0.290781 -0.880171 0.375161 0.810697 -0.0311302 0.584637 0.748659 -0.174563 -0.63956 -0.0255796 -0.999673 0.00052736 -0.0523712 -0.993602 0.100065 0.395679 -0.890529 0.224491 0.786803 0.0706232 -0.613151 0.770888 0.120517 -0.625466 0.961418 -0.244347 0.126374 0.115618 -0.99326 -0.00820111 0.035387 -0.991025 0.12891 0.0131501 -0.999574 0.0260687 -0.0314948 -0.978998 0.201424 -0.0692598 -0.989281 0.128551 0.923947 -0.372754 -0.0858884 -0.124582 -0.925002 0.358959 -0.183867 -0.906356 0.38041 0.844312 -0.0407414 0.534301 0.90538 0.308686 0.291548 0.957014 0.0056489 0.289987 0.162243 -0.823025 0.54434 -0.0197838 -0.998486 -0.0513297 0.988681 0.0594454 0.137753 0.986685 0.0833258 -0.139679 0.749162 0.134211 0.648647 -0.460906 -0.810055 0.362459 0.924479 0.0849714 -0.371644 0.801672 -0.0324841 -0.596881 0.19418 -0.946993 0.255926 0.689402 -0.673548 0.266566 0.744173 -0.0363623 0.666997 -0.145801 -0.920664 0.362104 0.970718 0.0128558 -0.239879 0.911109 0.0557688 -0.408376 0.203406 0.0701862 0.976576 0.0295166 0.0171416 0.999417 0.012861 0.221985 0.974965 0.119236 -0.0944838 0.98836 0.284388 0.0502488 0.957391 0.0819071 -0.141673 0.986519 0.940989 -0.172743 0.291032 0.978476 0.20541 0.0197719 0.284759 -0.786405 0.548161 0.571268 0.305579 0.761757 0.103357 -0.94534 0.309272 0.524455 0.0729899 0.848304 -0.069957 -0.981972 0.175605 0.0179641 -0.982976 0.182854 0.0910707 -0.955968 0.278981 -0.0337494 -0.952858 0.301533 0.389214 0.0245796 0.920819 0.0983876 -0.0952845 0.990576 0.492573 -0.138201 0.859228 0.75535 -0.00877315 0.655263 0.0135505 -0.964764 0.262769 0.0654495 -0.997112 -0.0385133 0.0526251 -0.983019 0.175799 0.154204 -0.878345 0.452471 0.779541 -0.0313402 0.625566 0.099138 -0.921721 0.37497 0.842507 0.0791598 0.532838 0.914001 -0.00260697 0.405703 0.944314 -0.0651568 0.322529 0.980193 -0.0238064 0.19661 0.980619 -0.0510887 -0.189145 -0.0584484 0.0904242 0.994187 -0.441595 0.0825263 0.893411 -0.0270093 -0.0639577 0.997587 0.674689 -0.00679216 0.738071 0.313248 0.0755158 0.946664 0.331032 -0.0250742 0.943286 0.633947 0.215411 0.742772 0.0772344 0.0204506 0.996803 0.353932 0.0475195 0.934063 0.387187 -0.239117 0.890455 0.643997 -0.136251 0.752797 0.0412907 0.24684 0.968176 0.000505784 0.17973 0.983716 0.441791 -0.255496 0.859967 -0.0425605 -0.0279862 0.998702 0.744973 -0.0693952 0.663476 0.0830242 -0.0193652 0.996359 0.449961 -0.0308107 0.892516 0.0034222 -0.0105827 0.999938 -0.0855341 -0.0774477 0.993321 -0.166523 0.0426224 0.985116 0.832793 -0.058677 0.550466 0.2002 -0.0781958 0.97663 0.591467 -0.183659 0.785135 0.590596 -0.702923 0.396352 0.0506991 -0.996993 0.0586054 0.887871 0.30886 0.341013 0.647956 -0.219361 0.729407 0.213881 -0.0918317 0.972534 0.429861 0.679704 0.594325 0.716692 0.541615 0.439325 0.102019 -0.939097 0.32816 0.0403968 -0.879893 0.473451 0.0466024 -0.0224577 0.998661 0.0898307 0.423928 0.90123 -0.002474 0.0880202 0.996116 0.96182 -0.00475025 0.273642 0.999145 0.00654577 0.0408239 0.00665551 0.038659 0.99923 0.0602654 0.694694 0.716777 -0.0461761 -0.932619 0.357897 -0.0842416 -0.928455 0.361765 0.0718299 -0.0924861 0.99312 -0.0203545 -0.230344 0.972896 -0.28029 -0.0750131 0.95698 -0.165458 0.0405053 0.985385 -0.0478765 -0.963093 0.264878 -0.433642 0.00724285 0.901056 0.157859 -0.254475 0.954108 -0.00370178 -0.22857 0.97352 -0.442598 -0.0833479 0.892838 -0.540323 -0.155036 0.827052 -0.834303 -0.0508885 0.548953 0.0277138 -0.93422 0.35562 0.239341 -0.361272 0.901221 -0.125169 -0.100793 0.987002 0.650865 -0.147718 0.744684 0.679552 0.0310434 0.73297 -0.348116 -0.209877 0.913656 -0.0781742 -0.121938 0.989454 -0.842851 -0.00434147 0.538129 0.643272 -0.159442 0.748852 -0.732871 -0.0645488 0.677299 -0.164612 -0.0019031 0.986357 -0.5807 -0.00964093 0.814061 -0.0309751 -0.0285266 0.999113 -0.0285935 -0.0246709 0.999287 -0.0402467 -0.021981 0.998948 -0.023624 -0.27492 0.961177 0.709025 -0.149709 0.689109 -0.132045 -0.0144309 0.991139 -0.0963568 -0.020383 0.995138 -0.604215 0.00094518 0.796821 0.713889 -0.181491 0.676331 0.538353 -0.22491 0.812153 -0.0778691 0.626939 0.775167 0.213778 0.389684 0.895793 0.0468466 0.809492 0.585259 0.388425 0.187242 0.902256 0.134299 0.263598 0.955238 0.675339 0.210275 0.706896 0.215365 -0.118824 0.969277 0.837221 -0.147439 0.526615 -0.0640974 0.0316211 0.997443 0.0964169 -0.290777 0.95192 -0.0317094 -0.0315632 0.998999 -0.0371789 -0.0301095 0.998855 0.227345 -0.187951 0.955504 0.23675 -0.185617 0.953675 0.0710823 0.556004 0.828134 -0.59349 -0.0140902 0.804718 0.0426624 -0.260261 0.964595 0.0392446 -0.39142 0.919375 0.0523815 -0.0689498 0.996244 0.453517 0.524901 0.720278 0.234078 0.130205 0.96346 0.515021 0.440602 0.735271 -0.456155 -0.144578 0.878077 0.104368 0.272133 0.956583 -0.596978 -0.0153197 0.802111 -0.0935354 -0.0631522 0.993611 -0.00494531 0.474887 0.880033 0.0253193 0.55571 0.830991 -0.0120127 0.175992 0.984318 0.833241 -0.146624 0.533114 0.0899321 0.417975 0.903996 0.405662 -0.187005 0.894689 0.0115388 0.422705 0.906194 0.404237 -0.205876 0.891183 -0.641458 -0.049372 0.765567 -0.402147 0.10731 0.909265 -0.279896 0.0565832 0.958362 0.203301 -0.0860745 0.975326 -0.0161676 -0.409154 0.912322 -0.51335 -0.0105203 0.858115 -0.333608 -0.467685 0.818521 -0.103089 -0.00977448 0.994624 0.398524 0.0886975 0.912859 0.273386 0.687653 0.672601 -0.0404578 0.181113 0.98263 0.100628 0.599245 0.794216 0.0121447 0.518359 0.855077 -0.050533 -0.844071 0.533845 -0.323019 -0.336594 0.884513 -0.0483569 0.0871935 0.995017 0.0374082 0.334151 0.941777 0.0417295 0.156707 0.986763 0.443199 -0.330237 0.833378 0.13106 -0.863855 0.486392 -0.044864 0.0208122 0.998776 -0.0258522 0.149085 0.988486 -0.0369045 0.00336523 0.999313 0.502381 0.425487 0.752711 -0.0885576 0.328925 0.940195 0.685244 0.0949474 0.722099 -0.0390322 0.656239 0.753543 -0.406798 0.483967 0.774784 -0.230089 0.141757 0.96279 -0.675545 0.151029 0.721685 -0.0264579 0.010538 0.999594 0.638796 -0.133693 0.757671 0.414136 0.354571 0.838314 0.651054 0.159316 0.742124 0.269485 0.653987 0.70688 0.721997 -0.0637219 0.688956 -0.0414355 -0.0408332 0.998306 -0.680327 0.372423 0.631234 0.747779 -0.0422938 0.662599 -0.809958 0.104518 0.5771 0.942097 -0.0749001 0.326868 0.0440632 0.027166 0.998659 -0.477522 -0.0461347 0.877408 -0.165322 0.00940472 0.986195 -0.248958 0.0171618 0.968362 -0.112017 -0.0038077 0.993699 -0.0750035 0.541162 0.837567 0.6411 -0.311973 0.701187 -0.329233 -0.485587 0.809821 -0.862734 -0.0336254 0.504539 -0.463632 -0.313753 0.828616 0.266026 -0.344792 0.900194 -0.722557 0.0497857 0.689517 0.842859 -0.207766 0.49641 -0.528745 0.06151 0.846549 -0.414957 0.0813297 0.906199 -0.104952 -0.373052 0.921855 0.579328 -0.137749 0.803371 0.311488 -0.175855 0.933836 -0.855646 0.0776953 0.511697 -0.831781 0.0389993 0.553732 -0.369271 -0.29856 0.880057 -0.772938 0.164529 0.612778 -0.908523 -0.0685202 0.412177 0.740613 -0.113223 0.662324 0.170982 -0.449853 0.876583 0.231897 -0.221626 0.947157 -0.0374636 -0.026588 0.998944 -0.871591 -0.148055 0.467342 -0.580358 -0.124102 0.80485 0.769867 -0.111316 0.628421 -0.745484 -0.073826 0.662422 -0.600429 -0.448942 0.661767 0.201107 -0.34154 0.9181 0.879272 -0.112022 0.462959 0.384276 -0.408321 0.828013 0.0632017 -0.640193 0.76561 0.880143 -0.249974 0.403561 0.606828 -0.241077 0.757392 0.472878 -0.665989 0.576927 -0.289942 0.0785131 0.953818 0.311151 -0.663166 0.680732 -0.767691 0.237316 0.595258 0.794795 -0.084544 0.60096 -0.331662 0.145746 0.932072 -0.701254 0.379815 0.603311 0.72574 -0.408665 0.553438 0.15687 0.63868 0.753313 -0.702916 0.00926308 0.711212 0.891723 0.0307485 0.451536 0.868152 -0.0234684 0.495744 -0.0905234 -0.00153032 0.995893 0.210666 -0.807093 0.551561 -0.863601 -0.0298051 0.503295 -0.0207307 -0.00830881 0.999751 0.84327 -0.196261 0.500377 -0.869474 -0.0417225 0.492214 0.796968 -0.0891928 0.5974 -0.499275 0.426341 0.754293 0.792013 0.210407 0.5731 -0.0493851 -0.799132 0.599124 -0.0919195 -0.848322 0.521441 0.162768 -0.925367 0.342348 0.128906 -0.905237 0.404882 0.0292564 -0.883688 0.467162 0.0612265 -0.771309 0.633509 -0.0342526 -0.899061 0.436482 -0.0818531 -0.753574 0.652247 0.0108957 -0.845293 0.534192 -0.084563 -0.805095 0.587087 -0.0323446 -0.969657 0.242322 -0.184982 0.578014 0.794784 0.12134 -0.935983 0.330473 0.616735 0.276426 0.737039 0.818361 0.0339637 0.5737 -0.658962 0.0275305 0.751673 -0.829989 0.0279631 0.557078 0.60629 0.526731 0.595791 0.308875 0.823791 0.475358 0.485052 0.629541 0.606962 0.0179086 0.832944 0.553067 0.521826 0.437891 0.732085 0.0746984 0.633516 0.770116 0.498449 -0.0838218 0.862857 0.108292 0.752103 0.650088 0.617591 0.025901 0.786073 -0.095698 0.558455 0.823997 0.171841 0.770834 0.613421 0.765953 -0.102058 0.634744 -0.585568 0.57403 0.572364 0.656894 -0.180247 0.732121 -0.901376 -0.055013 0.429529 0.735345 -0.396391 0.549675 -0.687264 0.351493 0.635705 -0.857176 0.0341746 0.513889 0.185838 0.869821 0.457029 0.112078 0.972836 0.202555 -0.645332 -0.475725 0.597689 0.00652042 0.915002 0.403396 -0.0647098 0.962614 0.263035 0.253286 0.685045 0.683052 0.323397 0.584847 0.743887 -0.0934446 -0.308152 0.946737 0.920034 -0.232322 0.315539 0.914644 -0.278382 0.293139 0.230867 0.503873 0.832354 0.252667 0.704721 0.662968 -0.228419 -0.430033 0.87344 0.475083 0.174818 0.862401 0.622959 0.726443 0.290177 0.204969 -0.779365 0.592096 -0.693099 0.290097 0.659892 -0.376252 0.471488 0.79758 -0.458838 0.751987 0.473268 0.866716 -0.0318955 0.497782 0.900887 -0.0134674 0.433844 0.909801 0.00965662 0.414932 0.816901 0.00395502 0.576765 0.575454 -0.472785 0.667329 -0.459939 -0.352556 0.81496 -0.35681 -0.36465 0.860068 0.91964 -0.148257 0.363705 0.866551 -0.305157 0.394929 -0.270013 -0.550888 0.789693 -0.897507 0.0352841 0.439586 -0.890077 -0.152834 0.429425 -0.631948 -0.0966143 0.768965 0.717438 -0.109132 0.688021 -0.888734 0.0802062 0.451353 -0.715506 -0.433321 0.547983 0.840578 -0.501563 0.204606 0.340349 -0.920577 0.191575 0.407422 -0.807855 0.425885 -0.0267493 0.822237 0.568516 0.814535 -0.176086 0.552744 -0.240092 0.243114 0.939815 -0.842638 -0.0767157 0.532988 -0.859762 -0.0492313 0.508316 -0.857622 -0.0474695 0.512086 -0.763508 0.556379 0.32787 0.930977 -0.022326 0.364395 -0.0346407 0.993731 -0.106296 -0.00254151 -0.708816 0.705389 0.293425 0.955625 -0.0261384 0.299712 0.92936 0.215553 0.450845 0.887521 0.095107 0.266642 0.942468 -0.201632 0.00594514 -0.653956 0.75651 0.844629 -0.0247195 0.534781 0.863321 0.0109874 0.504535 0.067305 -0.640397 0.76509 0.369626 -0.604501 0.705659 0.0426283 0.608378 0.792502 -0.373315 0.435931 0.818902 0.0994197 0.615144 0.782122 0.425833 0.198444 0.882772 0.520301 -0.0408744 0.853004 0.214421 0.295452 0.930984 -0.15527 0.149197 0.976541 -0.667246 -0.0820931 0.7403 0.424781 -0.151095 0.892598 0.659777 -0.217046 0.719434 0.830879 0.0617584 0.553015 0.570143 -0.127263 0.811629 0.706802 -0.0313497 0.706717 0.54812 -0.205677 0.810717 0.664887 -0.342295 0.663898 -0.774653 -0.12299 0.620311 0.784862 -0.23468 0.573513 0.332853 -0.740435 0.583922 -0.462395 -0.329092 0.82334 0.959342 0.0319397 0.280434 0.120877 -0.89779 0.423512 -0.127643 -0.851705 0.508239 -0.0162161 -0.972823 0.230981 0.17722 -0.685888 0.705798 0.0882055 -0.695459 0.713131 0.0611586 -0.422548 0.904275 0.0204912 -0.759744 0.649899 -0.127108 -0.757126 0.640784 0.135346 0.78897 0.599339 0.424693 0.587269 0.689022 0.0996742 0.784659 0.611862 0.468899 0.609083 0.639649 0.615272 0.412074 0.672038 -0.499083 0.151728 0.853167 -0.861729 0.391308 0.322957 -0.995821 -0.0836907 0.0365671 -0.796791 0.167292 0.580636 0.898756 -0.075152 0.431961 0.806179 -0.0551594 0.589094 0.442246 -0.160006 0.882506 -0.0987886 -0.645069 0.757712 -0.560675 -0.133418 0.817217 0.536377 -0.186179 0.823187 0.0873459 -0.142218 0.985974 -0.0638293 -0.828115 0.556912 -0.570066 -0.247266 0.783508 0.491807 -0.173115 0.853321 -0.204478 -0.280293 0.937883 -0.0503239 -0.76074 0.647103 -0.506636 -0.14108 0.850539 0.0458494 -0.721057 0.691357 0.0541877 -0.608608 0.791619 0.798287 -0.126241 0.588898 0.0418086 -0.681543 0.730583 -0.563382 -0.153826 0.81175 0.194653 -0.743846 0.639377 0.0133468 -0.301183 0.953473 0.815632 -0.0507261 0.576343 -0.493977 -0.350315 0.79578 0.0917426 -0.847926 0.522116 -0.0203265 -0.89036 0.454804 -0.0653227 -0.31922 0.945427 -0.0510637 -0.495043 0.867367 0.546117 0.627487 0.554992 0.776524 0.196059 0.598809 0.929488 -0.289126 0.229036 0.861489 -0.106062 0.496576 0.292759 0.765873 0.572478 0.849143 -0.528161 -0.00128076 0.596907 -0.576818 0.557659 0.0629125 0.676348 0.73389 0.985825 0.035427 0.163992 0.322117 0.657883 0.680757 0.543456 -0.0231439 0.839119 0.260605 -0.730595 0.631123 0.747597 -0.297063 0.594014 0.214879 0.345453 0.913504 0.52437 0.300596 0.796667 0.0188992 -0.43969 0.897951 -0.101572 -0.405813 0.908294 -0.867041 -0.025059 0.497606 0.0568016 -0.484273 0.873071 0.0123726 -0.432015 0.901781 -0.396261 0.40146 0.825716 -0.494234 0.395652 0.774075 0.148241 -0.343391 0.92742 0.00187331 -0.357329 0.933977 0.0761588 -0.416226 0.906066 0.00687652 -0.32502 0.945682 0.0314131 -0.202176 0.978845 0.350997 0.537339 0.766856 0.0924993 0.491794 0.865784 0.260613 0.425989 0.86638 0.328625 0.279061 0.902292 0.0853451 0.289027 0.953509 0.231617 0.407636 0.883282 -0.0696917 0.426957 0.901582 0.0620425 0.388836 0.919216 -0.264329 0.394172 0.880204 -0.133722 -0.103688 0.98558 -0.100384 0.111835 0.988644 0.43236 -0.206537 0.877728 -0.112705 0.945379 -0.30587 0.0746335 0.986635 -0.144852 0.120165 -0.104248 0.987265 0.349551 -0.215686 0.911753 0.236144 0.960058 -0.150081 0.0262995 0.289678 0.956763 0.243578 0.681433 0.690159 0.488571 0.170052 0.855792 -0.224339 -0.19116 0.955578 0.421948 -0.172871 0.889986 0.525962 -0.231032 0.818528 0.409493 -0.268747 0.871832 0.405807 -0.261597 0.875721 0.271782 0.95229 -0.138845 0.71381 -0.305411 0.630238 0.21253 0.92798 -0.30608 0.302817 -0.0540601 0.951514 0.569822 -0.308708 0.761579 -0.58685 -0.0507113 0.808106 0.742187 0.647021 -0.174707 -0.737103 -0.189316 0.64872 -0.797624 -0.0823223 0.597511 0.955504 -0.0257153 0.293856 0.339981 -0.0625739 0.938348 0.733363 -0.111331 0.670659 0.729759 -0.213108 0.649643 -0.592485 -0.294491 0.749824 0.299477 -0.370774 0.879113 0.669135 -0.136018 0.730587 0.0463437 -0.274763 0.960394 -0.438401 -0.358916 0.824005 -0.00369247 -0.263485 0.964656 0.51583 -0.374618 0.770442 -0.293807 0.683267 0.668448 -0.327473 0.862492 0.385835 -0.490635 0.756717 0.432037 -0.486046 0.731528 0.478148 -0.838622 0.199342 0.506928 -0.847418 0.311117 0.43022 -0.748087 0.452189 0.485686 0.846273 -0.267101 0.460954 -0.0474347 -0.25325 0.966237 0.025593 -0.432321 0.901356 0.308451 -0.349847 0.88457 0.0150469 -0.43048 0.902475 -0.454231 -0.246782 0.856022 0.0168072 -0.351264 0.936126 -0.742217 -0.150699 0.652996 0.0526884 -0.249458 0.966951 0.0857546 -0.345575 0.934464 -0.0321256 -0.62296 0.781594 0.59706 -0.161841 0.785701 -0.44428 -0.250966 0.860018 -0.195102 -0.224822 0.954668 -0.113717 -0.227304 0.967162 0.859808 -0.305283 0.409306 0.055281 0.012267 0.998396 0.873661 -0.430344 0.226982 0.0185092 0.0329559 0.999285 0.165862 -0.260419 0.951142 0.131943 0.177878 0.975167 0.016762 0.074564 0.997075 0.0182056 -0.300278 0.953678 0.0391867 0.0602799 0.997412 0.970954 -0.231374 -0.0609446 0.0138483 0.40575 0.913879 0.793967 -0.0755825 0.603245 0.225271 0.497605 0.837641 0.729305 -0.667003 0.152389 0.0753807 0.33242 0.940114 0.844567 -0.276663 0.458437 -0.71858 -0.108793 0.686882 0.081308 -0.281764 0.956033 0.0582749 -0.093694 0.993894 0.0939344 -0.0102596 0.995526 -0.024361 -0.180952 0.98319 -0.0600649 0.127034 0.990078 0.0384513 -0.247424 0.968144 -0.12401 -0.201501 0.971606 0.175373 0.0476036 0.983351 0.0321769 -0.0170735 0.999336 0.31197 0.142016 0.939418 -0.0571237 0.975718 -0.21145 -0.00689267 -0.225397 0.974243 0.00374256 -0.269316 0.963044 -0.0144615 -0.273163 0.961859 -0.0937943 -0.0843642 0.992011 0.225233 -0.120544 0.966819 0.283543 0.905354 -0.316127 -0.833302 0.030323 0.551986 -0.267517 0.122834 0.955692 0.117508 0.052185 0.9917 0.0232252 0.0936145 0.995338 -0.872974 0.354042 0.335515 0.121627 0.116955 0.985661 -0.157639 0.23965 0.957976 0.137314 0.394886 0.908411 0.135573 0.0906125 0.986615 -0.624168 0.558787 0.546051 -0.0720514 0.246175 0.966544 -0.922926 0.291789 0.251132 -0.998286 -0.0428324 -0.0398768 0.856456 -0.0750301 0.510739 0.785996 -0.243448 0.568281 -0.338179 -0.287988 0.895934 0.227902 -0.347513 0.909558 0.453367 -0.264419 0.8512 0.64454 -0.277257 0.712529 0.537084 -0.202771 0.818795 -0.770049 -0.136594 0.623191 0.746555 -0.188768 0.637983 -0.0711917 -0.348237 0.934699 -0.0381936 0.512881 0.85761 -0.0441888 -0.153662 0.987135 0.000829307 -0.271959 0.962309 0.353202 -0.221611 0.908921 -0.000714944 -0.553956 0.832546 0.00151808 -0.729416 0.684069 -0.116782 0.178481 0.976988 -0.00438419 -0.659759 0.751465 -0.35484 -0.282339 0.891276 -0.0364514 0.367451 0.929328 -0.0784245 0.229385 0.970171 -0.0147713 0.110794 0.993734 -0.0288416 -0.266491 0.963406 0.540848 -0.304252 0.784164 0.0265208 0.0178417 0.999489 -0.41622 -0.272098 0.867597 0.0335483 -0.273838 0.961191 0.0260426 -0.293011 0.955754 -0.703369 0.0299112 0.710196 0.480202 -0.261897 0.837147 -0.739227 0.0840319 0.668194 -0.0106679 -0.289951 0.956982 -0.35276 -0.243972 0.903348 0.608911 -0.2346 0.757754 0.658243 -0.109825 0.744752 -0.0261354 -0.26923 0.962721 0.231001 -0.144257 0.9622 -0.415375 -0.131168 0.900144 0.0648949 0.000490139 0.997892 0.46623 -0.152686 0.871388 0.345658 -0.299979 0.889119 0.991858 -0.126106 0.0177593 0.97999 0.0306592 0.196673 -0.709419 0.198628 0.676219 -0.136914 0.989526 -0.0457547 -0.0675991 0.811532 0.580384 -0.355584 0.610217 0.707951 -0.608008 0.600177 0.519725 0.0311221 -0.0943187 0.995055 0.0300106 0.0463896 0.998473 -0.607359 0.335469 0.720122 0.0505761 -0.335475 0.940691 -0.381668 0.521539 0.763103 0.741732 -0.190747 0.643 0.187427 0.962136 -0.197904 -0.275997 -0.0331254 0.960588 -0.440652 0.51847 0.732813 0.426789 -0.192085 0.883716 -0.562703 -0.162964 0.810437 0.838846 0.201633 0.505649 -0.277691 -0.0587267 0.958874 0.653964 -0.067554 0.753504 0.472105 -0.150899 0.868531 -0.0301516 0.514339 0.857057 0.707135 0.670203 0.225362 -0.744181 0.162402 0.647935 -0.281171 -0.340774 0.897115 0.0395211 -0.117964 0.992231 0.0817259 -0.153132 0.984821 0.584374 -0.0678791 0.808641 -0.242973 -0.31377 0.917885 0.100058 -0.429801 0.897363 -0.990426 -0.134356 0.0316848 -0.272622 -0.260747 0.926114 -0.0232348 -0.63272 0.774032 -0.0211874 -0.489386 0.87181 -0.9389 -0.112442 0.325306 -0.944191 0.114834 0.308732 -0.835764 0.0930582 0.541145 0.726419 -0.0967361 0.680409 0.706562 -0.113749 0.698449 -0.70062 -0.055908 0.711341 -0.913014 -0.275109 0.301198 -0.123153 -0.409707 0.903866 0.0335315 -0.438496 0.898107 -0.70927 -0.0324988 0.704187 0.0620894 -0.0991529 0.993133 -0.0283521 -0.00800948 0.999566 0.0780483 -0.108059 0.991076 0.0644086 0.108343 0.992025 0.104845 0.0816053 0.991135 0.107544 -0.144471 0.983648 0.021178 -0.502475 0.864332 0.187703 -0.499971 0.845457 0.669059 -0.0490396 0.741589 0.782981 0.0214765 0.621675 0.131597 -0.333199 0.933628 0.29844 0.357371 0.884997 0.443166 0.305173 0.842896 0.659133 0.0956394 0.74592 0.166496 0.0662575 0.983814 0.250153 -0.201683 0.946967 0.612504 -0.108057 0.783047 -0.00994182 -0.240238 0.970663 0.0195761 0.00262121 0.999805 0.323656 -0.199625 0.924877 0.00711174 0.0111893 0.999912 -0.44002 -0.120682 0.889841 -0.0508819 -0.120085 0.991459 0.579429 -0.19363 0.791688 0.622073 -0.477278 0.620669 0.716172 -0.577391 0.392069 0.864435 -0.490059 -0.112226 -0.482609 -0.10671 0.869311 -0.157614 -0.341117 0.926713 0.896076 -0.424922 -0.12841 0.46588 -0.155199 0.871131 0.918494 0.140729 0.369545 0.840601 0.103993 0.531579 -0.0827757 -0.374118 0.92368 -0.0142455 -0.482368 0.875853 -0.446874 -0.251454 0.85853 -0.530564 -0.177178 0.828921 -0.0116899 -0.397138 0.917685 0.35456 -0.216232 0.909687 0.106908 -0.252869 0.961576 -0.25384 -0.318801 0.913198 0.0156859 -0.251081 0.967839 -0.29841 -0.198572 0.933553 -0.56745 -0.0852158 0.818987 -0.0574549 -0.34831 0.935617 0.312464 -0.303939 0.899993 -0.555629 0.177985 0.812157 0.120619 -0.408119 0.904925 0.290066 0.690328 0.662803 -0.135853 0.565669 0.813365 0.323868 -0.0235908 0.945808 -0.231488 0.423229 0.875952 -0.746556 0.225334 0.626002 -0.324431 0.411421 0.85175 -0.999993 -0.00161078 0.00337121 0.549286 -0.0274373 0.835184 0.391949 -0.0569958 0.91822 0.509841 -0.0670132 0.857655 0.695149 0.00997848 0.718796 0.240072 0.965592 0.0999843 0.407521 -0.0745276 0.910149 0.630006 -0.0141238 0.776462 0.743376 0.0919257 0.662527 -0.479263 -0.0337597 0.877022 0.165085 -0.223148 0.960704 0.0202671 -0.221884 0.974863 0.250401 -0.122282 0.960389 -0.452502 -0.0742155 0.88867 -0.0455712 -0.0988729 0.994056 -0.31893 -0.11373 0.94093 0.169835 -0.116217 0.978596 0.159085 -0.20334 0.966098 -0.0681077 -0.283154 0.956653 -0.120033 -0.262953 0.957313 0.102809 -0.21882 0.970334 0.504417 -0.103767 0.857202 0.00673972 -0.464926 0.885324 0.191562 -0.324967 0.926121 -0.192569 -0.382337 0.903734 0.0105836 -0.165569 0.986142 0.464262 -0.0957479 0.880507 0.162183 -0.154237 0.974632 0.371914 -0.0770455 0.925064 0.798228 -0.59718 -0.0787893 0.0179642 -0.371139 0.928404 -0.483831 0.063997 0.872818 -0.526403 0.0840603 0.84607 -0.242893 0.223407 0.943977 -0.855022 -0.219005 0.470079 -0.962544 -0.186986 0.196329 -0.962006 -0.0652803 0.265111 -0.399694 0.261151 0.878661 -0.343632 0.162472 0.924943 -0.0798346 -0.23433 0.968874 -0.8943 0.245749 0.373945 -0.787987 0.281546 0.547548 -0.0796423 -0.157564 0.984292 -0.43609 0.192991 0.878966 -0.216972 -0.199767 0.955519 0.286831 -0.0549081 0.956406 -0.400621 0.907169 0.12864 0.453313 -0.0878661 0.88701 -0.111955 -0.221449 0.968724 -0.475467 -0.426356 0.769514 -0.547903 -0.600084 0.582839 0.582511 -0.0175925 0.812632 0.516722 0.541669 0.663018 0.294366 0.950773 0.0968503 0.301008 0.939717 -0.162251 0.499389 0.129891 0.856586 0.279727 0.084202 0.95638 0.346758 0.0334587 0.937358 0.344159 -0.075818 0.935845 0.141511 -0.0480093 0.988772 0.0552625 -0.134707 0.989343 0.29206 -0.151604 0.944308 -0.0510436 -0.24405 0.968418 0.302467 -0.599097 0.741348 0.411303 -0.873946 0.258937 0.128944 -0.197983 0.971687 0.438389 -0.893859 -0.0939751 0.078379 -0.477444 0.87516 -0.0287274 -0.431868 0.901479 0.0213576 -0.266999 0.96346 0.898098 -0.437315 -0.0466422 -0.0638054 -0.219612 0.973498 0.071666 -0.172269 0.98244 0.93519 -0.291611 0.200954 0.228677 -0.0906171 0.969276 -0.093561 -0.220948 0.970787 -0.0775691 -0.1226 0.98942 0.236716 -0.115488 0.964691 -0.182511 -0.161631 0.969827 -0.0942278 -0.150777 0.984067 -0.23084 -0.133888 0.963736 0.113611 0.411062 0.9045 -0.0376877 -0.204193 0.978205 -0.0695075 0.18066 0.981087 0.077113 -0.227494 0.970721 0.0216033 -0.19808 0.979948 -0.816951 0.270313 0.509433 -0.757199 0.166603 0.63158 -0.00474575 -0.192105 0.981363 -0.237626 0.206241 0.949209 -0.284875 -0.222275 0.932438 -0.232126 -0.048028 0.971499 -0.778611 -0.368183 0.50814 0.221121 -0.0537332 0.973765 0.300055 -0.0706555 0.951302 0.171553 -0.063958 0.983097 0.0132524 0.985229 -0.170726 0.140453 0.970362 -0.196651 0.586122 0.781443 0.214025 0.598078 0.527002 0.603798 0.229768 0.209326 0.950468 0.607144 0.449072 0.655523 0.591861 0.163695 0.789243 -0.842875 -0.128081 0.522645 -0.677753 0.173504 0.714526 0.620266 0.569847 0.539021 0.650907 0.554368 0.518648 -0.0533434 -0.157867 0.986019 0.042312 -0.185883 0.98166 -0.850851 0.101538 0.515502 0.167067 -0.0510038 0.984625 -0.270047 -0.00233172 0.962844 -0.17161 -0.0436214 0.984199 -0.215973 0.072919 0.973673 0.0166983 -0.0964948 0.995193 0.0904949 -0.0397156 0.995105 0.110365 -0.0356225 0.993253 0.188806 0.0190105 0.98183 -0.691715 0.39079 0.6073 -0.666419 0.489408 0.562465 -0.0741225 0.112186 0.990919 0.134755 -0.497417 0.856982 0.126738 -0.941166 0.31328 -0.0923826 0.158983 0.98295 0.181679 -0.301441 0.936016 0.0387032 -0.997554 0.0582116 0.790642 -0.611993 -0.0187295 0.204518 0.048214 0.977675 0.250021 -0.376402 0.892082 -0.0185127 -0.365127 0.930774 -0.0104219 -0.0532201 0.998528 -0.0280945 0.0682389 0.997273 0.0304627 -0.0112222 0.999473 0.816099 0.0437517 0.576253 0.823792 0.128593 0.552115 0.902619 0.269008 0.336026 0.00548581 -0.0750875 0.997162 -0.119046 0.0981972 0.988021 0.0417751 -0.16348 0.985662 0.00489799 -0.118203 0.992977 -0.0263601 0.0259496 0.999316 0.46804 -0.265608 0.842847 0.108747 0.00322957 0.994064 -0.0288073 -0.0278138 0.999198 0.043021 -0.0983986 0.994217 0.408413 0.879661 0.243712 0.677616 0.374034 0.633194 0.748996 0.368068 0.550936 -0.175268 0.145423 0.973721 -0.12157 -0.323088 0.938528 -0.603077 -0.420366 0.677931 -0.86182 -0.31541 0.397219 -0.0618493 -0.0136345 0.997992 0.844051 0.256929 0.470708 -0.604163 0.185569 0.774952 -0.395065 0.717979 0.573088 -0.125052 0.988979 0.0792582 -0.94128 0.129641 0.311746 0.143414 0.989109 -0.0330957 0.0713995 -0.950835 0.301357 -0.466433 -0.755613 0.45988 0.0585776 0.00203325 0.998281 0.0765615 -0.916424 0.392818 0.6536 0.423072 0.627549 0.890168 -0.304125 0.339276 0.756111 -0.119617 0.643419 -0.735402 -0.576957 0.355394 0.81774 -0.0323804 0.574676 -0.755988 -0.352037 0.551863 0.604597 -0.389234 0.694953 0.111707 0.105358 0.98814 0.152426 -0.405145 0.901457 0.238133 -0.656783 0.715492 -0.282447 -0.674379 0.682229 0.841869 -0.24034 0.483211 0.830816 -0.32329 0.453022 0.648214 -0.067788 0.758435 0.708347 -0.0948956 0.699457 0.928909 -0.00785216 0.370224 -0.846103 0.434699 0.308459 -0.649755 0.632441 0.421706 -0.633142 -0.608369 0.478558 -0.200761 -0.923501 0.326865 0.763575 -0.141413 0.630044 -0.471698 0.686352 0.553554 -0.651299 -0.00569331 0.7588 0.0334183 0.838427 0.543988 0.263807 0.712707 0.649965 -0.0875042 -0.213238 0.973074 0.646345 0.0516371 0.761296 -0.769935 -0.0528909 0.635927 0.462649 0.443151 0.767836 0.261602 0.0423978 0.964244 0.691039 0.683092 0.236328 -0.585035 -0.43368 0.685314 0.585984 0.565235 0.58063 0.285748 -0.728681 0.622392 0.198044 -0.884213 0.423019 -0.440253 0.0129329 0.897781 0.661605 -0.700389 0.267831 0.276502 0.43509 0.85688 0.881729 -0.225498 0.414373 0.549858 -0.293139 0.782129 -0.582789 -0.251843 0.772614 -0.64456 -0.208926 0.735454 -0.71059 -0.203164 0.673636 -0.904163 -0.108659 0.413138 0.792569 -0.291997 0.535324 0.520101 -0.1671 0.837599 -0.818828 0.313935 0.480589 0.194893 -0.902209 0.384753 0.945789 -0.185478 0.266611 -0.259498 -0.457522 0.85049 -0.648757 0.0346813 0.760205 -0.724121 -0.336689 0.601905 -0.265427 0.54179 0.797504 0.578245 0.0232922 0.815531 0.286988 0.42557 0.858212 -0.659758 0.659032 0.361104 0.154546 0.767184 0.62253 0.382392 0.794379 0.471952 -0.141314 0.771512 0.620322 -0.361834 0.112294 0.925455 0.200792 -0.375546 0.904792 0.142995 -0.40893 0.901293 0.317342 -0.399519 0.860046 0.0395526 -0.492355 0.869495 -0.0760722 -0.500237 0.86254 -0.484835 -0.353894 0.799809 -0.161108 -0.333606 0.928844 0.729473 -0.580879 0.361177 0.895226 0.180532 0.407404 0.231536 0.905344 0.356009 0.71882 0.456851 0.524009 0.463895 0.824963 0.322858 -0.271638 -0.817204 0.50832 0.0265657 -0.927893 0.371899 0.382215 -0.86401 0.327715 0.875104 -0.432019 0.218065 -0.43598 0.729596 0.526889 -0.135127 0.882829 0.449836 -0.586855 -0.739113 0.330625 -0.771358 -0.472646 0.42616 -0.859093 -0.207636 0.467811 0.951941 -0.123795 0.280149 0.508113 0.62913 0.588232 -0.391681 0.679734 0.620119 0.627505 -0.715439 0.307221 -0.913549 0.161384 0.373341 -0.694701 0.509268 0.507972 -0.380573 -0.779148 0.498089 0.167773 -0.940088 0.296793 0.837888 0.304205 0.453213 0.685212 0.533158 0.496213 0.344389 0.765946 0.542884 0.723473 -0.484772 0.491511 0.864765 -0.268195 0.424562 -0.738689 -0.18491 0.648188 -0.734883 -0.482574 0.476518 -0.38791 0.798218 0.46084 -0.00771757 0.858536 0.512696 0.892233 0.119495 0.435479 -0.871765 0.267166 0.410668 -0.603014 0.705533 0.372287 0.47782 0.754544 0.449835 0.637064 0.569466 0.519478 0.0501898 0.853764 0.518235 0.177414 -0.714541 0.676724 0.0566056 -0.377595 0.924239 0.394946 -0.456969 0.796993 -0.312344 -0.442047 0.840854 0.23805 0.650794 0.720971 0.599121 -0.344134 0.722928 0.692923 0.0598453 0.718524 -0.696026 0.308146 0.648532 -0.34308 0.661681 0.66669 0.399983 0.215727 0.890772 -0.338719 -0.230791 0.912143 0.289853 -0.223538 0.9306 -0.370426 0.188754 0.909482 -0.0119014 -0.101759 0.994738 0.0409882 0.307678 0.950607 0.10271 -0.306266 -0.946389 0.0873429 -0.0853232 -0.992518 0.022456 0.0602669 -0.99793 0.0330946 0.0584113 -0.997744 0.0345949 0.0641857 -0.997338 0.0452547 0.0960268 -0.994349 0.120797 0.084107 -0.989108 -0.0362766 0.0657703 -0.997175 0.025634 -0.00938116 -0.999627 -0.01355 -0.0223525 -0.999658 0.0335505 0.074651 -0.996645 -0.0124679 0.199992 -0.979718 -0.0276338 0.0659349 -0.997441 0.00300915 -0.039047 -0.999233 -0.0606882 -0.0206795 -0.997943 0.0120836 0.0181291 -0.999763 -0.0224755 -0.0424738 -0.998845 0.00088555 0.0251915 -0.999682 -0.00462969 0.0334124 -0.999431 0.192668 0.0727018 -0.978567 0.133818 0.0185514 -0.990832 0.00740831 0.050222 -0.998711 0.0425965 0.0372869 -0.998396 0.0274103 -0.0157312 -0.999501 0.0839983 0.0372111 -0.995771 0.103811 -0.0380457 -0.993869 0.122444 0.0864799 -0.988701 -0.0297174 -0.0191633 -0.999375 0.0116097 0.0137448 -0.999838 -0.00781552 -0.0186574 -0.999795 0.0295488 0.00210947 -0.999561 -0.0222052 -0.0207756 -0.999538 0.00659474 -0.0349495 -0.999367 0.077377 0.108396 -0.991092 -0.0223274 -0.00607475 -0.999732 -0.00691839 -0.0652115 -0.997847 -0.0341857 -0.0246185 -0.999112 -0.0375465 0.0407137 -0.998465 0.0639015 0.0918927 -0.993716 -0.0136951 -0.0142242 -0.999805 -0.013462 0.100735 -0.994822 -0.0189084 0.0266181 -0.999467 -0.0185821 -0.00779428 -0.999797 0.0133374 -0.0639966 -0.997861 -0.0281624 -0.0212243 -0.999378 -0.0211623 -0.0109992 -0.999716 -0.034502 -0.0376222 -0.998696 0.0703666 -0.1018 -0.992313 -0.00161849 -0.0382414 -0.999267 0.0282896 -0.0735561 -0.99689 0.0397927 -0.0962236 -0.994564 -0.00409037 0.0479126 -0.998843 0.0272568 -0.0124376 -0.999551 0.0560761 -0.0330311 -0.99788 -0.0405786 0.158067 -0.986594 -0.153172 0.136517 -0.978725 0.013253 0.150555 -0.988513 0.0629184 0.119574 -0.99083 0.00929851 0.109462 -0.993948 0.0321113 0.184806 -0.98225 0.148667 -0.115539 -0.982115 0.141387 -0.0324986 -0.989421 0.0744889 -0.633568 -0.770093 0.0583992 -0.994975 0.0813252 -0.128064 -0.989252 0.0705746 -0.0371913 0.0289841 -0.998888 0.0801731 0.0364291 -0.996115 -0.0234567 -0.295202 -0.955147 0.0870513 0.0771602 -0.993211 0.162332 -0.951866 -0.26 0.0744735 0.0191351 -0.997039 0.137631 0.0909308 -0.986301 0.0393555 0.0718559 -0.996638 0.11211 0.0718602 -0.991094 0.0864444 0.0374195 -0.995554 0.0448421 0.00792706 -0.998963 0.0445731 0.00327207 -0.999001 -0.0723233 -0.0842929 -0.993813 0.0760788 -0.00873497 -0.997064 0.0282438 -0.0296869 -0.99916 -0.00761384 -0.258933 -0.965865 0.0742588 0.0164476 -0.997103 0.0748602 0.00643948 -0.997173 -0.0365485 -0.0786929 -0.996229 -0.00784203 -0.002369 -0.999966 0.0836989 -0.00557832 -0.996476 -0.0433947 -0.0337461 -0.998488 0.0907686 -0.0165185 -0.995735 -0.0195817 0.0422664 -0.998914 0.0718224 0.00937601 -0.997373 0.088093 0.0256193 -0.995783 0.0309833 0.0654859 -0.997372 0.10289 -0.0287217 -0.994278 0.0154881 0.215054 -0.976479 0.135877 0.00963746 -0.990679 0.129618 -0.00136423 -0.991563 0.0852511 -0.0311255 -0.995873 -0.00671303 0.05212 -0.998618 -0.00870594 -0.0165407 -0.999825 -0.0137699 0.0166007 -0.999767 0.0164687 -0.0179303 -0.999704 -0.0142542 0.00636814 -0.999878 -0.0113185 0.0383724 -0.999199 -0.0381933 0.0352996 -0.998647 0.0472217 0.0672968 -0.996615 -0.00725762 0.00757771 -0.999945 0.0181077 -0.00611789 -0.999817 0.0594564 0.0399983 -0.997429 0.0935316 -0.0181998 -0.99545 0.0263245 -0.00173137 -0.999652 0.0420039 0.0210942 -0.998895 0.0528674 -0.0521588 -0.997238 -0.026511 -0.0343902 -0.999057 -0.0552144 -0.00078866 -0.998474 -0.0264353 -0.0664865 -0.997437 0.106328 -0.0513289 -0.993005 0.118418 -0.0108389 -0.992905 0.123202 0.0137045 -0.992287 0.135091 0.0246981 -0.990525 -0.0703651 0.0695059 -0.995097 0.190477 -0.0690542 -0.97926 0.000460654 0.0939531 -0.995577 0.09562 -0.0299006 -0.994969 0.106383 0.00324741 -0.99432 0.226453 -0.0814553 -0.97061 0.104 -0.0907548 -0.990428 0.0717971 -0.0197717 -0.997223 0.106745 -0.083597 -0.990766 0.0335618 -0.0470846 -0.998327 0.0340077 -0.0436228 -0.998469 -0.0424277 0.0080371 -0.999067 0.00442789 0.00223814 -0.999988 -0.00462276 0.082124 -0.996611 -0.0426922 0.00604097 -0.99907 0.0199162 0.00296028 -0.999797 0.0463106 0.00246422 -0.998924 0.0233376 -0.00165559 -0.999726 0.0535542 -0.0199367 -0.998366 0.0610443 -0.0188657 -0.997957 0.0612603 -0.00977033 -0.998074 0.126306 0.0680197 -0.989657 0.0753789 -0.0285298 -0.996747 0.0885935 -0.0225586 -0.995812 0.0589974 -0.00317649 -0.998253 -0.0406804 0.0767207 -0.996222 0.122226 0.00633539 -0.992482 -0.0661866 0.0836578 -0.994294 0.0860315 0.0242185 -0.995998 0.0629791 0.0169716 -0.997871 0.0200355 0.00184474 -0.999798 0.00522107 0.0733713 -0.997291 -0.00275799 -0.050474 -0.998722 -0.0680865 -0.0427143 -0.996765 -0.0281317 -0.0961362 -0.994971 0.162807 0.0422328 -0.985754 0.000231758 -0.028058 -0.999606 0.025093 -0.0650799 -0.997564 0.151583 0.0426175 -0.987525 -0.0471432 -0.134606 -0.989777 0.00197349 -0.0562507 -0.998415 0.0190391 -0.113538 -0.993351 0.122447 0.0182996 -0.992306 0.0960236 -0.0338345 -0.994804 0.0805362 -0.173387 -0.981555 0.118316 -0.134284 -0.983854 0.0175215 -0.0962853 -0.9952 0.144751 0.0861302 -0.985712 -0.00805393 -0.0904933 -0.995865 0.0159362 -0.0308198 -0.999398 0.11923 0.0574969 -0.9912 0.0221701 0.0354223 -0.999126 0.0653511 0.0353863 -0.997235 0.0342084 -0.062182 -0.997478 0.0183523 0.0815802 -0.996498 -0.0241986 0.049046 -0.998503 0.0323366 -0.0786305 -0.996379 0.0146537 -0.0702932 -0.997419 -0.0069273 -0.0914673 -0.995784 0.00279315 0.0239835 -0.999708 0.0163327 0.00852945 -0.99983 0.0217226 -0.0326802 -0.99923 -0.0344571 0.00759532 -0.999377 0.0626242 0.053836 -0.996584 0.105358 0.00544897 -0.994419 0.0557035 0.00701875 -0.998423 0.0824833 -0.0341068 -0.996009 -0.00602179 -0.0435609 -0.999033 0.0778104 0.0105004 -0.996913 0.0509869 0.0202466 -0.998494 0.101661 -0.0242374 -0.994524 0.0231817 -0.0296008 -0.999293 -0.00335366 -0.0171902 -0.999847 0.0599454 -0.0242563 -0.997907 0.0746556 0.040856 -0.996372 0.0790681 -0.0046788 -0.996858 -0.0304247 -0.00537011 -0.999523 -0.024406 0.011378 -0.999637 -0.0166432 0.00365955 -0.999855 0.088217 0.00938452 -0.996057 0.0125594 -0.0283244 -0.99952 0.0365467 0.0236959 -0.999051 0.0342763 0.038508 -0.99867 0.0616159 -0.0956516 -0.993506 0.097469 0.0306164 -0.994768 -0.015488 -0.0154306 -0.999761 -0.0436655 0.0794668 -0.995881 0.0186783 0.0554451 -0.998287 0.0313788 -0.0687485 -0.99714 0.113546 -0.00191948 -0.993531 -0.0141263 -0.0149376 -0.999789 0.0830147 -0.0239216 -0.996261 0.0971984 -0.0324924 -0.994735 0.0975104 -0.0259545 -0.994896 0.0973641 -0.0280797 -0.994853 0.0248389 -0.0122153 -0.999617 0.0979186 0.0177043 -0.995037 0.0246793 -0.0272191 -0.999325 0.0384376 -0.044246 -0.998281 -0.0097902 -0.00563076 -0.999936 -0.0306121 0.0446409 -0.998534 0.0689677 0.0396989 -0.996829 -0.0323481 0.00445863 -0.999467 -0.0687539 0.0340315 -0.997053 0.0997749 0.0424461 -0.994104 -0.107179 0.0113711 -0.994175 -0.0596473 0.0754215 -0.995366 -0.0261646 0.0137043 -0.999564 -0.0255599 0.0464067 -0.998596 -0.0481247 -0.0179762 -0.99868 -0.129368 0.0117603 -0.991527 0.00943869 0.0468949 -0.998855 0.0171089 0.00505591 -0.999841 0.0161306 -0.031334 -0.999379 0.0528503 0.0580681 -0.996913 -0.0668801 -0.00900569 -0.99772 -0.128772 0.0433595 -0.990726 -0.100715 0.0418799 -0.994033 0.132064 -0.00291751 -0.991237 -0.142899 -0.0945266 -0.985213 -0.0902566 0.0369351 -0.995233 -0.11604 -0.0421833 -0.992348 0.0305205 -0.0256088 -0.999206 0.0106605 -0.039674 -0.999156 -0.0191791 -0.000783192 -0.999816 0.0297356 -0.0208529 -0.99934 0.129198 0.0414793 -0.990751 0.0522864 -0.00213753 -0.99863 0.0892846 -0.050662 -0.994717 0.0196906 -0.0531241 -0.998394 0.0630035 -0.10059 -0.992931 0.0910641 -0.100315 -0.99078 0.101358 -0.118397 -0.98778 -0.000686663 0.0434088 -0.999057 0.0207833 -0.00827142 -0.99975 0.0890325 0.0699444 -0.99357 -0.0395522 0.0136697 -0.999124 -0.0201439 -0.0624292 -0.997846 -0.0485225 -0.0720681 -0.996219 -0.0911087 0.0037591 -0.995834 -0.0986544 -0.0134657 -0.995031 0.00678528 0.0115632 -0.99991 0.00426446 0.00747537 -0.999963 0.103508 0.0619806 -0.992696 0.0204588 0.00716644 -0.999765 -0.0148256 0.00585274 -0.999873 0.112552 0.0082034 -0.993612 -0.0482415 0.0293961 -0.998403 -0.0132104 -0.0203423 -0.999706 0.0771913 -0.0482821 -0.995847 0.0613754 -0.0275841 -0.997734 0.0813813 -0.957948 0.275159 -0.0810154 -0.93233 0.352416 0.037182 -0.0390396 -0.998546 0.0390033 -0.11217 -0.992923 0.0475135 -0.0496745 -0.997635 0.0884433 0.0805695 -0.992817 0.147624 0.0622151 -0.987085 0.0935383 0.140134 -0.985704 0.145303 0.0760379 -0.986461 0.106442 0.0838708 -0.990775 -0.0349814 -0.0197246 -0.999193 -0.0276643 0.014041 -0.999519 -0.00830165 -0.0146806 -0.999858 0.0466946 -0.0207232 -0.998694 -0.0332895 -0.00888533 -0.999406 -0.0536365 -0.0719052 -0.995968 0.077384 -0.0304526 -0.996536 0.0686886 -0.0181977 -0.997472 0.0969978 0.0137675 -0.995189 0.0775269 0.0107136 -0.996933 0.0176681 -0.0242717 -0.999549 -0.00613337 -0.0232914 -0.99971 -0.0299432 -0.0675251 -0.997268 -0.056449 -0.0360684 -0.997754 0.0764357 0.0064728 -0.997054 0.0675627 -0.067595 -0.995423 -0.0235913 -0.0397731 -0.99893 0.113245 -0.0799623 -0.990344 -0.0540654 -0.0464302 -0.997457 -0.00186826 0.00489875 -0.999986 -0.00343708 -0.0454763 -0.99896 0.052627 -0.0300602 -0.998162 -0.00543457 -0.0454502 -0.998952 0.0546945 -0.00632351 -0.998483 -0.00444175 -0.101448 -0.994831 0.0266401 0.0466348 -0.998557 0.0419795 -0.171062 -0.984366 0.0610191 -0.0824867 -0.994722 0.00958533 -0.0553593 -0.99842 0.0557715 -0.0591202 -0.996692 0.0738546 -0.0217743 -0.997031 0.0577634 -0.00481594 -0.998319 -0.00869445 -0.0183242 -0.999794 -0.00713608 -0.070094 -0.997515 0.0195261 0.0361566 -0.999155 0.050179 -0.0713166 -0.996191 0.113673 0.0269045 -0.993154 -0.0429143 0.0268175 -0.998719 0.0588585 -0.0309126 -0.997788 0.0976986 0.0036126 -0.99521 0.050684 -0.0147067 -0.998606 0.15238 0.0903365 -0.984185 0.109512 -0.0566163 -0.992372 0.0949984 0.0265361 -0.995124 0.0200232 -0.00151894 -0.999798 0.156662 0.04135 -0.986786 0.0534335 -0.0390173 -0.997809 0.00223981 -0.0141758 -0.999897 0.0719991 0.13819 -0.987785 0.0507348 -0.224067 -0.973252 0.0503306 -0.122036 -0.991249 0.00340778 -0.00584607 -0.999977 0.0444271 -0.0346713 -0.998411 -0.0104957 -0.0314429 -0.99945 -0.00698913 -0.00485203 -0.999964 -0.0268166 -0.0263463 -0.999293 -0.013647 -0.0507824 -0.998617 -0.0183302 0.0600554 -0.998027 0.0384743 0.0800181 -0.996051 0.0446472 0.0824399 -0.995595 0.0133278 0.00782677 -0.999881 0.0626602 -0.0298074 -0.99759 0.127317 0.0241139 -0.991569 0.152496 -0.10737 -0.982454 0.0154581 0.00568825 -0.999864 0.0134789 -0.0657614 -0.997744 0.0624003 -0.0690727 -0.995658 0.102568 -0.0112055 -0.994663 -0.00160065 0.0109992 -0.999938 -0.0597478 0.0235001 -0.997937 -0.0475016 0.0682207 -0.996539 0.201275 0.0326751 -0.97899 0.173601 0.00678891 -0.984793 0.0687186 -0.0366228 -0.996964 0.0931965 0.00157301 -0.995647 0.0884558 0.00351965 -0.996074 0.131274 -0.016257 -0.991213 0.0602548 -0.137809 -0.988624 0.0753083 -0.0196934 -0.996966 0.0238694 -0.0121395 -0.999641 0.100493 0.00531332 -0.994924 0.0699548 0.00214711 -0.997548 -0.0259812 -0.123619 -0.99199 0.0117979 -0.00518792 -0.999917 0.142301 0.00634932 -0.989803 0.0250952 0.0426648 -0.998774 0.120501 0.0131263 -0.992626 -0.0188926 0.0153778 -0.999703 0.0972829 0.0133898 -0.995167 0.0242592 0.0107952 -0.999647 -0.00309616 -0.0462787 -0.998924 0.0945765 -0.0719086 -0.992917 -0.0346874 -0.00505554 -0.999385 -0.0393883 -0.0234011 -0.99895 -0.0728332 0.0232789 -0.997072 0.002137 -0.00183834 -0.999996 0.0751304 -0.0970129 -0.992443 -0.0314498 0.00306893 -0.999501 -0.0326145 -0.0401895 -0.99866 0.074107 -0.00709898 -0.997225 0.100299 -0.0154863 -0.994837 -0.00503865 -0.109584 -0.993965 0.01357 -0.0667216 -0.997679 -0.00531081 -0.0258489 -0.999652 0.0402056 -0.0603869 -0.997365 0.145522 -0.0774905 -0.986316 -0.0370911 -0.0471546 -0.998199 0.0905424 0.000856442 -0.995892 0.0431646 -0.00724873 -0.999042 0.0591001 -0.0061607 -0.998233 -0.0936866 0.0789949 -0.992463 0.0547334 -0.113057 -0.99208 0.0652355 -0.00939719 -0.997826 0.106493 0.0163887 -0.994178 0.0377074 -0.00860817 -0.999252 -0.0450025 0.0673631 -0.996713 0.102716 -0.00890851 -0.994671 0.0885087 0.0397722 -0.995281 0.0536651 -0.011076 -0.998498 0.0629662 -0.0395834 -0.99723 0.136066 0.0370982 -0.990005 -0.0260625 -0.00304572 -0.999656 0.240791 -0.159407 -0.957397 -0.0250089 -0.0808337 -0.996414 -0.0912237 -0.0243892 -0.995532 0.0382361 0.0527807 -0.997874 0.0888906 -0.071426 -0.993477 -0.110208 -0.0508039 -0.992609 0.0633077 0.0152719 -0.997877 -0.0758928 -0.00795447 -0.997084 0.00940357 0.00869042 -0.999918 -0.0520376 0.0196282 -0.998452 -0.00092547 0.0185081 -0.999828 0.0677509 0.0375206 -0.996997 0.0197282 0.0193635 -0.999618 0.039365 0.0210878 -0.999002 0.0452764 -0.0607587 -0.997125 0.0369622 -0.094282 -0.994859 0.046155 0.0309009 -0.998456 -0.00190348 0.0144134 -0.999894 -0.000401121 0.0232456 -0.99973 0.0271775 0.000808257 -0.99963 0.0691446 0.0119115 -0.997536 -0.00376232 -0.00705768 -0.999968 -0.00473237 0.00010833 -0.999989 0.0482944 0.0270023 -0.998468 -0.0163618 0.0574872 -0.998212 0.0688487 -0.00122651 -0.997626 0.569677 -0.208293 -0.795036 0.175614 -0.0433591 -0.983504 0.692001 -0.102169 -0.71463 0.0103012 0.0608832 -0.998092 0.0223291 0.0678489 -0.997446 0.0860549 -0.0215678 -0.996057 0.769042 -0.0408935 -0.637889 -0.0341663 -0.00634472 -0.999396 0.681819 -0.134295 -0.719088 0.0580058 -0.00578471 -0.998299 -0.0476609 -0.0265605 -0.99851 0.00932544 0.00823004 -0.999923 -0.0106547 -0.015024 -0.99983 -0.0106043 0.0162204 -0.999812 0.0178441 0.018364 -0.999672 -0.0340032 0.0921042 -0.995169 0.0573174 -0.0220698 -0.998112 -0.0153744 -0.0424987 -0.998978 -0.00976697 0.039368 -0.999177 0.0627507 -0.0228823 -0.997767 -0.0753802 0.0421323 -0.996264 0.0225008 -0.00452693 -0.999737 0.0669573 0.00267317 -0.997752 -0.0111356 -0.048855 -0.998744 0.0658393 -0.0500434 -0.996575 -0.0185098 -0.0182676 -0.999662 0.190602 -0.0979692 -0.976767 0.214678 -0.0754796 -0.973764 0.00229908 -0.0230099 -0.999733 -0.0504794 -0.0484104 -0.997551 0.145133 0.0124644 -0.989334 -0.0106707 -0.0226653 -0.999686 0.276219 -0.013619 -0.960998 0.126074 -0.12975 -0.983499 0.0262934 -0.106422 -0.993973 0.0696047 0.13334 -0.988623 0.0614737 0.122628 -0.990547 0.0834046 0.0442116 -0.995535 -0.0140486 -0.0804169 -0.996662 0.112732 -0.188939 -0.975497 -0.0523836 -0.0807096 -0.99536 0.0834239 -0.0103423 -0.99646 0.313642 -0.001551 -0.94954 0.239502 -0.158346 -0.957896 -0.0688491 -0.141073 -0.987602 0.61039 0.0154288 -0.791951 0.576787 0.0518609 -0.815247 -0.029444 -0.144244 -0.989104 0.0994636 -0.121553 -0.987589 -0.0410328 -0.0675542 -0.996871 -0.00723183 -0.0125222 -0.999895 0.798998 -0.110107 -0.591168 0.687892 0.0952433 -0.719537 0.415432 -0.0538322 -0.90803 0.077447 -0.0722612 -0.994374 0.185834 0.130496 -0.973877 0.751972 -0.334365 -0.5681 0.0748247 -0.0050956 -0.997184 -0.0671602 -0.00250906 -0.997739 0.0535787 0.144365 -0.988073 0.0996389 0.0311888 -0.994535 0.103524 -0.134425 -0.985501 0.942618 -0.143593 -0.301417 0.44279 0.0164884 -0.896474 0.975202 -0.0606888 -0.212834 -0.0248564 0.00594259 -0.999673 0.979024 -0.126385 -0.159808 -0.0626405 0.00617969 -0.998017 0.126482 0.147974 -0.98087 0.205904 0.109913 -0.97238 0.0389659 0.144672 -0.988712 -0.0178542 -0.0245423 -0.999539 -0.0431704 0.0385601 -0.998323 0.00135993 -0.00484361 -0.999987 0.00173552 -0.00746616 -0.999971 0.0320197 0.00881898 -0.999448 -0.0453924 0.050626 -0.997686 0.0702732 -0.0203387 -0.99732 -0.102948 -0.0328011 -0.994146 0.192603 -0.0364571 -0.980599 0.0377552 -0.0494842 -0.998061 0.0504597 -0.0518217 -0.997381 0.16956 -0.119965 -0.978191 0.107898 -0.0883879 -0.990225 0.563232 -0.143696 -0.813708 0.250553 -0.0222477 -0.967847 0.740857 -0.168385 -0.650214 0.710562 0.0414827 -0.70241 0.364773 0.0671294 -0.928673 0.165722 -0.0416202 -0.985294 0.200839 -0.132628 -0.970605 0.0870174 -0.074707 -0.993402 -0.0245313 0.00122075 -0.999698 0.0274026 0.0358195 -0.998983 0.0184903 0.0573077 -0.998185 0.0696451 0.00771126 -0.997542 0.0346477 0.00636745 -0.999379 0.293092 -0.0834944 -0.952431 0.706134 -0.137424 -0.694615 0.640146 -0.240157 -0.729752 0.903815 0.0813294 -0.420123 0.913796 -0.0063576 -0.406123 0.475863 -0.0453446 -0.87835 0.901476 -0.192808 -0.387513 0.918178 -0.29199 -0.267752 0.99369 0.0539341 -0.0983406 0.278401 -0.115501 -0.953495 0.988241 -0.131846 -0.0774368 0.740571 -0.137923 -0.657671 0.762317 -0.227734 -0.605813 0.713653 -0.0021717 -0.700496 0.0407875 0.00834931 -0.999133 0.000141423 -0.0407587 -0.999169 0.0220283 0.0447967 -0.998753 0.92152 -0.148467 -0.358829 0.839686 0.0920257 -0.535219 0.925325 0.159465 -0.344013 0.788597 0.0766285 -0.610117 0.955297 -0.0856993 -0.282956 0.785501 -0.0504725 -0.616798 0.765748 -0.16994 -0.620282 0.899373 -0.151533 -0.41008 0.952241 0.0122137 -0.305105 0.819921 0.0273429 -0.571823 0.962159 0.0240269 -0.271429 0.877628 -0.0190687 -0.478963 0.86957 -0.103369 -0.48287 0.949542 -0.167434 -0.26521 0.922303 -0.00950395 -0.38635 0.95342 0.0712406 -0.293111 0.870357 -0.17163 -0.461543 0.974665 -0.0814864 -0.208299 0.988236 0.0861757 -0.12635 0.884689 0.0448758 -0.464017 0.907344 -0.153075 -0.391529 0.846564 0.0146942 -0.532085 0.958428 -0.058096 -0.279357 0.99547 -0.0942783 -0.0122778 0.983297 0.0195466 -0.180956 0.987152 0.00703225 0.159629 0.830999 -0.175669 -0.527808 0.995304 -0.0334306 -0.0908379 0.822319 -0.0235888 -0.568537 0.961065 0.14866 -0.232925 0.87176 -0.0749625 0.484165 0.991472 0.0473376 0.121415 0.967451 -0.0213114 -0.25216 0.975011 -0.173055 -0.139303 0.958202 -0.279811 -0.0596282 0.961908 -0.145177 0.23164 0.727999 -0.338614 0.596119 0.932018 -0.125121 -0.340127 0.995528 -0.092094 -0.0210462 0.992724 -0.100037 -0.0670135 0.961912 -0.00984593 -0.273183 0.99736 -0.010612 0.0718403 0.988683 -0.0395419 0.144718 0.990959 0.0325248 0.130162 0.636462 -0.114649 0.76274 0.953013 -0.0231015 0.302048 0.901508 0.009361 0.43266 0.825387 -0.149362 0.544451 0.909379 0.00265586 0.41596 0.851636 0.120962 0.509984 0.793855 0.00179484 0.608104 0.650288 0.0174587 0.759488 0.737302 0.00812374 0.675515 0.747848 0.0364027 0.662872 0.653638 -0.0361027 0.755946 0.655915 -0.0917718 0.749235 0.44158 -0.0383911 0.8964 0.429265 0.00625124 0.903157 0.723963 0.0132384 0.689711 0.576001 0.129434 0.807137 0.305152 7.33216e-05 0.952304 0.370597 0.20582 0.905702 0.0845347 0.0438447 0.995455 0.209964 -0.0481197 0.976524 0.903297 0.0533511 0.425685 0.873145 0.115232 0.473645 0.726929 0.0247473 0.686267 0.610428 0.123052 0.782455 0.452462 -0.00656761 0.89176 0.465527 0.0661411 0.882559 0.455078 0.10422 0.884331 0.551792 0.171821 0.81609 0.432939 0.0183463 0.901236 0.478747 0.210803 0.852269 0.533449 0.0336824 0.845161 0.30927 0.0495579 0.949682 0.567317 -0.125383 0.813898 0.775779 -0.287883 0.561508 0.566817 0.409069 0.715109 0.689374 0.598703 0.407821 0.967368 -0.180693 0.177623 0.930026 0.349018 0.115053 0.896353 0.119208 0.427014 0.859832 0.170506 0.481265 0.825836 0.188293 0.531545 0.843288 0.158608 0.513525 0.863573 -0.250361 0.437676 0.791133 0.241009 0.562159 0.887522 -0.338013 0.313132 0.799358 0.223206 0.557858 0.817765 0.284881 0.500103 0.732879 0.632043 -0.251815 0.648866 0.758784 0.0567497 0.882277 -0.294719 0.367053 0.993971 -0.0791906 0.0758279 0.961755 0.228942 -0.150379 0.813629 0.152684 0.560977 0.727933 0.198679 0.656232 0.867655 -0.372445 0.329334 0.552103 0.763998 -0.3339 0.980895 0.131702 0.143179 0.810973 0.552761 -0.191776 0.776069 0.232059 0.586401 0.763587 -0.182285 0.619441 0.758947 -0.235659 0.607012 0.726684 -0.238299 0.644316 0.706946 -0.226808 0.669914 0.820548 -0.153206 0.550663 0.610557 0.76276 -0.213113 0.696935 0.19604 0.689819 0.61993 0.20569 0.757218 0.553561 0.037667 0.831956 0.556684 -0.0666634 0.828045 0.541503 -0.243064 0.804794 0.731639 -0.197336 0.652505 0.825891 0.0535111 0.561285 0.872358 0.407938 0.269404 0.459492 -0.167121 0.872317 0.475738 -0.151627 0.866419 0.638517 0.730099 0.243414 0.436524 0.186069 0.880241 0.486207 0.170301 0.857088 0.415759 -0.289227 0.86226 0.585729 -0.160355 0.794486 0.614691 -0.193937 0.764554 0.539259 -0.172598 0.824263 0.594964 0.090935 0.798592 0.589736 0.325335 0.739168 0.283655 0.147569 0.947504 0.241254 -0.0708237 0.967874 0.530552 -0.103257 0.84134 0.602737 -0.174039 0.778729 0.555275 0.0614709 0.829392 0.467469 -0.140849 0.872717 0.443031 -0.19754 0.874472 0.16695 -0.516668 0.839751 0.367976 -0.493441 0.788106 0.605588 -0.228965 0.762128 0.674144 -0.143705 0.724485 0.430425 -0.288904 0.855143 0.469892 -0.230205 0.852178 -0.358896 -0.4405 0.822893 -0.538987 -0.247583 0.805106 -0.78847 -0.519108 0.329913 0.0966525 0.0968197 0.990598 0.0522509 -0.273427 0.960473 -0.114146 -0.658817 0.743594 0.141536 -0.534739 0.83308 -0.193982 -0.143824 0.970405 -0.349285 0.0522191 0.93556 0.284299 -0.452157 0.845416 0.671891 0.0875281 0.73546 0.532553 0.000968274 0.846396 -0.0213088 -0.464087 0.885533 0.48946 0.437473 0.754351 0.0182946 -0.424298 0.905338 -0.402369 -0.0311474 0.914947 -0.205978 -0.233005 0.950411 -0.542654 -0.149867 0.826478 -0.342366 -0.536637 0.771237 0.00627257 -0.498697 0.866754 0.383871 -0.391647 0.836215 0.498458 -0.260464 0.826861 0.74586 0.0946834 0.659339 0.560264 -0.202532 0.803172 -0.384312 -0.247682 0.889358 -0.0740819 -0.517432 0.852512 -0.40484 0.136252 0.904179 0.51966 0.0480317 0.853022 0.604491 0.0620859 0.794189 0.180375 -0.074163 0.980798 0.157771 0.128536 -0.979074 0.0607518 0.0832497 -0.994675 0.195709 0.0889676 -0.976618 0.129852 0.100339 -0.986443 0.0637942 0.118806 -0.990866 0.244897 -0.0308498 -0.969058 0.259462 0.0477973 -0.96457 0.278075 -0.0207876 -0.960335 0.334228 0.0913778 -0.938052 0.0490814 0.0542837 -0.997319 0.0438538 0.0790398 -0.995906 0.0574681 0.0380337 -0.997623 0.0514084 0.0469606 -0.997573 0.0432407 0.109494 -0.993047 0.120114 0.0781876 -0.989676 0.0904937 0.106264 -0.990211 0.0856467 0.0875744 -0.992469 0.107479 0.110428 -0.988056 0.139218 0.0799106 -0.987032 0.0539657 0.0690288 -0.996154 0.21535 0.0877978 -0.972582 0.0529379 0.0203114 -0.998391 0.0305212 0.0277933 -0.999148 0.0548362 0.0523009 -0.997125 0.0559159 0.0303493 -0.997974 0.079569 0.0292134 -0.996401 -0.117519 -0.395357 -0.910979 0.139379 -0.332875 -0.932613 0.545447 0.0137227 -0.838033 -0.110788 -0.273132 -0.955576 -0.378009 0.351865 -0.85633 0.170336 0.337151 -0.925913 -0.122401 0.772994 -0.622494 0.0381732 -0.0130192 -0.999186 0.0475926 0.000273764 -0.998867 0.0567504 0.0148468 -0.998278 0.40504 0.584255 -0.70327 0.0072295 0.00721008 -0.999948 -0.0686411 0.0496268 -0.996406 -0.0790114 0.05348 -0.995438 0.0181903 0.0835078 -0.996341 -0.0174628 0.0640818 -0.997792 0.0796967 0.0619004 -0.994895 0.0635662 0.0457825 -0.996927 0.0919985 0.0583902 -0.994046 0.077073 0.0411976 -0.996174 0.0150793 0.133047 -0.990995 0.0475893 0.081343 -0.995549 0.0292701 0.0678783 -0.997264 0.0695652 0.0855605 -0.993901 -0.0383347 0.0877425 -0.995405 -0.0646946 0.039424 -0.997126 0.111707 0.00201182 -0.993739 0.0756293 0.0652027 -0.995002 0.0972832 0.0307102 -0.994783 0.210132 0.0491511 -0.976437 0.0932326 0.0282693 -0.995243 0.0650775 0.0485276 -0.9967 0.101179 0.0790486 -0.991723 0.0620768 0.0263265 -0.997724 -0.014112 0.0802438 -0.996675 0.127571 -0.00758391 -0.9918 0.104388 -0.000370362 -0.994537 0.0350589 0.0193673 -0.999198 0.0456784 0.0376158 -0.998248 -0.12456 0.172071 -0.977178 -0.327877 0.398015 -0.856785 -0.0160901 -0.135138 -0.990696 -0.0364594 -0.0962703 -0.994687 0.0291166 -0.144336 -0.9891 -0.0298849 -0.0848078 -0.995949 -0.400182 0.702988 -0.587931 0.000741047 0.288586 -0.957454 0.0109214 0.849325 -0.527757 0.0556269 0.639643 -0.766656 0.101341 0.29985 -0.948588 0.0394429 0.0527041 -0.997831 -0.0352523 0.0806388 -0.99612 0.0286725 0.0831252 -0.996127 0.0409352 0.0119996 -0.99909 0.0311757 0.037041 -0.998827 0.0313329 -0.00467504 -0.999498 -0.218063 0.0615698 -0.973991 -0.256386 -0.064684 -0.964408 0.0302336 -0.21471 -0.97621 0.00101327 -0.334184 -0.942507 0.261492 0.239428 -0.935038 0.284925 0.713994 -0.639555 -0.320597 -0.215851 -0.922294 0.0477642 -0.148436 -0.987768 -0.0694568 0.0676061 -0.995292 0.0305686 0.412069 -0.91064 0.0472271 -0.0692863 -0.996478 0.00297355 0.129861 -0.991528 -0.163511 0.580571 -0.797622 0.0387438 -0.0879811 -0.995368 0.0459904 0.00494227 -0.99893 0.179179 0.893737 -0.411254 -0.0632122 0.600289 -0.797281 0.0212362 0.587648 -0.808838 0.037991 0.623989 -0.780509 0.0331354 0.110231 -0.993354 0.0387293 0.0303314 -0.998789 0.0462393 0.0172672 -0.998781 0.107439 0.0125717 -0.994132 0.147159 0.149916 -0.977686 0.0997594 0.0690312 -0.992614 0.0685198 -0.000324571 -0.99765 0.0177414 0.0395211 -0.999061 0.0662687 0.526098 -0.847838 0.0420084 0.957048 -0.286872 0.0622862 0.796001 -0.602083 0.0673243 0.089335 -0.993724 0.0876828 0.197229 -0.976428 0.0773489 0.707014 -0.702957 0.0715955 0.0105051 -0.997378 0.0431159 0.100867 -0.993965 0.00145682 0.0581968 -0.998304 -0.0422593 0.268059 -0.962475 0.00121503 0.0277719 -0.999614 0.0900009 0.0364972 -0.995273 0.0894732 -0.00648492 -0.995968 0.0533921 0.0835825 -0.99507 0.0985247 0.0510262 -0.993826 0.0134113 -0.0132964 -0.999822 0.0164092 0.0337426 -0.999296 0.0707878 -0.00296818 -0.997487 0.0489763 0.0188842 -0.998621 -0.0167361 0.0517692 -0.998519 0.012764 0.0304132 -0.999456 0.0641023 0.0699017 -0.995492 0.0421218 -0.00877839 -0.999074 -0.0147237 0.0449182 -0.998882 -0.0621642 0.625001 -0.778145 -0.299154 0.878322 -0.372905 0.0259498 -0.0109285 -0.999604 0.0446023 -0.0511816 -0.997693 0.0518699 0.0324034 -0.998128 0.122883 -0.01945 -0.992231 0.0456726 0.00449732 -0.998946 -0.0178221 0.0363791 -0.999179 0.172489 0.0335968 -0.984438 0.00678058 0.045706 -0.998932 -0.491195 0.855426 -0.164239 0.0653249 0.00929316 -0.997821 -0.083985 0.994051 -0.0693462 0.102907 0.990633 -0.0897523 -0.0705712 0.111351 -0.991272 -0.0220495 0.0228413 -0.999496 -0.0192885 0.0106341 -0.999757 0.0410524 -0.0559201 -0.997591 0.102473 0.154454 -0.982671 0.183508 -0.0837314 -0.979446 0.073728 -0.166411 -0.983296 -0.0354584 -0.0556454 -0.997821 0.00406918 -0.0231938 -0.999723 -0.017953 -0.0586106 -0.998119 -0.0470429 -0.143162 -0.988581 -0.0490697 -0.0564186 -0.997201 -0.06658 0.105044 -0.992236 0.0146865 -0.0718224 -0.997309 0.0562821 0.0161373 -0.998285 0.0873582 0.0337213 -0.995606 0.0595704 0.243212 -0.968142 0.056295 -0.00492203 -0.998402 -0.0364792 -0.159597 -0.986508 -0.0282029 -0.175021 -0.984161 -0.21281 0.386241 -0.897513 0.0967004 -0.19516 -0.975993 -0.128931 -0.0536899 -0.990199 0.0756394 -0.231302 -0.969937 0.0158495 -0.12497 -0.992034 -0.0421883 -0.167654 -0.984943 -0.00779815 0.0354639 -0.999341 0.0282597 -0.163956 -0.986063 0.0304934 -0.135231 -0.990345 0.0398918 0.80466 -0.592394 0.0901226 -0.155089 -0.983781 0.395534 -0.293325 -0.870352 0.654114 -0.0749352 -0.752675 0.271312 0.215257 -0.938112 0.0465034 -0.0718475 -0.996331 0.0304662 0.518046 -0.85481 0.579071 0.740955 -0.340094 0.0271962 0.812946 -0.581704 0.853386 0.326484 -0.406376 0.0452114 -0.0822745 -0.995584 0.176396 0.164836 -0.970419 0.54223 0.51419 -0.664527 0.14008 0.881492 -0.450943 -0.0767435 0.722543 -0.687053 0.0406383 0.780015 -0.62444 0.118886 0.859249 -0.497551 -0.158708 0.931262 -0.327968 0.0406335 0.982469 -0.181944 0.887163 0.455384 -0.074612 0.0192811 0.0529681 -0.99841 0.0684452 -0.0277033 -0.99727 -0.00851171 0.0169657 -0.99982 0.0310332 -0.0666657 -0.997293 0.138617 0.968498 -0.206873 -0.163531 0.934329 -0.316682 -0.188984 0.907635 -0.374812 -0.0911243 0.994 -0.0604955 -0.0415329 0.984166 -0.172316 0.00686728 0.993141 -0.116722 -0.000261853 0.0453249 -0.998972 0.152837 0.0392765 -0.987471 -0.0964688 0.0175432 -0.995181 0.244374 0.0186665 -0.969501 -0.020609 0.0607013 -0.997943 0.0220148 0.0975308 -0.994989 0.0887527 0.0160325 -0.995925 0.0581071 0.992101 0.111167 0.0763459 0.996873 -0.0203803 -0.0939123 0.995564 -0.00576163 0.866437 -0.0676213 -0.494687 0.838969 -0.0379298 -0.542856 0.81528 -0.0117333 -0.578948 0.539722 -0.0222473 -0.841549 -0.0745661 0.994312 0.07605 0.000345773 0.987114 0.160017 0.0352295 0.994345 0.100186 0.0478788 0.998293 -0.0334556 0.238648 0.0198303 -0.970904 0.180242 -0.114322 -0.976956 -0.06105 0.997652 0.0310391 -0.0474844 0.887369 -0.458608 -0.080843 -0.138762 -0.98702 0.0639656 -0.0615665 -0.996051 -0.0426557 -0.0649146 -0.996979 -0.077049 -0.106795 -0.991291 0.0437243 -0.129253 -0.990647 0.580944 -0.0158481 -0.813789 0.179944 -0.0987453 -0.978708 0.123263 -0.0949319 -0.987823 0.267668 -0.0878501 -0.959498 0.735184 -0.0354598 -0.676939 0.84835 0.0531328 -0.526763 0.406851 -0.081095 -0.909888 0.695593 0.712483 -0.0923007 0.909664 -0.00126033 -0.415344 0.954566 0.274112 -0.116901 0.0451316 0.998538 -0.0297544 0.059022 0.99301 0.102216 -0.135855 0.990013 0.0376614 -0.134045 0.989724 0.0497877 0.486257 0.838606 0.245549 0.0217957 0.0646179 -0.997672 0.039268 0.0412942 -0.998375 0.0930044 -0.0732122 -0.99297 0.0451828 0.0907265 -0.99485 0.0507123 0.00322503 -0.998708 0.0497981 -0.0160198 -0.998631 -0.0249367 0.0423456 -0.998792 0.118901 -0.0471107 -0.991788 0.126959 0.120939 -0.984508 0.127207 0.0663044 -0.989658 0.0330989 0.0639015 -0.997407 -0.106773 -0.0232284 -0.994012 0.22066 0.0360935 -0.974683 -0.0689414 -0.0253886 -0.997298 0.486431 -0.0636485 -0.871398 -0.0581421 -0.0123375 -0.998232 0.988661 -0.118435 0.0923206 0.996849 -0.0439841 0.0660082 0.971165 -0.0699125 0.227926 0.992973 -0.00547214 -0.118216 -0.214167 0.960517 -0.177596 -0.122426 0.990677 0.0597627 -0.0164262 0.98123 0.192141 0.0182644 0.987117 0.158954 0.0106224 0.991046 0.133097 0.0295214 0.986682 0.159959 -0.00784917 0.985354 0.17034 0.0570095 0.993032 0.103135 0.998845 0.047721 0.00556877 0.966272 -0.137783 0.217562 0.993777 0.108818 0.0237994 0.258132 0.964187 -0.0609144 -0.00645551 0.999792 -0.0193397 0.218248 0.975682 -0.0202957 0.621122 0.776343 0.107229 0.984911 0.137326 0.105321 0.0560002 0.989284 0.134838 0.0638956 0.985546 0.156894 -0.179751 0.966023 0.185714 -0.139844 0.965839 0.21817 0.469752 0.879197 0.0796566 0.178898 0.97766 0.110345 0.0291269 0.999572 0.0027216 0.941649 -0.021124 0.335932 0.944095 0.0243899 0.328771 0.96776 0.0442937 0.247948 0.895843 0.412591 0.165031 0.0553555 0.998195 -0.0232809 -0.0941179 0.993343 0.0664166 -0.170698 0.984585 0.0381444 0.920822 -0.128215 0.368305 -0.0180246 0.995686 0.0910212 0.0976862 0.954873 -0.280489 0.372159 0.916957 -0.14383 0.0924401 0.995066 -0.0360411 -0.0315304 0.989945 0.137898 0.803855 0.5918 0.0599233 0.525032 0.849765 0.0473389 0.944762 0.105404 0.310346 0.0456494 0.996638 0.0680295 -0.0140914 0.999155 0.0386181 -0.0736709 0.995528 0.0591272 0.0448501 0.997919 0.0463357 0.905914 -0.0539799 0.420007 -0.121642 0.980877 -0.151935 -0.0248779 0.981489 -0.189898 0.0586318 0.951118 -0.303211 0.0860004 0.996182 -0.0149863 0.890279 -0.0686225 0.450215 0.921913 0.0027565 0.387386 -0.0407104 0.998987 0.0191968 0.232858 0.970432 -0.063559 0.0611381 0.99795 -0.0189364 0.0333038 0.999414 0.00785038 -0.25209 0.952789 -0.169245 0.100548 0.977422 -0.185838 -0.00380047 0.985711 -0.168401 0.018775 0.999823 -0.000951747 0.935322 -0.073822 0.346009 0.0419969 0.975031 -0.218061 0.883353 -0.0633347 0.46441 0.0339005 0.993782 -0.106056 0.0183228 0.861532 -0.507372 0.143583 0.885895 -0.441104 -0.0741178 0.879084 -0.470869 0.907411 0.358271 0.219652 0.60162 0.797922 0.0370657 0.154059 0.984698 -0.0814567 -0.079221 0.967983 -0.238187 0.245843 0.943383 -0.222689 0.0824625 0.994717 0.0611323 0.0164643 0.861221 -0.507964 0.0257644 0.734218 -0.678425 -0.0498038 0.716176 -0.69614 0.108953 0.753286 -0.648606 0.0494412 0.815185 -0.577086 0.0354362 0.795399 -0.605049 0.0433545 0.727982 -0.684225 0.20519 0.753644 -0.624434 -0.0674707 0.973558 -0.218251 -0.104777 0.859139 -0.500902 0.0275147 0.927445 -0.372946 -0.0509993 0.987227 -0.150937 -0.0194644 0.994554 -0.102388 0.934679 -0.0171683 0.355079 0.301974 0.94219 -0.145226 0.182783 0.982182 -0.0436928 -0.0848886 0.982448 -0.166102 -0.0143332 0.977722 -0.209412 0.043562 0.980569 -0.191279 0.00537006 0.991104 0.132982 0.00439679 0.998989 -0.0447375 0.0940029 0.982495 -0.160832 0.00346175 0.94348 -0.33141 0.132341 0.733224 -0.666984 -0.015879 0.522938 -0.852223 0.0117981 0.673546 -0.739051 -0.0938337 0.589171 -0.802541 0.0344577 0.711633 -0.701706 0.0297413 0.744587 -0.666862 0.0631224 0.820294 -0.568448 0.0714998 0.810983 -0.580684 0.152012 0.92518 -0.347756 0.845719 0.00937413 0.533547 0.801994 -0.0706207 0.593143 0.917086 -0.0260605 0.397838 0.915416 -0.00392476 0.402491 0.190003 0.981556 0.0211502 0.784122 0.332425 0.524067 -0.00378827 0.941136 -0.338008 0.00621636 0.994399 -0.105508 0.0578957 0.981439 -0.182828 0.00156514 0.913096 0.407741 -0.0175811 0.990496 0.136416 0.0141527 0.996809 -0.0785582 0.0175841 0.907265 -0.420193 0.065944 0.860126 -0.505802 0.155868 0.824798 -0.543519 -0.0596902 0.873303 -0.483507 -0.164388 -0.0309006 0.985912 -0.0630574 -0.0447056 0.997008 -0.0217394 0.0197242 0.999569 -0.00542808 0.856613 0.515931 0.843778 -0.0215427 0.53626 -0.0220464 -0.0546544 0.998262 -0.031099 -0.0863851 0.995776 0.483581 0.743687 0.461604 0.0706467 0.997109 -0.0279612 -0.0364988 -0.0644685 0.997252 0.168617 0.985681 -0.000896568 -0.04894 -0.0462151 0.997732 -0.0579572 -0.0536905 0.996874 -0.0365233 -0.0479977 0.998179 -0.0254274 -0.0529429 0.998274 -0.0192075 -0.0510335 0.998512 -0.0338958 -0.0726479 0.996782 -0.0571705 -0.061187 0.996488 -0.0696849 -0.0528911 0.996166 0.118246 -0.0677139 0.990673 -0.112111 -0.0126027 0.993616 -0.259172 -0.107401 0.959841 -0.258917 0.00200683 0.965897 -0.331884 0.00257101 0.943317 -0.197962 0.0388041 0.979441 -0.175671 0.0594757 0.982651 -0.0413145 0.354701 0.934067 -0.0208748 0.685329 0.727934 -0.0333602 0.298909 0.953698 -0.0531513 -0.0717294 0.996007 -0.0692964 -0.0407099 0.996765 -0.0443846 -0.0558045 0.997455 -0.0451892 0.712687 0.700026 -0.0190867 0.046378 0.998742 0.0415833 0.0448434 0.998128 -0.0443544 -0.0420642 0.99813 -0.00877752 -0.0666538 0.997738 -0.0314714 -0.0377379 0.998792 -0.0504632 0.757457 0.650932 -0.0191236 0.811104 0.58459 -0.0253768 0.886986 0.461099 -0.0278989 -0.0722263 0.996998 0.0330667 0.982563 0.182967 -0.0523153 -0.0303536 0.998169 -0.040902 -0.0486642 0.997977 0.196277 0.976351 -0.0906345 0.0842205 0.957588 -0.275557 -0.0405492 0.963103 -0.26606 -0.0302337 -0.0397631 0.998752 0.673833 -0.0103938 0.738811 0.679488 -0.120241 0.723767 0.784211 -0.081853 0.615072 -0.0487642 -0.0613459 0.996925 0.649697 0.0280933 0.759674 0.248196 0.940069 0.233816 0.291481 0.939501 0.179937 0.019166 0.992151 -0.123571 0.142967 0.9894 -0.0254612 -0.0541091 -0.0580045 0.996849 -0.041681 0.0170102 0.998986 0.169575 0.966077 0.194779 0.125486 0.935603 0.33 -0.0417946 0.041375 0.998269 0.0497701 -0.186833 0.98113 0.0818182 -0.24549 0.96594 -0.187984 0.0722012 0.979515 -0.0843382 -0.00873367 0.996399 -0.118953 0.096301 0.988219 -0.0497951 -0.136988 0.98932 -0.0468892 0.231996 0.971586 -0.0154917 0.563102 0.826242 -0.12083 -0.195293 0.973273 -0.0273014 0.157525 0.987138 -0.14957 -0.164905 0.974903 0.00844722 0.0937692 0.995558 -0.0350029 -0.0629539 0.997402 -0.0345183 -0.0762202 0.996493 -0.0427218 -0.0577835 0.997415 -0.0444826 -0.0439267 0.998044 -0.039754 -0.0284679 0.998804 -0.0364133 -0.0485182 0.998158 -0.0195019 -0.0748431 0.997005 -0.0380737 -0.0585155 0.99756 -0.036278 -0.0448167 0.998336 -0.0359738 -0.0541852 0.997883 -0.0428736 -0.0619616 0.997157 -0.0425126 -0.0391802 0.998327 -0.04266 0.0766994 0.996141 0.439348 -0.0549389 0.896636 0.401847 -0.0465681 0.914522 0.467014 -0.0998189 0.878598 -0.0631631 0.0516248 0.996667 0.529194 -0.0233562 0.848179 0.213659 0.700829 0.68058 0.26741 0.584664 0.765938 0.429035 0.226685 0.874382 0.0292449 0.881929 0.470475 0.0582117 0.95758 0.282228 0.0403225 0.840531 0.54026 0.195191 0.835206 0.514131 -0.0758497 0.0203074 0.996912 -0.0251489 -0.070082 0.997224 -0.0438845 0.0618574 0.99712 -0.0219457 -0.0714208 0.997205 0.156571 0.0958543 0.983004 -0.0497541 -0.0703213 0.996283 -0.0320699 -0.0973265 0.994736 -0.0697845 0.289466 0.954641 -0.0562537 0.415969 0.907637 0.00126225 0.68574 0.727846 0.103086 0.815989 0.568802 0.0789164 0.878805 0.470611 -0.0167925 0.903847 0.427526 -0.0453966 -0.0517029 0.99763 -0.0512416 -0.0492234 0.997473 0.0783929 -0.0320928 0.996406 -0.0317663 -0.0540178 0.998035 0.108349 -0.0499053 0.99286 -0.0336568 -0.0881231 0.995541 -0.0611471 0.181672 0.981456 -0.0249092 -0.00697635 0.999665 0.00739872 -0.0861675 0.996253 0.0830211 -0.106101 0.990883 -0.0458365 -0.0806508 0.995688 -0.0437015 -0.0889787 0.995074 -0.00813562 0.0595583 0.998192 -0.0498687 -0.0602826 0.996935 -0.0208344 0.121203 0.992409 -0.00158407 -0.0477521 0.998858 -0.0320712 -0.038011 0.998763 -0.0374357 -0.0669025 0.997057 0.00738113 0.304642 0.952438 -0.0174431 -0.0478511 0.998702 -0.00238706 0.432764 0.901504 0.00239733 0.473409 0.88084 0.00295613 0.55257 0.833462 -0.0379114 0.149722 0.988001 0.0137855 0.0289381 0.999486 -0.008579 -0.0622467 0.998024 0.0321804 -0.0101104 0.999431 0.0194935 -0.0119938 0.999738 0.0827244 0.362498 0.928306 0.134659 0.218955 0.966398 0.326026 -0.074319 0.942435 0.021688 -0.0855612 0.996097 0.182718 -0.0146307 0.983056 0.160955 0.00905033 0.98692 0.180149 0.114753 0.976923 0.00158829 0.616797 0.787121 0.0304227 0.341513 0.939385 0.0545871 -0.020321 -0.998302 0.0486166 0.0102778 -0.998765 0.0902975 -0.0259913 -0.995576 0.0662255 -0.0392286 -0.997033 0.0673981 0.00952281 -0.997681 0.0667662 0.0572429 -0.996125 0.059957 -0.142467 -0.987982 0.0973798 -0.0980609 -0.990405 0.0242858 0.0192506 -0.99952 0.0578087 0.025524 -0.998001 0.0119315 0.00135123 -0.999928 0.0128335 -0.0369764 -0.999234 0.0597354 0.0141506 -0.998114 0.0880874 -0.0932275 -0.991741 0.0718763 -0.0329071 -0.996871 0.0687291 -0.0719145 -0.99504 0.0690709 0.00940045 -0.997568 0.0882818 -0.0265449 -0.995742 0.0345064 -0.0241446 -0.999113 0.0554179 0.0663191 -0.996258 0.10632 -0.0905404 -0.990201 0.105192 -0.110371 -0.988308 0.135055 0.0339357 -0.990257 0.0784222 -0.0182458 -0.996753 0.0104196 -0.101468 -0.994784 0.117463 -0.0598929 -0.99127 0.103111 0.14991 -0.983308 0.0958822 -0.0233571 -0.995119 0.0534518 -0.0477449 -0.997428 0.0877013 -0.00659338 -0.996125 0.205119 0.0140672 -0.978636 0.0393216 0.0652004 -0.997097 0.135759 0.00871651 -0.990704 0.0780808 0.0161524 -0.996816 0.0530966 0.0457377 -0.997541 0.0417632 0.0589678 -0.997386 -0.0164005 0.116408 -0.993066 0.0971334 -0.01096 -0.995211 0.0954702 0.0186855 -0.995257 0.0845497 -0.137147 -0.986936 0.056048 0.111547 -0.992177 0.0290809 0.03756 -0.998871 0.331741 0.10489 -0.937521 0.0469679 -0.140545 -0.98896 0.0436769 -0.17041 -0.984405 0.117797 0.125347 -0.985095 0.0407263 0.0467151 -0.998078 0.120084 0.0677332 -0.99045 0.0887446 -0.0813228 -0.992729 0.087397 -0.123928 -0.988435 0.0990508 -0.0681586 -0.992745 0.104099 -0.0649791 -0.992442 0.0515545 0.0371432 -0.997979 0.0965603 -0.082436 -0.991907 0.097719 0.119199 -0.98805 0.047607 0.102781 -0.993564 0.0103645 0.230217 -0.973084 0.166606 0.119254 -0.978786 0.244312 0.304185 -0.920751 0.111889 0.0355789 -0.993084 0.103729 0.0712216 -0.992052 0.458699 0.0986088 -0.883103 0.594914 0.228229 -0.770706 0.674625 0.193104 -0.712455 0.121415 -0.0728968 -0.989922 0.523415 0.223971 -0.822115 0.163027 0.00331387 -0.986616 0.158837 0.0692253 -0.984875 0.103802 -0.0304118 -0.994133 0.0399654 -0.150036 -0.987872 0.0618902 -0.12158 -0.99065 0.0473813 -0.0870138 -0.99508 -0.0450833 -0.0200526 -0.998782 0.0280541 -0.0115573 -0.99954 0.00886485 0.0333473 -0.999405 0.118406 0.105557 -0.987339 0.0902842 0.139072 -0.986158 0.0105282 0.0718338 -0.997361 0.0520946 -0.113704 -0.992148 0.0411669 -0.00607476 -0.999134 -0.0284459 -0.00584334 -0.999578 0.107089 0.0330891 -0.993699 0.00683523 -0.0336193 -0.999411 0.0552543 -0.0422523 -0.997578 0.0728706 -0.0660542 -0.995152 0.222723 0.0227371 -0.974617 0.0741497 0.020298 -0.997041 0.40473 0.0248409 -0.914099 0.871687 0.29461 -0.39162 0.690822 0.1577 -0.705617 0.230428 0.176207 -0.957003 0.450268 0.1533 -0.879635 0.925853 0.317692 -0.204616 0.167465 0.149391 -0.974494 0.858589 0.44518 -0.254244 0.670597 0.726101 -0.151913 0.901209 0.239978 -0.360877 0.00548104 -0.0629576 -0.998001 0.950948 -0.191611 -0.242867 0.0600033 -0.0617862 -0.996284 0.1372 0.234286 -0.962438 0.0525015 0.240733 -0.96917 -0.0258821 -0.0394721 -0.998885 0.0397385 -0.0469346 -0.998107 0.223139 0.189878 -0.956115 0.00534882 0.0629314 -0.998004 0.144033 0.216608 -0.965575 0.675391 -0.0610282 -0.73493 0.61043 -0.0413489 -0.79099 0.309565 -0.0301373 -0.9504 0.881581 0.0199539 -0.471611 0.248104 -0.164333 -0.954693 0.760925 0.0211694 -0.648494 0.955634 -0.192265 -0.223155 0.0811251 0.158983 -0.983943 0.519618 -0.0191129 -0.854185 0.940769 0.110278 -0.320611 0.114555 0.044729 -0.992409 0.373727 0.045927 -0.926401 0.060175 0.0385206 -0.997444 0.0918154 -0.0454434 -0.994739 0.30222 0.39533 -0.867397 0.0420998 0.0515308 -0.997784 0.187091 -0.0507037 -0.981033 0.138431 -0.0105114 -0.990316 0.790802 -0.013125 -0.611931 0.140171 0.0223729 -0.989874 0.879926 0.200693 -0.430642 0.800995 -0.0243168 -0.598177 0.337756 -0.0805796 -0.937778 0.920375 -0.0149695 0.390751 0.983983 -0.00363379 0.178227 0.830243 0.437955 -0.344806 0.154956 -0.0684874 -0.985545 0.900985 0.262113 -0.34572 0.875335 0.0966181 -0.473766 0.981856 -0.167285 -0.0892961 0.866646 -0.141294 -0.478498 0.852151 0.237126 -0.466486 0.239607 0.0164094 -0.970731 0.186848 0.0112208 -0.982325 0.0781809 0.0142561 -0.996837 0.620908 0.582465 -0.524603 0.823425 -0.338862 -0.455131 0.854343 -0.513738 -0.0785558 0.122625 0.0211156 -0.992228 0.189883 0.0580938 -0.980087 0.663309 0.0309896 -0.747703 0.00857973 0.02403 -0.999674 0.61712 0.0610335 -0.784498 0.0653363 -0.0495365 -0.996633 0.664544 -0.102913 -0.740129 0.0848759 -0.0424042 -0.995489 0.934469 -0.029769 -0.354797 0.0539445 -0.00162161 -0.998543 0.00753058 -0.055784 -0.998414 0.0315743 -0.0424129 -0.998601 0.854439 -0.0628517 0.515736 0.810338 -0.230845 0.538575 0.99873 -0.0503486 0.0018004 0.993265 0.000502446 0.115865 0.00425756 0.00983815 -0.999943 0.0674562 0.0874503 -0.993882 -0.0147106 -0.0242336 -0.999598 0.864841 0.402642 0.299883 0.0100254 -0.0398148 -0.999157 0.886636 0.460696 0.0404462 0.676887 0.401543 0.616918 0.421894 -0.154286 -0.893421 0.87164 -0.0682888 0.485366 0.0772227 0.0310658 -0.99653 0.139147 0.0108411 -0.990212 0.415317 0.498153 0.761154 0.574352 0.31711 0.754693 0.479077 0.385633 0.788526 0.987308 0.156343 0.0279346 0.735406 -0.457692 0.499696 0.922771 -0.238975 -0.302301 0.9905 0.13259 0.0364758 0.959288 -0.166983 0.227777 0.059693 0.0302085 -0.99776 0.997905 -0.0588519 0.0268897 0.978386 0.181865 -0.0984182 0.94747 -0.239668 0.211801 0.999561 0.000386787 -0.029628 0.999783 -0.0122383 0.0168391 0.553306 0.353144 0.754415 0.950839 0.306381 0.0451108 0.865443 -0.202818 0.45812 0.803086 0.593302 -0.0551921 0.0283643 -0.0126951 -0.999517 0.0400801 -0.00813709 -0.999163 0.0380118 -0.0623761 -0.997329 0.955517 0.0314201 0.293256 0.103306 0.0770092 -0.991664 0.753896 -0.608979 -0.246546 0.040579 -0.0970552 -0.994451 0.226351 -0.113834 -0.967371 0.0416785 -0.075992 -0.996237 0.0771468 -0.0337585 -0.996448 0.454382 -0.613251 -0.646112 0.1118 -0.0939823 -0.989277 0.0194477 -0.0996334 -0.994834 0.346629 -0.584065 -0.733973 0.0733565 -0.0216899 -0.99707 -0.023756 -0.0969285 -0.995008 0.480116 -0.471224 -0.739889 0.134476 0.03603 -0.990262 0.154597 0.00305916 -0.987973 0.0803433 -0.0280999 -0.996371 0.311582 -0.136561 -0.940355 0.0137214 0.0232156 -0.999636 0.274314 0.103751 -0.956027 0.787345 -0.161706 -0.594928 0.962783 -0.110225 -0.246779 0.418384 -0.0252436 -0.90792 0.992573 0.0324169 -0.117253 0.995364 -0.050366 -0.0819401 -0.0356621 -0.0309854 -0.998883 0.00501321 -0.00284362 -0.999983 0.459436 -0.884314 0.0831079 0.725053 -0.158264 -0.670261 0.902247 -0.412382 -0.126058 0.655614 -0.753322 -0.0517265 0.941006 0.255729 -0.221608 0.871091 -0.166549 0.46202 0.987806 -0.152242 -0.0325805 0.662871 0.590858 0.45988 0.459711 0.550354 0.696976 0.921627 0.329772 0.204584 0.907325 0.0456381 0.417946 0.764075 0.564618 0.312083 0.886561 0.419632 -0.194728 0.436869 -0.0406154 -0.898608 0.993977 -0.0399253 0.102062 0.993421 -0.00743621 -0.11428 0.513194 0.565288 0.645818 0.994054 0.0713372 0.0822629 0.985648 -0.0152347 0.168125 0.986705 -0.0194206 0.161355 0.9822 0.0774403 0.171132 0.416725 0.0549113 -0.907373 0.978669 -0.203123 0.0307963 0.953372 -0.25842 0.155887 0.999907 0.000871821 0.0136002 0.952505 -0.0593879 0.298675 0.994378 0.0800829 -0.0692713 0.947857 -0.164947 0.272689 0.882772 -0.128555 0.451871 0.148118 -0.0452883 -0.987932 0.704003 -0.0330474 -0.709428 0.594201 -0.78278 0.184878 0.993842 -0.0413838 -0.102792 0.550239 0.17246 -0.817003 0.925828 0.281064 -0.252676 0.926053 0.334706 -0.174348 0.993321 -0.0157285 0.114309 0.582703 0.657946 0.477037 0.65224 0.532575 0.539395 0.750839 0.596386 0.283839 0.900371 0.41883 -0.11796 0.929258 0.36764 0.0363359 0.819831 0.551856 0.152745 0.710856 -0.592923 0.378319 0.944595 0.0447794 0.325168 0.899984 -0.0435917 0.433737 0.342758 0.679227 0.648974 0.310585 0.26372 0.91323 0.690373 0.130864 0.71152 0.672102 0.175032 0.719474 -0.0372396 0.732517 0.679729 -0.0664642 0.278966 0.957998 -0.402947 0.382566 0.83143 0.431702 -0.52942 0.730307 0.833424 -0.00669471 0.552594 0.194287 -0.252137 0.947987 0.996909 0.0461968 0.0635539 0.508523 -0.472554 0.71979 0.977204 -0.195683 0.0823485 0.972867 -0.110574 0.203233 0.505239 -0.734127 0.453643 0.974289 -0.0604629 0.217036 0.978085 -0.0783621 0.192895 0.979198 -0.115804 0.166617 0.988584 -0.10995 -0.103021 0.932261 -0.0444164 0.359049 -0.352635 -0.131938 0.926413 0.984843 0.0343686 0.170007 0.392981 -0.761063 0.51609 0.981428 -0.128194 0.142707 0.892276 0.348338 0.287236 0.0130621 -0.611493 0.791142 0.830074 -0.293746 -0.474016 0.948512 0.281272 -0.145637 -0.412595 -0.568531 0.711714 0.973514 -0.213116 -0.0827771 0.830168 0.071162 0.552953 0.978702 -0.157489 -0.131677 0.994679 0.0967694 0.0353395 0.92185 0.259016 0.288277 0.177045 -0.679854 0.711656 0.215653 -0.857301 0.46747 0.997144 0.0706175 -0.0267684 0.623176 0.68341 0.380265 -0.0649783 -0.843411 0.533325 0.993632 0.0769563 -0.0823007 -0.155444 0.658925 0.735972 0.908203 -0.349041 -0.230949 0.998093 0.00619911 0.0614217 -0.335489 0.297601 0.893801 -0.445973 -0.172139 0.878337 -0.576789 -0.552448 0.60176 0.516729 0.550105 0.65603 0.46425 0.167326 0.869755 0.182594 -0.172121 0.968005 0.975928 0.0642614 0.20841 0.92784 -0.162188 0.335868 0.18454 -0.706089 0.683654 0.98883 -0.14468 0.0358128 0.97297 0.221889 -0.0639831 0.279952 0.296756 0.912997 0.986335 -0.161695 0.0315808 0.84294 0.533321 -0.0708546 0.865363 -0.104584 0.490112 0.564911 0.195185 0.801735 0.999887 -0.0149986 0.000318643 0.965114 -0.00148349 0.261827 0.42439 0.517241 0.743206 0.861232 0.451268 0.233747 0.919036 0.373351 0.126418 0.710789 -0.00022634 0.703405 0.533651 0.178702 0.826609 -0.0744084 0.202058 0.976543 0.0856478 -0.134677 0.987181 0.153984 0.355275 0.921992 0.969712 -0.158667 0.185699 0.983305 -0.140532 0.115593 0.0259165 -0.448765 0.893274 0.978256 0.0390914 0.203682 0.291822 -0.583456 0.757904 -0.381576 -0.0990549 0.919015 0.988607 0.127299 0.0803201 0.984297 0.145655 -0.09972 0.996391 0.0844434 -0.0086712 0.0400262 0.677224 0.734688 0.995452 0.0163208 -0.0938601 0.718815 0.356062 0.597096 0.705539 0.0187197 0.708424 0.999445 -0.0260954 -0.0207003 0.623505 -0.00435712 0.781807 0.22396 -0.639383 0.735548 0.999822 -0.00343562 0.0185666 0.0808786 -0.820803 0.565456 0.509848 -0.69816 0.502621 0.99825 -0.0588687 0.00569176 -0.409121 -0.1885 0.892798 -0.614065 -0.52909 0.585651 -0.0108232 -0.321256 0.94693 0.0092956 -0.338254 0.941009 0.296411 0.445721 0.844674 0.0625729 -0.242533 0.968123 0.154898 -0.363363 0.918681 0.900573 -0.207715 0.381868 0.0788197 0.396911 0.914467 -0.0098147 -0.278826 0.960291 0.0385145 0.258373 0.965277 0.0920765 0.308593 0.946727 0.0103072 0.386098 0.9224 0.146203 0.290821 0.945541 0.384369 0.572644 0.724113 0.227235 -0.373922 0.899192 0.118787 0.309343 0.943502 -0.122285 -0.17517 0.976915 -0.317662 -0.244855 0.916044 -0.414758 -0.614245 0.671326 -0.270005 -0.546421 0.792793 0.021249 0.462643 0.88629 -0.276892 -0.150626 0.949022 -0.0841743 0.16784 0.982214 0.183615 0.338543 0.922862 -0.099669 -0.354577 0.929699 -0.319798 -0.433639 0.842429 0.818973 0.361649 0.445525 0.736326 0.408724 0.53923 0.184869 -0.568891 0.801365 0.17322 -0.109395 0.978789 0.751378 0.428286 0.501999 0.402417 0.712224 0.57515 0.37507 0.118499 0.919391 0.812162 0.571916 0.115348 0.302574 -0.149771 0.941285 -0.131643 -0.449908 0.883319 -0.302505 -0.520756 0.798314 0.641996 -0.255131 0.723014 -0.209525 -0.618188 0.757591 0.149866 -0.715876 0.681954 0.0262777 -0.549771 0.834902 -0.540561 -0.637375 0.549133 -0.23223 -0.649056 0.724428 0.844156 -0.396851 0.360429 0.90654 -0.203502 0.369827 0.894815 -0.0440698 0.444257 0.99839 -0.0203732 0.0529319 0.976104 -0.140858 0.16547 0.961851 -0.067402 0.26514 0.949018 -0.0179395 0.31471 0.933103 -0.0842875 0.349591 0.894883 -0.0466963 0.443852 0.056492 0.24159 0.968733 0.0799333 0.236532 0.96833 0.0912042 -0.258723 0.961636 0.0813147 -0.4078 0.909444 0.405865 0.0566306 0.912177 0.174508 0.111319 0.978343 0.040477 -0.299502 0.953237 0.914947 -0.320959 0.244658 -0.0182039 -0.0201153 0.999632 0.0107683 0.00877186 0.999904 0.00172453 -0.00535086 0.999984 0.546811 0.508618 0.66506 0.41746 0.579261 0.700132 -0.0445068 -0.338064 0.94007 0.67222 -0.248777 0.697302 0.662192 -0.191876 0.724352 -0.0331197 -0.233324 0.971835 0.139368 0.0222278 0.989991 -0.00722741 0.015943 0.999847 0.0131781 -0.00234235 0.99991 0.152303 0.333949 0.930205 0.0791464 0.012745 0.996782 0.998544 -0.0538116 -0.00369832 0.0523474 -0.37071 0.927272 0.775992 0.625035 0.0846579 -0.0104278 0.0174662 0.999793 0.333716 -0.446306 0.830328 0.0378119 0.27414 0.960946 0.172279 0.315407 0.933187 -0.143362 -0.156662 0.977192 -0.0150797 0.0201063 0.999684 -0.0675983 -0.0452453 0.996686 -0.0372401 -0.00358912 0.9993 0.0103819 0.0099195 0.999897 -0.0167812 0.0135718 0.999767 0.0207555 0.171411 0.984981 0.261486 0.100375 0.959974 -0.196718 -0.503362 0.841385 0.543927 -0.476332 0.690834 0.0222402 0.331276 0.943272 -0.0212229 0.0363457 0.999114 0.00810084 0.0303856 0.999505 0.629853 0.37648 0.679374 0.777624 0.225017 0.587085 0.996796 0.0654338 -0.0460112 -0.0937884 -0.380459 0.92003 0.969032 0.0558746 -0.240531 -0.156372 -0.487189 0.859183 -0.050465 -0.247973 0.967452 0.971316 -0.0222432 0.23675 0.827023 0.0603459 0.55892 0.924067 0.0153569 0.381921 0.21786 0.103027 0.970527 0.956074 0.0863937 0.280105 0.247495 0.0784975 0.965704 -0.0898677 -0.0659018 0.993771 -0.287114 -0.2448 0.926088 0.877926 -0.0395905 0.477157 0.237455 0.0748101 0.968514 -0.233749 -0.364964 0.901201 -0.24898 -0.361094 0.898677 -0.216187 -0.167291 0.961913 0.899126 0.0591389 0.433675 0.876226 -0.149129 0.458245 0.873251 -0.0631558 0.48316 0.00364942 -0.194406 0.980914 -0.201799 -0.303123 0.93134 -0.0117367 -0.0117804 0.999862 0.00591811 -0.00487547 0.999971 -0.0271606 0.0213545 0.999403 -0.0308909 0.0251477 0.999206 0.166475 -0.0868004 0.982218 -0.517483 -0.521941 0.678077 -0.0920847 0.117951 0.988741 -0.109301 0.102997 0.988658 -0.225553 0.124052 0.966301 0.0130509 -0.01421 0.999814 -0.00240368 -0.00491045 0.999985 -0.0735193 0.0289869 0.996872 -0.0165812 0.204253 0.978778 -0.0953015 -0.117403 0.988501 0.0320365 0.0781987 0.996423 -0.041147 0.00727913 0.999127 -0.018639 -0.162702 0.986499 -0.0225081 -0.0242057 0.999454 -0.0326938 -0.0681872 0.997137 -0.212704 -0.279893 0.936171 0.288588 0.00899261 0.957411 0.0200487 -0.251774 0.967578 -0.122708 0.580162 0.805205 -0.0432766 0.150197 0.987708 -0.240786 0.586127 0.773614 -0.0797408 0.0235835 0.996537 -0.0845277 0.0250973 0.996105 -0.0248552 0.00742398 0.999664 -0.00522635 -0.025777 0.999654 0.0776901 0.036826 0.996297 0.302974 0.0186356 0.952817 0.0807144 0.000820709 0.996737 0.237851 -0.196811 0.951153 -0.0319218 0.00998061 0.999441 -0.0505906 0.278746 0.959032 -0.510963 0.282816 0.811746 -0.230171 0.10708 0.967241 0.135785 0.0525105 0.989346 -0.628412 0.245748 0.738042 0.00980458 0.0470697 0.998843 -0.0223322 0.174164 0.984463 -0.0968982 0.556708 0.825038 0.166297 -0.514498 0.841212 0.936371 -0.265639 0.229446 0.911716 -0.240561 0.333024 -0.697711 0.177128 0.694136 0.779163 0.0124281 0.626698 0.68629 -0.0530943 0.725388 0.145646 -0.183156 0.972235 0.5384 -0.19892 0.818875 0.085723 -0.0612569 0.994434 -0.272695 -0.172641 0.946484 -0.0565618 -0.0266634 0.998043 0.752145 -0.0371994 0.657947 -0.372484 -0.0424545 0.927067 -0.178972 -0.291142 0.93979 0.00738722 -0.397656 0.917505 -0.0108598 0.046154 0.998875 0.0403136 0.0190499 0.999005 0.436035 0.0871298 0.895702 -0.217081 -0.197585 0.955948 -0.0215732 -0.000491195 0.999767 0.602503 -0.54151 0.586308 -0.022719 0.0210221 0.999521 -0.0306071 -0.00806671 0.999499 -0.0204033 -0.00883637 0.999753 -0.0399172 0.00280499 0.999199 0.0518377 0.0143321 0.998553 0.430472 0.0792952 0.899114 0.831613 -0.0327507 0.55439 0.982595 0.0256999 0.183975 -0.0425833 -0.0732742 0.996402 -0.0452896 -0.212939 0.976015 0.0374937 -0.0377294 0.998584 0.480957 -0.162939 0.861471 0.29174 -0.135407 0.946865 0.0166321 0.129399 0.991453 0.3682 -0.232897 0.900105 0.106673 0.487248 0.866724 0.0311076 -0.00640185 0.999496 -0.20297 0.0665786 0.976919 0.153659 0.227216 0.961645 0.975654 0.0157692 0.218749 -0.034209 0.0284573 0.999009 -0.176843 -0.0300017 0.983782 -0.341285 0.0116981 0.939887 -0.772054 -0.0333005 0.634684 0.241777 -0.140683 0.960079 0.355576 -0.0180018 0.934474 0.240909 -0.157575 0.957671 0.998734 0.0431095 -0.0259214 -0.733887 0.181342 0.654618 -0.263401 0.140028 0.95447 0.177711 -0.101467 0.978838 -0.640281 0.412492 0.64799 -0.181276 0.115001 0.976685 0.165344 0.0731945 0.983516 -0.204171 -0.0639422 0.976845 0.494396 0.30016 0.815767 0.185929 0.0616285 0.980629 0.616336 0.109333 0.779857 0.406086 -0.254766 0.877604 0.377112 0.0541313 0.924584 0.0263057 0.0280268 0.999261 -0.0128729 0.0195635 0.999726 -0.082313 0.0407409 0.995773 -0.644911 -0.119789 0.754811 -0.782482 -0.0430688 0.621182 -0.121568 -0.121303 0.985143 0.860978 -0.00747414 0.508587 0.414285 0.159286 0.8961 -0.0945933 -0.075128 0.992677 0.0498309 0.0439106 0.997792 -0.244848 0.0644042 0.96742 -0.400802 -0.0773104 0.912897 -0.0749256 -0.15189 0.985553 0.137735 -0.16737 0.976225 -0.0279922 0.0234669 0.999333 -0.681401 0.457721 0.571126 -0.0420243 -0.00997763 0.999067 -0.778126 0.0720028 0.623967 0.0076019 -0.00429225 0.999962 0.615001 -0.382943 0.689295 0.422908 -0.513142 0.746883 -0.630699 -0.176364 0.755721 -0.0535729 0.0172 0.998416 0.509851 -0.363045 0.779904 -0.557095 0.584287 0.59013 -0.371573 0.445614 0.81447 0.378072 0.253407 0.890419 -0.00513056 -0.0488931 0.998791 0.117173 -0.114199 0.986524 -0.00231323 -0.0178565 0.999838 0.0925838 -0.0736261 0.992979 -0.0340888 0.25073 0.967457 0.324919 -0.144203 0.934683 0.221915 0.288566 0.931388 0.0531427 0.0642028 0.996521 -0.0791569 -0.0330521 0.996314 -0.113088 -0.0402068 0.992771 0.075614 -0.151757 0.985521 -0.113551 -0.322348 0.939786 -0.001005 0.0224405 0.999748 -0.0198535 -0.00310908 0.999798 -0.323618 -0.189801 0.926956 -0.177953 0.0532876 0.982595 -0.0442313 0.00495119 0.999009 -0.0214052 0.016342 0.999637 -0.388286 -0.300237 0.871259 -0.0398452 0.0187595 0.99903 0.114272 0.199973 0.973115 -0.269766 -0.24243 0.931909 -0.142198 -0.092653 0.985492 0.0152155 0.23315 0.972322 -0.263422 -0.317767 0.910842 -0.21023 -0.272503 0.938907 -0.0573279 -0.00522103 0.998342 0.280278 0.103969 0.954272 0.227954 0.0919433 0.969321 0.282116 0.0518367 0.957979 0.00765142 0.152036 0.988345 -0.159571 -0.101039 0.982002 0.276003 0.1107 0.954761 0.291951 0.107922 0.950325 0.0745096 0.021659 0.996985 -0.0711215 -0.302547 0.950477 0.0597518 0.0137571 0.998119 -0.0364314 0.00492086 0.999324 0.0308934 -0.18217 0.982782 -0.0494511 -0.000150503 0.998777 -0.028835 -0.00817712 0.999551 -0.0256042 -0.195231 0.980423 -0.0671829 -0.0151454 0.997626 -0.164938 -0.399328 0.90185 -0.320259 -0.330174 0.88793 0.0303994 -0.271857 0.961858 -0.237848 -0.178151 0.954825 -0.148967 -0.31221 0.938261 0.00936404 -0.323051 0.946335 -0.0269589 0.0310455 0.999154 0.0143974 0.000214041 0.999896 -0.162493 -0.174855 0.971093 -0.143765 -0.362904 0.920669 0.00523744 -0.197547 0.98028 0.198175 0.0522164 0.978775 0.0467789 -0.142151 0.988739 -0.0276579 -0.0268793 0.999256 0.103431 -0.0837126 0.991108 0.240583 0.0849712 0.966902 0.0419294 0.0226315 0.998864 0.246962 0.0907575 0.964766 -0.0228622 -0.16925 0.985308 0.163702 -0.0343702 0.985911 0.587709 0.0236615 0.808727 -0.317655 0.102149 0.942688 -0.167332 0.219812 0.961084 -0.0609997 0.260072 0.963661 0.593184 -0.155008 0.790003 0.274612 -0.162434 0.947736 -0.214256 -0.0233099 0.976499 0.0344584 -0.041069 0.998562 -0.169958 0.172818 0.97018 0.294102 -0.154067 0.943275 0.0644672 -0.00363308 0.997913 -0.0172204 0.162005 0.98664 -0.0920183 -0.0834887 0.992251 -0.0527116 0.226153 0.972664 0.0013622 -0.231998 0.972715 -0.0984718 0.0370716 0.994449 -0.0826092 -0.0235585 0.996304 0.160306 -0.180958 0.970338 0.0747147 -0.10742 0.991402 -0.439478 -0.235344 0.866875 -0.0078252 -0.0490068 0.998768 -0.0190688 -0.00029676 0.999818 0.0056046 0.0212343 0.999759 -0.0337225 -0.0424081 0.998531 -0.310104 -0.105798 0.944797 -0.481952 -0.246702 0.84075 -0.0889093 0.0852534 0.992384 -0.399313 -0.196207 0.895573 -0.0545103 -0.011904 0.998442 0.333543 0.153512 0.930152 0.0430351 0.052234 0.997707 0.0962957 0.174176 0.979995 0.281191 0.051244 0.958283 0.309742 0.112306 0.944165 0.221263 0.0446738 0.97419 0.0701867 0.0790466 0.994397 0.204832 0.241412 0.948559 0.261544 0.152636 0.953046 0.213616 0.119618 0.969567 0.262787 0.0361709 0.964176 0.255694 0.0761762 0.963752 -0.0424641 0.0125496 0.999019 0.414577 0.0981483 0.904706 -0.084033 0.182596 0.97959 0.254216 0.0864495 0.963276 0.514363 -0.571292 0.639575 -0.0150654 0.337373 0.941251 0.565581 0.190174 0.802466 -0.163856 0.337677 0.92689 -0.124248 0.7144 0.688618 -0.170755 0.302147 0.937843 -0.219132 0.480308 0.849285 0.291859 0.16895 0.941422 -0.0491865 0.404481 0.913223 -0.292041 0.109594 0.950106 0.123253 0.269414 0.955105 0.285958 0.171865 0.942704 0.0592153 0.0695296 0.995821 0.256993 0.205031 0.944414 0.515793 -0.345624 0.783902 0.312131 -0.175409 0.933706 0.0267905 -0.0480234 0.998487 0.467315 -0.136337 0.873515 -0.0209947 0.00385642 0.999772 0.0851969 -0.0329471 0.995819 -0.0360045 0.00207531 0.999349 -0.415055 0.430702 0.80139 0.407045 -0.19341 0.892697 0.175255 -0.0692401 0.982085 0.548917 -0.12716 0.826148 0.17564 -0.56348 0.807243 -0.178535 0.910764 0.372336 -0.294941 0.93365 0.203242 -0.998999 -0.0171902 0.0413022 -0.966938 -0.237698 0.0923613 -0.981671 0.19048 0.00626385 -0.896881 0.442231 0.00603579 0.639972 -0.108301 0.760728 -0.782123 0.623114 -0.00349817 0.0588203 0.867189 0.494494 -0.0817299 -0.00670033 0.996632 0.525674 -0.0237266 0.850355 -0.578199 0.806465 0.123695 0.361108 0.627333 0.689967 0.611716 0.649644 0.451405 -0.0686272 -0.00234739 0.99764 -0.0440934 -0.158602 0.986358 -0.0379454 0.00185793 0.999278 -0.0337329 -0.00120222 0.99943 -0.0221242 -0.000523022 0.999755 -0.0487099 -0.01453 0.998707 -0.046433 -0.0031423 0.998916 -0.0601792 -0.0146276 0.99808 -0.0567336 -0.0293897 0.997957 -0.0572587 0.0144106 0.998255 -0.00153159 0.0299143 0.999551 -0.0163567 0.00654423 0.999845 0.0194796 0.000723219 0.99981 -0.0519298 0.00374631 0.998644 -0.100111 -0.0540861 0.993505 0.00429919 -0.0800765 0.996779 -0.0405308 0.00225523 0.999176 -0.0381438 0.0069181 0.999248 -0.0307922 0.027194 0.999156 0.692673 -0.00802863 0.721207 0.496645 0.00703152 0.867925 0.847492 -0.00621337 0.530771 0.0853192 0.0635544 0.994325 0.542098 0.0286913 0.839825 -0.0534149 -0.0128102 0.99849 -0.97756 -0.00182733 0.210652 -0.0363372 -0.0015184 0.999338 -0.0624247 0.00752981 0.998021 -0.0273749 -0.00449902 0.999615 -0.0116426 -0.0126298 0.999852 -0.0419691 -0.0784906 0.996031 0.665456 0.00299136 0.746431 0.903963 0.0393753 0.425795 0.83388 0.170338 0.525004 0.96667 0.0385365 0.25311 0.948351 -0.166335 0.270116 -0.0442009 -0.00303021 0.999018 -0.0281297 0.00510703 0.999591 0.869919 -0.350073 0.347403 -0.0385218 -0.00772729 0.999228 -0.0204163 -0.0160013 0.999664 0.780387 -0.246671 0.574587 0.572543 -0.561032 0.597861 0.479885 0.0391674 0.876457 -0.80084 -0.444927 0.400868 -0.799452 -0.404709 0.443945 0.593127 0.0228069 0.804786 0.50311 0.00350273 0.864215 0.613114 0.0266909 0.789543 0.464557 -0.0370194 0.884769 -0.738959 -0.561924 0.371728 0.598259 -0.0315819 0.80068 0.635705 -0.00742864 0.771896 -0.0465233 0.0200134 0.998717 -0.418248 0.051043 0.906898 -0.347547 -0.205699 0.914822 -0.0564832 0.0943241 0.993938 0.0633511 -0.453372 0.889067 -0.79332 -0.393385 0.464642 0.66098 0.00280854 0.750398 0.190904 0.0631283 0.979577 0.0443365 0.113311 0.99257 -0.00845844 -0.872443 0.488643 -0.570748 -0.642325 0.511532 0.0218126 0.0246083 0.999459 0.841144 0.055368 0.537969 0.864572 0.226587 0.448523 0.282525 0.398738 0.872461 0.593299 0.266942 0.759433 -0.135789 0.511437 0.848524 -0.515057 0.601718 0.610452 -0.0831129 0.0328521 0.995999 0.797403 -0.010048 0.603363 0.0228371 0.0529983 0.998333 0.120868 0.130857 0.984006 -0.0468726 0.0401463 0.998094 -0.0440482 0.124459 0.991247 0.0176948 -0.0591442 0.998093 0.64034 0.12667 0.757575 0.0157189 0.0715171 0.997316 0.304469 0.0608108 0.950579 -0.148099 0.101156 0.983786 0.560191 0.224003 0.797501 -0.104312 0.114556 0.987925 0.444018 0.23533 0.864562 -0.0020815 0.0855863 0.996329 -0.0974013 0.572793 0.813892 -0.310619 0.548625 0.776226 -0.532514 0.712345 0.457158 0.783913 0.467369 0.408713 0.862687 0.303816 0.404309 0.293504 0.798044 0.526289 0.319798 0.354629 0.878617 0.765693 0.104759 0.634618 0.792368 0.253673 0.554799 -0.194294 -0.0127042 0.980861 -0.735706 0.389225 0.554293 0.708431 -0.459703 0.535536 0.686693 -0.2962 0.663865 0.64006 -0.347933 0.68503 0.738017 -0.192018 0.646885 0.764152 -0.195303 0.614759 0.647695 -0.258571 0.716682 0.722208 -0.254088 0.643316 -0.633452 -0.0732815 0.770304 0.743852 0.414557 0.524239 -0.725226 0.48345 0.490229 -0.565758 0.0310806 0.823985 0.64374 -0.186371 0.742203 -0.475511 -0.475214 0.740311 -0.00258337 0.170134 0.985417 -0.202465 -0.142363 0.968886 0.397008 -0.0135158 0.917715 0.381137 0.0327957 0.923937 -0.106703 -0.807936 0.579529 0.159158 -0.132588 0.978309 0.109643 -0.169962 0.979332 -0.709517 -0.538243 0.454842 0.114029 0.108399 0.987546 -0.111312 -0.0673121 0.991503 0.0662507 0.0278288 0.997415 0.0498259 -0.0847821 0.995153 0.110387 0.0291382 0.993461 0.147881 -0.065184 0.986855 -0.0690317 0.0187205 0.997439 -0.0868145 0.0320327 0.995709 0.122361 -0.0414105 0.991621 -0.0198967 0.0744857 0.997024 -0.0297691 -0.0240192 0.999268 -0.179637 -0.000166547 0.983733 0.141774 -0.00459029 0.989888 0.124259 0.00110246 0.992249 -0.0371979 -0.00535369 0.999294 -0.0283503 -0.0157283 0.999474 0.0363532 0.0139758 0.999241 -0.00111764 -0.00472938 0.999988 -0.0445611 -0.0228838 0.998745 -0.0581968 -0.0236111 0.998026 -0.0289274 -0.167443 0.985457 -0.047801 -0.0554764 0.997315 -0.0546424 -0.0233721 0.998232 -0.0151054 -0.19066 0.98154 -0.0296614 -0.245495 0.968944 -0.0417524 -0.0456971 0.998082 -0.0241796 -0.332082 0.942941 -0.0442213 -0.0183337 0.998854 -0.108736 -0.0231181 0.993802 0.648415 0.246016 0.72044 0.922683 0.320169 0.214819 0.85191 0.444921 0.276215 -0.0508746 -0.00837994 0.99867 -0.100671 -0.0571987 0.993274 0.982658 0.141521 0.119811 0.936286 0.0642626 0.34531 0.257924 -0.244034 0.934838 0.85941 0.378903 0.34329 -0.0578361 -0.0164064 0.998191 -0.771344 -0.561684 0.299232 -0.0685092 0.00136298 0.99765 -0.0308729 -0.0425569 0.998617 -0.0378678 -0.0283844 0.99888 -0.0634889 -0.0521355 0.99662 -0.522885 -0.706128 0.477467 0.838453 0.180185 0.514326 0.760684 0.340658 0.552551 0.283966 -0.703952 0.651011 -0.0630806 0.0088612 0.997969 -0.0131181 -0.012109 0.999841 0.0733997 0.00228906 0.9973 0.303681 -0.0308495 0.952274 0.0340244 0.0515976 0.998088 -0.0507144 0.0109682 0.998653 0.671055 -0.491541 0.555043 -0.0541213 0.00158301 0.998533 0.219541 0.0175012 0.975446 -0.0237916 -0.0331574 0.999167 0.956576 -0.273097 -0.101886 0.217001 0.044449 0.975159 0.972853 -0.205545 -0.106344 -0.0144069 0.0155198 0.999776 0.954514 -0.295914 0.0365724 0.759929 -0.648142 -0.0491875 -0.0468878 -0.0154002 0.998782 0.129826 -0.0514532 0.990201 -0.68099 0.531437 0.503813 -0.525738 0.649549 0.549259 -0.189847 0.978673 -0.0784738 -0.063638 0.991871 0.110189 0.124155 -0.0332905 0.991704 -0.768851 -0.560335 0.308048 0.415177 -0.909438 0.0234558 0.171803 0.93102 0.322002 0.43517 0.856894 0.276335 -0.313837 -0.947292 0.0643768 0.43346 0.575723 0.693293 -0.049606 0.668755 0.741826 0.1123 -0.00830363 0.99364 -0.508332 0.630776 0.586277 -0.2365 0.88975 0.390402 0.4898 0.474419 0.731452 0.145973 0.033082 0.988735 0.446314 -0.0570529 0.893056 0.724088 0.535584 0.434564 -0.0718303 -0.0219572 0.997175 -0.0603347 -0.00215793 0.998176 -0.0143281 -0.0303205 0.999438 0.759412 -0.316303 0.568546 -0.052793 -0.0524534 0.997227 -0.0574674 0.00663416 0.998325 -0.0591874 -0.00289979 0.998243 0.752486 -0.190984 0.630309 0.139644 0.00283817 0.990198 0.0857748 -0.0342038 0.995727 -0.0483574 0.017362 0.998679 -0.062092 0.0192602 0.997885 -0.644031 0.548643 0.533118 -0.617438 0.584361 0.526585 -0.0486423 -0.0404472 0.997997 0.583789 -0.16657 0.794635 -0.0735931 0.0349037 0.996677 0.0763506 0.0296269 0.996641 0.138696 0.036757 0.989653 -0.76396 0.27144 0.585394 -0.0604842 0.0285411 0.997761 -0.715295 0.269286 0.644855 0.386011 -0.0329048 0.921907 -0.647866 0.112834 0.753351 0.68072 -0.200054 0.704698 0.546134 -0.093138 0.832504 0.437914 -0.149382 0.886519 0.445288 -0.00896931 0.895343 -0.308161 0.0787846 0.948066 0.240935 -0.0293322 0.970098 -0.0418619 0.00527539 0.99911 0.0192945 0.226339 0.973857 0.195569 -0.0402717 0.979863 0.189976 0.208664 0.959358 0.303106 -0.00324105 0.952951 0.254338 0.0289751 0.966681 0.985027 -0.0728174 0.156269 0.958293 0.120575 0.259108 0.962416 0.0718626 0.2619 -0.0547063 -0.00505169 0.99849 -0.0209757 -0.0160957 0.99965 -0.040361 0.00985492 0.999137 0.875977 0.339417 0.342724 0.85091 0.0785635 0.519404 0.922759 0.201298 0.328627 -0.628751 -0.632419 0.452459 -0.805017 -0.515927 0.29286 -0.212871 -0.722713 0.657549 -0.714249 0.615288 0.333572 0.944751 0.151777 0.290532 0.995949 -0.0742661 0.0507033 0.760347 0.521428 0.38728 0.957065 -0.280412 -0.0734526 0.960986 -0.234216 -0.147137 0.308055 0.84328 0.440432 0.679217 -0.38854 0.622656 -0.865895 -0.406642 0.291323 -0.396367 0.911812 -0.107199 -0.238609 0.970073 -0.04498 0.690054 -0.207186 0.69347 0.580748 -0.0315178 0.813473 -0.377278 0.363259 0.851883 -0.337748 0.137718 0.931107 -0.569199 0.233724 0.78828 -0.195544 0.167358 0.966309 -0.323325 0.100511 0.940935 0.413879 0.646602 0.640788 0.115782 0.0979071 0.988437 -0.15859 0.135338 0.978025 -0.568552 0.65688 0.495234 0.472121 -0.101462 0.875675 0.362513 -0.0455533 0.930865 0.246011 0.0852648 0.965509 -0.0729889 0.996629 0.0374603 0.169968 0.979576 0.107433 0.60908 0.776897 -0.159538 -0.976643 -0.211632 0.0371597 0.849433 0.209596 0.484286 -0.499232 0.785497 0.365734 0.892405 0.132646 0.431298 0.911391 0.184807 0.367712 0.59167 -0.413013 0.692349 -0.63497 -0.518069 0.573078 -0.383581 -0.575787 0.722035 0.621953 -0.269496 0.735218 -0.0596742 -0.451111 0.890471 0.237962 -0.550944 0.799897 -0.43124 0.564778 0.703604 -0.0383342 0.477093 0.878016 0.16481 0.0686983 0.98393 0.801713 -0.436484 -0.408336 -0.749137 -0.33349 0.572344 -0.702128 -0.320062 0.636063 -0.739845 -0.395249 0.544433 0.139627 0.0577946 0.988516 -0.586302 -0.580517 0.565022 0.451068 0.891537 -0.0412209 0.306843 -0.924777 -0.225024 0.0611377 -0.845878 0.52986 -0.185981 0.630567 0.753523 0.680274 -0.149768 0.717494 -0.941299 -0.337572 0.000588962 -0.984232 -0.0927123 0.150637 -0.0411269 0.923365 0.381713 -0.988542 0.121634 0.0893824 -0.935428 0.352816 -0.0222534 -0.810852 0.51567 0.276773 -0.583406 0.797424 0.154116 0.66501 -0.0582445 0.74456 0.813683 0.407038 0.415018 0.964874 0.0299477 0.261002 0.352614 -0.323825 0.877953 0.786659 0.31191 0.532804 -0.520939 0.432216 0.736078 0.467075 -0.150765 0.87127 0.964586 -0.0743507 0.253074 0.467069 0.116163 0.876557 0.0358031 0.300956 0.952966 0.900696 -0.425637 -0.0870604 -0.410378 -0.0932232 0.907138 -0.362806 -0.38298 0.849528 -0.511983 -0.26748 0.816289 -0.374711 -0.209879 0.903074 0.171439 0.974055 0.147732 0.434817 0.90035 -0.0174262 0.802924 -0.589211 -0.0902368 0.740271 -0.635341 0.219864 -0.138888 -0.494879 0.857791 -0.117832 -0.271495 0.955199 0.145525 -0.331194 0.932273 0.0854059 0.179446 0.980054 0.348192 -0.0412487 0.936515 0.359472 0.444564 0.820453 0.236731 0.553406 0.798562 0.0178236 0.551148 0.834217 -0.45026 0.882408 0.136465 -0.765772 0.61787 0.178412 0.0459345 -0.168604 0.984613 0.307921 -0.114275 0.944524 -0.202434 -0.192601 0.96017 -0.181076 -0.0470292 0.982344 -0.0300075 0.126864 0.991466 -0.0154147 0.146133 0.989145 0.174152 0.246271 0.953426 -0.158797 0.177376 0.971247 -0.645138 0.0229489 0.763721 -0.689249 0.0608024 0.721969 0.745731 -0.599336 -0.291002 0.808869 -0.245242 0.534403 0.21759 -0.272841 0.93713 0.853826 0.119608 0.506631 -0.128841 0.869003 0.477738 0.935063 -0.221243 0.276962 0.908951 -0.303772 0.285535 -0.835429 -0.22446 0.501673 0.598632 0.0800769 0.797012 0.569848 0.0873015 0.8171 0.466363 0.506744 0.725063 -0.30512 0.750011 0.586844 0.101522 0.105813 0.98919 -0.16306 0.281999 0.945457 0.469266 0.814582 0.340948 0.235598 0.905129 0.353886 -0.488016 0.0316516 0.872261 -0.331837 0.101488 0.937862 -0.274803 -0.0304393 0.961019 -0.371609 -0.0981477 0.923187 0.714618 0.241747 0.656414 -0.471739 0.0551918 0.880009 -0.573069 0.0519066 0.817861 -0.632981 0.25304 0.731646 0.6734 0.103083 0.732056 -0.308675 0.860581 0.405116 0.661385 0.0149885 0.749897 0.315729 -0.109973 0.942455 0.187499 -0.117868 0.975167 0.0393882 0.927116 0.3727 -0.364306 0.570932 0.735743 -0.247072 0.505536 0.826674 0.165383 0.149278 0.974867 0.819065 -0.543032 0.185063 0.814251 -0.580512 0.00116364 0.959776 -0.133236 0.247142 0.011304 0.877771 0.478948 -0.414934 0.0569898 0.908065 0.832373 0.19357 0.519312 -0.352259 -0.0226946 0.935627 0.229631 0.273568 0.93404 0.693413 0.481686 0.535871 -0.374856 -0.14306 0.915979 0.0101008 -0.0462001 0.998881 0.590899 0.8044 -0.0614768 -0.527787 0.324806 0.78482 0.884211 -0.411005 0.221914 0.964732 0.0298448 0.261536 -0.330947 0.278682 0.90156 -0.349372 0.0506474 0.935614 -0.543562 0.138164 0.82792 -0.477683 -0.00180815 0.878531 0.809754 0.456489 0.368669 -0.357251 -0.0334788 0.933408 0.216048 0.564405 0.796724 0.810512 0.383555 0.442669 -0.587159 0.136256 0.797922 -0.356799 0.0419379 0.933239 0.662865 -0.578011 0.475935 0.365466 -0.0731476 0.927946 0.257678 0.088171 0.9622 -0.105917 0.50545 0.856331 0.0224839 0.529013 0.848316 0.705088 -0.632794 0.320034 -0.168274 0.232999 0.957808 -0.0311627 0.168311 0.985241 0.0321988 0.249404 0.967864 0.867571 -0.191256 0.459065 0.813557 0.126542 0.567549 0.630382 0.333804 0.700852 0.345131 -0.665518 0.661793 0.690394 -0.507612 0.515447 0.653779 -0.334589 0.678693 0.463918 0.38424 0.79821 0.255103 -0.58036 0.773372 0.609523 0.0672117 0.789914 0.352666 -0.159415 0.92207 -0.00393298 -0.108581 -0.99408 0.0576129 -0.0263789 -0.99799 0.0316097 -0.122421 -0.991975 -0.107891 0.0938217 -0.989726 0.0809787 0.360649 -0.92918 0.0629757 0.549837 -0.832894 0.0383222 0.0512168 -0.997952 0.0827247 0.0613451 -0.994683 0.0104105 0.00332029 -0.99994 -0.0542058 -0.0243571 -0.998233 0.070982 -0.0292147 -0.99705 -0.0525941 -0.026382 -0.998267 -0.0597001 -0.0268272 -0.997856 -0.116954 -0.110357 -0.986987 -0.0706266 0.503391 -0.861168 -0.0499327 0.514871 -0.855812 -0.0609782 -0.111235 -0.991922 -0.122549 -0.0367474 -0.991782 0.0061998 -0.00368153 -0.999974 -0.0362089 0.0309381 -0.998865 -0.0280105 0.0496452 -0.998374 0.162595 0.0346427 -0.986085 0.1946 -0.0622285 -0.978907 -0.0531923 0.00545624 -0.998569 0.00155485 0.0154882 -0.999879 0.261227 0.08898 -0.961167 0.0111788 0.0345971 -0.999339 -0.0642084 0.00353511 -0.99793 -0.0147545 -0.00744521 -0.999863 -0.0484581 -0.0367353 -0.998149 0.00870069 0.00824292 -0.999928 0.0334721 -0.0278513 -0.999052 -0.0611449 -0.0882951 -0.994216 -0.0261327 -0.0528302 -0.998262 -0.014467 0.0116909 -0.999827 0.0725857 -0.041272 -0.996508 0.0276085 0.0587791 -0.997889 0.0136071 -0.00532259 -0.999893 -0.00550586 0.0770783 -0.99701 0.0126813 0.0082717 -0.999885 -0.0354188 -0.00318024 -0.999367 0.0172567 -0.0905863 -0.995739 -0.0628827 -0.0320343 -0.997507 -0.0101697 -0.00140526 -0.999947 -0.033193 0.635468 -0.771414 0.0423543 0.673612 -0.73787 -0.0239232 -0.0504274 -0.998441 -0.0682251 -0.037598 -0.996961 0.0262181 0.00530747 -0.999642 0.0705702 0.0541262 -0.996037 0.0128403 0.0984982 -0.995054 -0.0313419 -0.0300566 -0.999057 0.0225936 0.0282366 -0.999346 0.0360907 0.0134861 -0.999258 -0.0272329 -0.09058 -0.995517 -0.0544812 -0.0641083 -0.996455 -0.00627708 -0.101596 -0.994806 -0.0288801 -0.0179969 -0.999421 0.0450742 0.646753 -0.761367 0.0919802 0.00751045 -0.995733 -0.0137959 -0.0440532 -0.998934 0.0458496 -0.0362908 -0.998289 -0.0215837 0.150264 -0.98841 0.074023 -0.043139 -0.996323 0.0253934 -0.112709 -0.993304 -0.0919178 0.16776 -0.981533 0.00719381 -0.0649896 -0.99786 0.0640646 -0.0898859 -0.99389 -0.055198 0.714817 -0.69713 -0.0310715 0.0173001 -0.999367 0.0256549 0.102251 -0.994428 0.0369956 0.0898247 -0.99527 -0.0487295 0.601847 -0.797123 0.00825002 0.921463 -0.388378 0.119038 0.142587 -0.982598 0.185229 -0.103834 -0.977194 0.046894 -0.084004 -0.995361 -0.0363929 -0.0443966 -0.998351 0.0191863 -0.0538085 -0.998367 0.475496 0.0956186 -0.874506 -0.00639247 0.00988556 -0.999931 0.0798422 0.482384 -0.872314 0.099743 0.916394 -0.387651 0.106204 0.882775 -0.457635 0.0674706 -0.0297302 -0.997278 0.0332549 0.730933 -0.681639 0.0116658 -0.036699 -0.999258 0.206563 0.721043 -0.661384 0.0082727 -0.101086 -0.994843 0.0307992 0.000201565 -0.999526 -0.105581 0.0133078 -0.994322 -0.0673192 0.0456362 -0.996687 -0.0791992 -0.0682985 -0.994516 -0.0834494 -0.134788 -0.987354 -0.0605051 -0.141322 -0.988113 -0.00278185 -0.134204 -0.99095 -0.0116635 -0.049514 -0.998705 -0.0165863 -0.0603985 -0.998037 0.0030808 -0.0932403 -0.995639 0.00841619 -0.121932 -0.992503 0.000530412 0.064798 -0.997898 0.011959 -0.0517349 -0.998589 0.0238541 0.540435 -0.841048 0.0207459 0.927119 -0.374193 0.0533318 0.208012 -0.976671 0.070501 0.779446 -0.62249 0.0210433 -0.0390098 -0.999017 0.101059 0.797359 -0.594984 0.0510098 0.192493 -0.979972 0.0566166 0.57377 -0.817057 0.0280078 0.0115414 -0.999541 -0.0513675 0.153912 -0.986748 0.0805435 -0.0478167 -0.995604 0.0841154 0.291458 -0.952878 -0.0467139 0.732317 -0.67936 0.0885309 0.880578 -0.465559 0.193177 0.441736 -0.8761 -0.113812 0.614488 -0.780673 -0.217142 0.664903 -0.71467 0.0208064 0.922449 -0.385558 0.162483 0.929728 -0.330462 -0.138352 -0.00598372 -0.990365 -0.0142075 0.0532501 -0.99848 -0.0691049 -0.0863793 -0.993863 0.0900057 0.0205328 -0.99573 -0.064413 -0.0116226 -0.997856 -0.0883902 0.0509587 -0.994782 -0.0222122 0.993392 -0.112598 0.00341776 0.999974 0.00627985 0.00374022 0.999982 0.00475798 0.0419725 0.997481 -0.0571865 0.0879956 0.97324 -0.212273 0.169384 0.0552337 -0.984001 -0.032063 0.978584 -0.203337 0.0293025 -0.0117308 -0.999502 0.309311 0.0715031 -0.948269 0.0350461 0.0231735 -0.999117 0.0552451 -0.0189463 -0.998293 0.148226 0.952645 -0.26551 -0.0259466 0.971998 -0.233553 0.141247 0.98985 -0.0157099 0.0777538 0.994933 -0.0637336 0.166574 0.0198564 -0.985829 0.276224 0.0734944 -0.958279 -0.0230582 0.0437298 -0.998777 -0.0374797 0.0217126 -0.999062 0.0152264 -0.0166593 -0.999745 0.352848 0.0301725 -0.935194 -0.0173796 0.0512718 -0.998533 -0.040822 0.0594588 -0.997396 -0.0560433 0.024699 -0.998123 0.607742 0.0681969 -0.791201 0.724972 0.428083 -0.539594 -0.0175723 0.98303 -0.182602 -0.0204741 -0.00969635 -0.999743 0.0112115 0.98605 -0.166069 0.551602 0.745741 -0.373637 -0.0535901 0.0490455 -0.997358 -0.0246203 0.00786361 -0.999666 -0.0584801 -0.000361783 -0.998289 -0.0613471 -0.0318398 -0.997609 -0.0343062 -0.0381777 -0.998682 0.00818761 -0.00805197 -0.999934 -0.0264286 0.0101003 -0.9996 -0.0457653 -0.0229725 -0.998688 -0.015015 -0.187603 -0.98213 -0.00232447 -0.125089 -0.992143 -0.00390949 -0.107146 -0.994236 -0.0393505 0.0051099 -0.999212 -0.0411428 -0.024881 -0.998843 -0.0164877 -0.21331 -0.976845 -0.045124 -0.0772464 -0.99599 -0.0638346 -0.150471 -0.986551 -0.0113172 -0.0383582 -0.9992 -0.02532 -0.0386756 -0.998931 -0.111759 -0.0211637 -0.99351 -0.0531468 -0.0434808 -0.99764 -0.064086 -0.152248 -0.986262 0.0205453 -0.25274 -0.967316 0.0217426 -0.0302231 -0.999307 -0.00852928 -0.0483711 -0.998793 -0.0130507 -0.0893194 -0.995918 0.0175611 -0.0290591 -0.999423 -0.223688 -0.12718 -0.966328 -0.23357 0.309011 -0.921931 0.0305058 -0.0127145 -0.999454 -0.0407671 0.340539 -0.939346 -0.0833906 0.732543 -0.675594 -0.00616386 -0.0193941 -0.999793 -0.085531 0.453725 -0.887028 -0.0355219 0.872267 -0.487738 0.0362214 -0.178112 -0.983343 0.013283 0.355403 -0.934619 -0.0376293 0.937934 -0.344766 0.00466386 0.00111627 -0.999988 0.0540636 0.319857 -0.945922 0.052747 0.936376 -0.347012 0.0259716 0.461712 -0.88665 0.080619 0.938397 -0.336025 0.319622 0.0854868 -0.943681 0.0433431 0.0305638 -0.998593 0.0462014 0.0112837 -0.998868 -0.0307677 -0.0267228 -0.999169 -0.0436853 0.0250726 -0.998731 -0.0307063 0.701334 -0.712172 0.00941934 -0.0161898 -0.999825 0.0231608 -0.0240314 -0.999443 -0.116326 0.660276 -0.74196 -0.0251204 0.930867 -0.364493 -0.0680567 0.938603 -0.338221 -0.0509087 0.960682 -0.272944 -0.0202281 0.966524 -0.255778 -0.0162507 -0.0600532 -0.998063 0.0357325 0.987246 -0.155143 0.0719163 0.991873 -0.104959 -0.00950146 0.989549 -0.143882 -0.0351854 -0.0580645 -0.997693 0.0932495 0.0325144 -0.995112 0.0528239 -0.128183 -0.990343 -0.0214238 -0.0425927 -0.998863 0.0116964 0.0145409 -0.999826 -0.0124355 -0.0193761 -0.999735 -0.00798532 0.0588572 -0.998235 0.0630919 0.0532083 -0.996588 0.0355232 0.99881 0.0334208 0.0270867 0.999137 0.0314966 0.0751529 0.996627 0.0329748 0.285828 0.094779 -0.953582 0.0213928 0.996093 -0.0856822 0.00496398 0.995941 -0.0898744 -0.0542806 0.99511 -0.0825193 -0.063142 0.997988 0.00580454 0.266991 0.128234 -0.955129 0.113879 0.0354579 -0.992862 0.0223966 0.993696 0.109848 0.0300622 0.99146 0.126901 0.0748956 0.986658 0.144557 0.573841 0.367365 -0.731949 -0.0220378 0.993236 0.114005 -0.010937 0.993033 0.117329 0.0451805 0.993219 -0.107117 -0.0230994 0.999548 -0.0192262 0.182636 0.983084 -0.0138022 0.427887 0.887993 -0.168467 0.0701845 -0.0293207 -0.997103 0.0069414 0.105306 -0.994416 -0.42614 0.309285 -0.850146 -0.24521 -0.0349872 -0.968839 -0.0999228 -0.0701499 -0.992519 -0.0413979 -0.00138679 -0.999142 0.00847219 -0.212376 -0.977151 -0.55309 0.334207 -0.763149 -0.209149 0.247927 -0.945933 -0.549363 -0.0384258 -0.8347 -0.337965 0.811227 -0.47717 -0.0218258 0.936089 -0.351086 0.0208213 0.989463 -0.143281 0.027703 0.997908 -0.058417 -0.00874604 0.998814 0.0478958 -0.748125 0.1691 -0.641649 -0.895329 0.318103 -0.311764 -0.439921 0.890843 -0.113436 0.0709805 0.997337 0.0167291 0.0333129 0.999351 0.0137385 0.0388007 0.998112 0.0476163 0.0503232 0.995319 0.0825142 0.0380625 0.99894 0.0258747 0.00960078 0.99964 0.025054 -0.0108507 0.998322 0.05688 -0.0269667 0.998165 0.0542242 0.0271622 0.998229 0.0529221 0.161563 0.343231 -0.925251 0.00987068 0.999303 0.0360028 0.359057 0.765431 -0.534035 0.147241 0.649863 -0.745653 0.0518171 0.197627 -0.978907 -0.0645072 0.690908 -0.720059 0.0735188 0.994664 0.072371 -0.0113098 0.997223 0.0736061 0.0566578 0.995351 0.0778849 -0.813536 0.581258 0.0172902 0.0632083 0.982852 0.173225 -0.0105535 0.999319 0.0353673 0.100746 0.836535 -0.538572 -0.026539 0.919069 -0.393202 0.31963 0.881462 -0.347652 -0.00161145 0.999254 0.038592 0.0286824 0.985175 0.169138 0.0887841 0.995433 -0.0350675 0.0833858 0.996491 -0.00729648 0.00693866 0.989398 -0.145064 0.0451774 0.970731 -0.235883 -0.0138362 0.997634 0.0673428 0.0194293 0.994535 0.102583 -0.978029 0.182962 0.0999265 -0.328768 0.943831 0.0330715 0.0285499 0.996471 0.0789368 -0.0145391 0.997719 0.0659211 0.0264315 0.996749 0.0761045 -0.175753 0.953595 -0.244474 0.116407 0.933806 -0.338315 0.160299 0.933624 -0.32039 -0.00829706 0.997963 0.0632478 0.0283485 0.991725 0.125213 0.00673527 0.999944 0.00816145 0.0477072 0.98873 -0.141903 0.0231053 0.995441 0.0925409 0.0443458 0.995722 0.0810621 0.0490327 0.997984 -0.0402887 0.106691 0.994218 0.0121765 -0.00509939 0.982775 -0.184736 0.0716678 0.989398 -0.126312 -0.0814272 0.993522 -0.0792733 -0.252529 0.964 -0.0832714 0.165446 0.986044 -0.018594 0.107767 0.948077 -0.299226 -0.802618 0.596026 -0.0236081 -0.393567 0.916452 0.0722563 -0.00837129 0.999235 0.038211 0.115243 0.975913 0.185236 -0.026856 0.988229 0.150604 0.0628764 0.985979 0.154572 -0.0789667 0.996071 -0.0400907 -0.046121 0.994536 -0.0936572 0.0767145 0.969883 -0.231175 0.00908276 0.996199 0.0866275 0.0663697 0.947748 -0.312041 0.104671 0.99021 -0.0923451 -0.946236 -0.106168 -0.305557 -0.999062 0.0175278 -0.0395974 0.0282477 0.988161 0.150801 0.0436071 0.9989 -0.0172287 0.0405421 0.990646 -0.130299 0.0810686 0.996053 -0.0361533 -0.0224042 0.675905 0.736648 -0.1286 0.254358 0.958522 0.528184 0.214609 0.821562 -0.826776 0.102679 0.553081 0.101717 -0.0568176 0.99319 -0.749411 -0.24544 0.614933 0.0949314 0.980619 -0.17139 0.420844 -0.0971212 0.901919 -0.476946 -0.371813 0.796416 -0.318831 -0.400091 0.859229 0.00620786 0.988937 -0.148209 -0.124906 0.991657 -0.031861 -0.0144082 0.992881 -0.118233 -0.0229824 0.999517 0.020941 0.0300416 0.99313 0.113097 -0.0133636 0.963156 -0.26861 0.156332 0.985604 -0.0643766 0.00191179 0.999976 0.00673728 0.0235898 0.995167 0.0953195 0.501639 0.526749 0.686218 -0.593856 0.804491 -0.0114149 0.519457 0.366138 0.77208 0.103839 0.991886 -0.0733483 -0.594298 0.400565 0.697393 -0.1675 0.729974 0.662632 0.303374 0.930648 -0.204592 -0.916617 -0.0595328 0.39531 -0.87393 -0.227762 0.429386 -0.926414 -0.265164 -0.267292 -0.916339 0.331239 -0.224955 -0.0103397 0.984908 0.172769 0.00895474 0.985481 -0.169549 0.0575382 0.981005 -0.185254 0.0712654 0.982324 0.173091 -0.832009 -0.236129 0.501999 -0.226203 0.901261 -0.369542 -0.0142872 0.959764 -0.280443 0.446506 -0.127077 0.885711 -0.207031 -0.376649 0.902925 -0.734165 -0.242459 0.634205 0.301029 -0.321508 0.897783 -0.0561585 0.992658 0.107131 -0.0758336 0.98591 -0.1491 -0.240462 0.970494 -0.0178586 0.0224849 0.948536 0.31587 0.0874523 0.995429 0.038372 0.0548771 0.996375 0.0650093 0.0572022 0.977272 -0.204124 -0.0113096 0.952921 -0.303008 -0.473702 0.877385 -0.0761683 0.0986698 0.980837 -0.167995 0.097146 0.948282 -0.302199 -0.122246 0.912034 -0.391472 -0.00234685 0.891889 -0.452247 0.0614416 0.880964 -0.469178 0.0165461 0.994855 0.0999469 -0.0148176 0.997027 0.0756205 0.624402 0.558691 0.545882 0.370694 0.702181 0.607888 0.161155 0.986863 -0.011412 0.541222 0.68323 0.49018 0.110093 0.972912 -0.203276 0.663289 0.429407 0.612908 0.188194 0.974884 -0.119096 0.196115 0.978479 0.0641653 -0.0271632 0.99658 -0.0780478 -0.181835 0.982852 0.0306374 0.694649 -0.0192813 0.719091 -0.0883787 0.985756 -0.143089 -0.549167 0.834584 -0.0434056 -0.243761 0.967877 0.0616055 -0.18723 0.8828 -0.430824 0.710346 -0.166842 0.683792 -0.11963 0.979035 -0.164864 0.0598049 0.989702 -0.130054 0.646969 -0.40996 0.642934 -0.546179 -0.136246 0.826514 -0.62274 -0.0690463 0.779377 -0.0615412 0.993851 0.0920441 0.464487 -0.458932 0.757386 0.000516785 -0.297563 0.954702 -0.46777 -0.0444354 0.882732 0.196333 -0.372718 0.906937 -0.0817882 0.951706 -0.295918 0.601347 0.533673 0.594622 0.788721 0.502577 0.354027 0.026695 0.998959 -0.037 -0.0236989 0.999716 0.00258006 0.70926 0.598685 0.37219 -0.292071 -0.233621 0.927424 0.0154761 -0.43054 0.902439 0.401301 -0.50415 0.764716 -0.0471665 0.462159 0.885542 -0.543684 0.0931096 0.834109 -0.308315 0.944405 0.114193 0.00346112 0.981895 -0.189396 -0.137485 0.990389 -0.015112 0.0887099 0.986414 -0.138268 -0.0649899 0.997428 0.0302424 -0.0879329 0.996112 0.0053614 0.0299049 0.968965 -0.245383 0.262343 0.950215 -0.168132 -0.0939701 0.889073 -0.448017 0.016043 0.877525 -0.479262 -0.983287 0.0385956 -0.177923 0.61919 0.749852 0.233079 0.875435 0.351541 0.331712 0.953995 -0.0422703 0.296828 0.686548 0.687102 0.237786 -0.722376 -0.112481 0.682291 0.976191 -0.156817 0.149864 0.920228 -0.365145 0.140891 -0.43063 0.0169639 0.902369 -0.455404 -0.0601693 0.888249 0.760629 -0.506984 0.405476 0.753127 -0.479625 0.450288 -0.0654252 0.876841 0.476307 0.175031 0.983644 -0.0425226 0.0181231 0.939102 0.34316 -0.0174632 0.866036 0.499677 -0.0500355 -0.0212017 0.998522 -0.0426048 0.134879 0.989946 -0.00199413 0.912865 0.408258 0.244116 0.922583 0.298743 0.0304232 0.943012 0.331365 0.0017738 0.697991 0.716104 0.482586 0.428725 0.763745 0.00201379 0.999995 0.00262052 -0.0328274 0.998643 -0.0404226 -0.183447 0.938258 0.293291 -0.017938 0.993445 0.112891 0.0352802 0.982175 0.184627 -0.0166695 0.992365 0.122204 0.0439517 0.963566 0.263836 -0.0209653 0.987919 0.153548 0.0592314 0.870805 0.488048 0.045996 0.884924 0.463459 0.141406 0.98992 -0.0079691 -0.147271 -0.00724007 0.98907 0.0200089 0.969918 0.24261 -0.189156 -0.0726801 0.979254 -0.0460291 -0.060259 0.997121 -0.138988 0.962486 -0.233028 0.00902472 0.990939 0.134012 0.0410798 0.997342 0.0601839 0.0927982 0.982805 0.159636 0.00440316 0.918113 0.396294 0.780217 -0.550453 0.297091 0.574938 -0.601306 0.554867 -0.220403 -0.14533 0.964521 0.154629 -0.384851 0.909934 0.106244 -0.298453 0.948492 0.993952 0.108375 -0.0177255 0.950237 -0.171014 -0.260391 -0.23392 -0.0734446 0.969478 -0.276493 0.0443241 0.959993 0.843613 -0.268223 -0.46516 0.886674 -0.449143 -0.109912 0.00848287 0.0587046 0.998239 0.836963 0.543679 0.0624949 0.537471 0.406691 0.738733 0.876776 0.063819 0.476646 0.0440167 0.0363029 0.998371 -0.0320937 0.152134 0.987839 0.0260603 0.192624 0.980927 -0.0319818 0.671975 0.739883 0.131086 -0.072396 0.988724 0.386213 0.218021 0.896273 -0.449577 0.013262 0.893143 -0.405417 0.195735 0.892931 -0.0495841 0.0400137 0.997968 -0.0572302 0.421156 0.905181 0.029839 0.664309 0.746862 -0.160836 -0.0850504 0.98331 -0.00635477 0.0405486 0.999157 -0.199636 0.225048 0.953676 -0.135214 0.431685 0.891832 -0.119445 -0.0070178 0.992816 -0.0700078 -0.0556694 0.995992 -0.570992 0.326629 0.753181 -0.145445 0.151239 0.977738 0.0363711 0.431601 0.901331 0.00512659 -0.0233939 0.999713 -0.0218159 -0.033322 0.999207 0.136198 0.00271719 0.990678 0.0327142 -0.00314725 0.99946 0.0299349 -0.0416704 0.998683 0.0187946 -0.0436754 0.998869 0.4565 0.418715 0.785039 0.102404 0.099454 0.989759 0.48697 0.25657 0.834884 -0.0668407 0.00899395 0.997723 -0.0831212 -0.0176901 0.996382 -0.643763 0.515906 0.565164 -0.192641 0.638845 0.744827 -0.321315 0.197056 0.926243 -0.308946 0.0728918 0.948282 -0.289153 0.122281 0.949441 -0.778308 0.42855 0.458891 -0.289926 0.903484 0.315688 0.166842 0.982663 0.0808488 -0.0613043 0.909443 0.411285 -0.0762325 0.976666 -0.200777 0.381068 -0.0168458 0.924394 0.0124941 0.885207 0.465029 -0.140954 -0.123557 0.982276 0.0229992 -0.038421 0.998997 0.179335 0.976903 0.11619 0.10518 0.884195 0.455123 0.0696663 0.0501658 0.996308 -0.0688028 0.00699844 0.997606 -0.0858244 0.995045 0.0502009 -0.0405055 0.919083 0.391976 0.0378404 0.818801 0.57283 0.147968 -0.0271902 0.988618 0.395441 0.915676 0.0718579 0.394863 0.529569 0.750759 -0.11117 0.4193 0.901015 0.259826 0.29954 0.918023 -0.168551 0.158851 0.972809 0.217545 0.119845 0.968665 0.0616049 0.703058 0.708459 -0.184215 0.512753 0.83854 -0.0174244 0.536324 0.843833 0.313349 0.128656 0.940883 -0.0599255 0.521592 0.851088 -0.0485652 0.671751 0.739183 -0.0144961 0.68622 0.727249 0.135211 -0.0491502 0.989597 0.107574 0.00556951 0.994182 0.0519099 0.00841288 0.998616 0.0520337 -0.0127197 0.998564 -0.375449 0.130039 0.917675 0.0412972 0.00887193 0.999108 0.026507 0.00198263 0.999647 0.042366 -0.0236107 0.998823 0.0379808 -0.0655566 0.997126 0.967998 -0.250956 0.000544518 0.0340418 -0.00509965 0.999407 0.0378593 0.0104565 0.999228 0.0295578 0.0155292 0.999442 0.0334297 -0.0597764 0.997652 0.539846 -0.67508 0.502824 0.0116681 -0.0381532 0.999204 0.387859 -0.613413 0.687961 0.931071 0.335415 0.143537 0.583477 0.742036 0.330056 0.965261 -0.226821 -0.129703 0.0210781 0.0785655 0.996686 0.288312 0.483494 0.826504 0.296338 0.399473 0.867528 0.00409517 0.0241897 0.999699 0.926461 -0.132192 -0.352415 0.501961 0.819902 0.27531 -0.21163 -0.01738 0.977195 -0.746248 0.0521692 0.663621 0.623665 0.713793 0.318656 -0.0694456 -0.00158217 0.997585 -0.482048 -0.00344273 0.876138 0.889084 -0.228451 -0.396661 -0.535472 0.128263 0.834756 -0.712102 -0.361785 0.601684 -0.993601 0.112083 0.0139328 -0.937084 0.2099 0.278956 -0.0415722 -0.0358837 0.998491 -0.855504 0.476453 0.202745 0.941496 -0.274437 -0.195629 -0.536528 0.820132 0.1988 -0.177731 0.881969 0.436511 -0.553547 -0.129936 0.822619 -0.123019 0.161258 0.979215 0.0656184 0.866796 0.494327 -0.0405397 0.0689137 0.996799 -0.0223399 -0.0657018 0.997589 -0.544864 0.389967 0.742327 -0.210306 0.138802 0.967732 -0.000117903 0.943493 0.331393 -0.568149 0.12177 0.813867 0.0380554 -0.0612772 0.997395 -0.0513984 -0.0775203 0.995665 0.015082 -0.0553936 0.998351 0.0633695 0.0353162 0.997365 0.0354616 0.0113313 0.999307 0.0400384 0.0402503 0.998387 -0.234219 0.516903 0.823379 -0.00865437 0.0224644 0.99971 0.0397408 0.00311447 0.999205 -0.671671 0.329362 0.66361 -0.651814 -0.206492 0.729725 0.103519 -0.227492 0.968262 0.300291 -0.194416 0.933824 -0.447829 -0.282544 0.848303 -0.0204447 -0.0741546 0.997037 -0.473304 -0.15639 0.866906 -0.0167745 0.597239 0.801888 -0.00751663 -0.0426359 0.999062 -0.0158167 -0.0360913 0.999223 0.124607 -0.00516735 0.992193 0.0453042 0.00456107 0.998963 0.0306102 0.00241528 0.999528 0.0633451 0.00352777 0.997985 0.560252 0.661569 0.498442 0.807231 0.442112 0.391043 -0.17205 -0.146842 0.974082 0.878495 0.410413 0.244556 -0.71313 -0.227841 0.662974 -0.732528 -0.129556 0.668295 -0.44739 -0.250811 0.85845 -0.774654 -0.419995 0.472775 0.863832 -0.460372 0.204576 -0.028522 0.253301 0.966967 0.0287645 -0.0306639 0.999116 0.0228935 0.193982 0.980738 -0.34653 0.110138 0.931551 -0.931226 -0.205266 0.301138 -0.930433 0.256944 0.261295 -0.294707 0.151031 0.943577 0.757224 -0.58162 0.297205 0.06458 -0.00186711 0.997911 0.0435278 0.0114488 0.998987 0.0777133 0.0309127 0.996496 -0.0122004 -0.0375679 0.99922 -0.763341 0.492157 0.418441 0.517916 -0.814985 0.259927 0.463037 0.718373 0.519169 0.829955 0.498421 0.250503 -0.165264 0.113363 0.979712 -0.878124 0.447757 0.168559 0.742688 0.614005 0.267232 0.0255753 0.0225887 0.999418 -0.239157 0.195464 0.951104 0.0685717 -0.0148951 0.997535 0.0537214 -0.00478776 0.998545 -0.844062 0.535842 0.0208039 0.0715041 -0.00798575 0.997408 0.0676532 -0.0160215 0.99758 0.0693001 -0.00342921 0.99759 0.0875879 0.0375818 0.995448 -0.141549 0.12223 0.982356 0.921842 0.376077 -0.0936693 -0.00483906 0.063268 0.997985 0.03585 0.0289039 0.998939 0.670652 -0.659106 0.340301 0.921886 -0.0354272 0.385838 0.528823 0.226712 0.817892 -0.0434198 0.187519 0.981301 0.748563 0.49708 0.438822 0.913241 0.400423 0.0751755 -0.215765 0.181712 0.959388 0.065825 -0.0268672 0.997469 -0.680345 -0.039113 0.731848 -0.5608 0.498915 0.660747 0.693753 0.00481039 0.720197 0.0556448 -0.0374418 0.997748 0.279702 0.0787502 0.956852 0.7606 0.0439474 0.647731 0.682192 0.589666 0.432328 0.0385143 0.0084569 0.999222 0.00947217 0.999399 0.0333593 -0.0534209 -0.00506764 0.998559 -0.051165 -0.0514494 0.997364 -0.0660634 -0.00036394 0.997815 0.108289 0.230564 0.967013 0.0349762 0.100521 0.99432 -0.0462839 0.000445169 0.998928 -0.0413625 0.0143103 0.999042 -0.0491382 0.12628 0.990777 0.0533053 -0.00596429 0.99856 0.076155 0.152093 0.985428 -0.16083 0.275754 0.947678 0.124309 -0.0472479 0.991118 0.0443886 -0.0512162 0.997701 0.0603372 -0.00613047 0.998159 0.0494775 -0.0164894 0.998639 -0.239299 0.400704 0.884405 0.48182 0.739287 0.47043 0.752751 0.376047 0.540327 0.813437 -0.454536 0.362928 0.151552 0.11378 0.981879 0.149222 0.346903 0.925954 0.446975 0.344522 0.825541 0.428617 0.00290784 0.903482 0.104678 -0.00534367 0.994492 0.493816 0.0363116 0.868808 -0.027797 -0.050551 0.998335 -0.0467061 -0.039153 0.998141 0.78726 0.496424 0.365767 0.950543 -0.271307 -0.151197 0.0509869 -0.0433705 0.997757 0.113644 0.0558839 0.991949 0.0612097 -0.0372792 0.997429 -0.115134 -0.0748692 0.990524 0.415157 0.851873 0.319307 0.781342 0.603839 0.157747 -0.0123068 -0.172451 0.984941 -0.189348 -0.0391176 0.98113 -0.00294055 0.0200254 0.999795 0.0463321 0.140506 0.988995 0.030022 0.0251597 0.999233 0.034124 0.0503924 0.998146 0.0927247 0.272616 0.957644 0.0210484 0.175438 0.984266 0.020346 0.840431 0.541537 0.0536778 -0.00855549 0.998522 -0.0450161 -0.0353648 0.99836 0.0622283 0.888061 0.455495 0.0167759 0.67114 0.741141 0.0211741 0.512093 0.858669 0.0186927 -0.0270687 0.999459 0.0422844 -0.0441503 0.99813 0.572936 0.317864 0.755452 0.65179 0.309714 0.692276 0.0378028 -0.0170915 0.999139 0.595133 0.181178 0.782938 0.669852 0.0117604 0.742401 0.120475 -0.084119 0.989146 0.427721 0.513194 0.744101 -0.0506681 0.425464 0.903556 -0.488504 0.383849 0.783597 -0.333189 0.217074 0.917531 -0.354618 0.0921158 0.930463 -0.234335 0.3749 0.89696 -0.299437 0.541094 0.785847 -0.277882 0.671763 0.68667 -0.984473 0.163487 0.0639095 -0.949189 0.201904 0.241401 -0.67878 0.420682 0.601901 0.0373593 0.121971 0.99183 -0.900577 0.388812 0.194386 0.124529 0.0656753 0.99004 0.047633 0.104924 0.993339 -0.212103 -0.0520408 0.975861 -0.992516 -0.0487309 0.111967 -0.908415 -0.17664 0.378921 -0.645809 0.585309 0.49025 0.0138365 0.232324 0.97254 -0.864158 -0.0395942 0.501661 -0.901391 -0.245487 0.356695 -0.891035 0.108532 0.440769 -0.780732 0.456335 0.426868 -0.864127 0.28105 0.417486 -0.908899 -0.189623 0.371411 -0.892772 -0.416352 0.17207 0.0742957 0.611542 0.787716 0.0021483 0.479918 0.877311 -0.429904 0.842516 0.324575 0.0449267 -0.0362426 0.998333 -0.0136574 0.39987 0.91647 -0.779078 0.50315 0.374003 0.043428 0.0882399 0.995152 -0.886279 0.203575 0.416013 -0.903166 -0.267607 0.335675 -0.856839 -0.479035 0.190666 -0.999226 -0.0187379 -0.0345838 -0.957389 0.256235 -0.133233 -0.824506 0.553681 -0.116735 0.181775 0.952629 0.243835 -0.820173 0.570441 0.0437543 0.85453 0.094743 0.510688 0.767308 0.585228 0.262196 -0.909721 0.413877 0.0333589 0.129856 0.699118 0.703116 0.0477313 0.0129699 0.998776 0.0219451 0.00259659 0.999756 0.0310773 -0.00886246 0.999478 0.0628914 0.0290861 0.997596 0.0597332 0.00382788 0.998207 0.068772 0.00551155 0.997617 0.0541165 -0.02814 0.998138 0.884721 0.465177 0.0296355 0.638075 0.733828 0.233144 0.483638 0.783349 0.39046 0.827831 0.559645 0.0386399 0.00960547 0.0678999 0.997646 0.0379491 0.0437382 0.998322 0.057272 -0.0212205 0.998133 0.0511153 -0.0178772 0.998533 0.0876119 0.023321 0.995882 0.0480107 0.332167 0.941998 0.0364153 -0.0114927 0.999271 0.0624316 -0.0155707 0.997928 0.0654478 -0.023779 0.997573 -0.690849 0.0701584 0.719587 -0.755657 0.207418 0.621257 -0.42264 0.388339 0.818882 0.0198274 0.0381893 0.999074 0.0259971 0.393437 0.918984 0.0248017 0.0801763 0.996472 0.0394359 0.448481 0.892922 -0.109851 0.321823 0.940406 -0.265047 0.301946 0.91574 -0.00698663 0.0368776 0.999295 0.601907 0.348083 0.718711 0.538365 0.354652 0.764451 0.0272414 0.195363 0.980353 -0.0174366 0.394523 0.918721 0.49722 0.215269 0.840495 -0.917124 0.373811 -0.13838 -0.843896 0.514058 0.15357 -0.88949 0.43208 0.148709 -0.939251 0.341071 -0.0384443 -0.90753 0.173399 0.38252 -0.650123 0.627837 0.427974 -0.427074 0.852162 0.302369 0.719562 0.34718 0.601413 0.738459 0.330807 0.587576 0.620092 0.782954 0.0496915 0.0688584 -0.033197 0.997074 0.497437 0.684308 0.533178 0.69664 0.0757826 0.713407 0.835548 0.0391888 0.548018 0.613551 0.259149 0.745921 0.0655958 -0.0327133 0.99731 0.499987 0.0453947 0.864843 0.043337 -0.0124424 0.998983 0.899865 -0.200896 -0.387148 0.971795 -0.203403 -0.119335 0.981599 -0.17247 -0.0819667 0.52965 0.781082 0.33073 0.22243 0.97323 0.057859 0.674922 0.735681 -0.0570519 0.890229 0.454115 -0.0356646 0.940528 0.319474 -0.115512 0.501988 -0.864209 0.0339167 0.871864 -0.480759 0.093403 0.980533 0.188356 0.0554774 -0.5463 0.313316 0.776781 -0.67721 0.25208 0.691261 -0.54754 0.182539 0.816627 -0.401263 0.150657 0.903488 -0.82684 0.316375 0.465019 -0.761698 0.354085 0.542623 -0.345066 0.175647 0.921997 -0.330624 0.237054 0.913506 -0.566777 0.537982 0.623971 -0.54821 0.737733 0.393974 0.0279263 -0.0135682 0.999518 -0.61603 0.674648 0.406641 -0.461906 0.831395 0.30891 0.307313 0.261523 0.914967 0.120385 0.721718 0.681638 0.331957 0.844663 0.41994 0.584205 0.78431 0.208717 -0.917684 0.326597 -0.226255 0.356105 -0.647433 0.67381 0.225806 0.642431 0.732321 0.296982 0.703322 0.645864 -0.901041 0.417704 -0.116829 0.211736 -0.495118 0.842631 0.540066 -0.77803 0.320933 0.901089 -0.406432 0.151168 -0.680187 -0.0277949 0.732512 -0.649129 -0.607995 0.457137 -0.828572 -0.479078 0.289747 0.848518 0.521594 0.0892004 0.942651 -0.317135 0.104092 0.513904 0.251495 0.820154 0.0940194 0.992117 0.0828457 -0.950249 0.0151939 0.31112 -0.803564 0.470972 0.363965 -0.895266 0.104181 0.433179 0.80483 0.23489 0.545046 -0.174083 0.951471 0.25377 0.948976 -0.257112 0.182587 0.778391 0.0207951 0.627436 0.563663 -0.64229 0.519373 0.50121 -0.820801 0.273997 -0.00437624 0.103965 0.994571 0.491502 -0.844093 0.21432 0.355893 0.908307 -0.219815 -0.210442 0.395118 0.894201 0.0455879 0.146541 0.988154 0.345143 0.93081 -0.120288 0.274518 0.105921 0.95573 0.929477 0.242506 -0.277962 -0.49593 -0.184457 0.848545 -0.546849 -0.584761 0.599175 -0.90603 -0.373913 0.198239 -0.787392 0.604719 -0.119703 -0.923548 0.383045 -0.0183279 -0.959794 0.263431 -0.096954 -0.847458 0.370811 0.379888 0.0188479 -0.000943843 0.999822 0.851292 0.45266 0.265333 0.897994 0.439202 -0.0266137 0.567525 0.736979 0.367121 -0.915529 0.316564 0.248182 -0.86046 0.384069 0.334812 -0.83544 0.521851 0.17237 0.0311273 -0.0041656 0.999507 0.0151311 0.0122952 0.99981 -0.0878292 0.0100438 0.996085 -0.251215 0.0502017 0.966629 0.0128791 0.00819916 0.999883 0.0455356 -0.0361019 0.99831 0.0133341 0.00364364 0.999904 0.0531006 0.00673899 0.998566 0.0508728 -0.0340542 0.998124 0.0718428 -0.0260835 0.997075 0.078275 -0.0141009 0.996832 0.0500903 0.100396 0.993686 0.00790472 0.32353 0.946185 0.752887 0.633835 -0.17724 -0.352964 0.766671 0.536313 -0.563738 0.552495 0.613962 -0.539953 0.33449 0.772378 -0.641815 -0.0287274 0.766321 0.895364 0.284205 -0.342859 0.905767 0.418543 -0.0663899 -0.391087 0.532242 0.750846 -0.69135 0.0199478 0.722244 -0.423563 -0.756725 0.497958 -0.46252 0.464906 0.754942 0.745269 0.292878 0.598997 0.791862 0.173191 0.585627 -0.474582 -0.241554 0.846418 -0.260588 0.906613 0.331884 -0.446396 0.0954029 0.889736 -0.274234 -0.429095 0.860624 -0.72486 0.0881033 0.68324 0.890854 0.454279 0.00321633 -0.671353 -0.23505 0.702877 -0.782592 0.617981 -0.0751587 0.688136 0.229294 0.688399 -0.886751 0.459404 -0.0512004 -0.987524 0.137951 0.0759398 0.264752 0.208863 0.941426 0.255572 -0.106847 0.960868 0.212514 0.61698 0.757742 0.225761 0.651011 0.724718 0.20564 -0.613198 0.762693 0.155129 -0.911532 0.380848 -0.363353 0.671069 0.646251 0.472826 -0.775144 0.419031 0.865021 0.386672 -0.319724 0.9375 -0.33199 0.104288 0.491993 0.833659 0.250911 0.630433 -0.598738 0.494031 0.508555 -0.550242 0.662273 0.0967741 -0.937213 0.335062 -0.265005 -0.742078 0.615706 -0.680291 -0.72963 -0.0696107 -0.903758 0.339932 0.260131 0.844847 -0.398497 0.35698 0.18258 -0.800461 0.5709 -0.836071 0.432915 0.337 -0.62553 0.679581 0.383252 0.468093 0.881027 0.0684121 -0.537908 0.498327 0.679945 -0.0196263 0.995491 0.0928071 0.490963 0.840418 0.229463 -0.411506 0.645875 0.643046 -0.119388 0.99173 -0.0470933 -0.65686 0.0270783 0.753526 -0.307898 0.283051 0.90834 -0.175862 -0.50485 0.845103 -0.446583 -0.645208 0.619896 0.37619 0.925253 0.0488744 -0.67787 -0.263884 0.68619 0.74518 0.210878 0.632644 0.802246 0.247116 0.543447 0.801684 0.20166 0.562705 0.462512 0.101321 0.880805 0.170585 0.755296 0.632794 0.330589 0.10702 0.937687 0.065717 0.241293 0.968225 0.250265 -0.158997 0.955033 0.289022 0.445965 0.847102 0.202048 0.60289 0.771816 -0.225729 -0.210246 0.951232 0.101033 -0.864601 0.492196 0.0694515 -0.648216 0.758283 0.18129 0.347207 0.920098 0.330937 0.567594 0.753869 -0.000869088 0.631029 0.775759 0.127827 0.926124 0.354901 -0.548846 -0.345949 0.760978 -0.457226 -0.154778 0.875778 -0.900706 -0.156232 0.405365 0.803142 -0.4523 0.387799 0.96266 -0.266617 0.0469097 0.148806 -0.836459 0.52744 0.98403 -0.147595 0.099501 0.985953 -0.0712407 0.15107 0.986215 -0.0348762 0.161753 -0.999886 0.00998801 -0.0113171 0.538079 -0.645703 0.541792 0.105675 -0.717512 0.688483 -0.103386 -0.859137 0.501193 -0.542744 -0.647792 0.534597 0.127693 -0.202832 0.970852 -0.968015 0.247401 -0.041697 -0.935346 0.342746 -0.0874825 -0.875157 0.477426 0.0785084 -0.786434 0.508017 0.351341 -0.796882 0.116956 0.592706 -0.593268 0.0977528 0.799048 -0.592523 0.335404 0.732407 0.117561 0.99306 0.00324695 0.881424 0.447289 -0.151738 -0.0802224 0.889036 0.450754 0.896408 0.32895 -0.297059 0.803732 0.591611 -0.063337 -0.805083 0.22894 0.5472 -0.36817 0.721924 0.585898 0.138557 -0.935398 0.32532 -0.23979 0.656192 0.715481 0.527364 -0.747988 0.402991 -0.605306 0.349514 0.715154 0.858669 -0.441492 0.26033 -0.614086 0.610446 0.500254 -0.361592 0.674451 0.643713 -0.383375 0.65406 0.652096 -0.154456 0.210268 0.965366 0.859423 -0.443411 0.254516 0.0968994 -0.961519 0.257084 0.696953 0.709007 0.107539 0.0560426 -0.478172 0.876476 -0.22534 -0.365091 0.903288 0.839868 -0.511609 0.181326 -0.0898502 0.182726 0.97905 0.121248 0.214722 0.96912 0.283477 0.729583 0.622374 0.723442 0.685333 0.083369 0.236075 0.703687 0.670145 0.217565 0.707719 0.67216 -0.0816959 0.974946 -0.206896 0.189502 0.808257 0.557503 -0.494782 -0.606077 0.622785 -0.936035 -0.324629 -0.135849 -0.927744 -0.362476 0.0888997 -0.756858 0.320963 0.569341 -0.677512 0.318474 0.662987 -0.625697 -0.480918 0.614183 0.663453 0.654776 -0.362075 0.196319 0.930476 -0.309311 0.346051 -0.240351 0.906907 0.245539 -0.0728687 0.966644 0.264115 0.877464 0.400376 -0.368153 -0.465371 0.804918 -0.519053 0.465097 0.717125 0.643707 0.478756 0.597022 0.208971 0.928469 0.307046 -0.463724 -0.656484 0.59497 -0.564369 0.152164 0.811377 -0.178086 0.454558 0.872733 0.0397448 0.944084 0.327301 -0.228067 -0.041346 0.972767 -0.581893 0.0643811 0.810713 -0.96504 -0.0334141 0.259964 -0.932994 -0.157328 0.323681 0.276217 0.839804 0.467368 -0.810519 -0.566291 0.149578 -0.0269489 -0.844054 0.53558 -0.89987 0.430272 -0.0714132 -0.869649 0.493304 0.0190185 -0.864319 0.501267 0.0410283 -0.198304 -0.765541 0.612064 -0.0483148 -0.922848 0.382123 -0.790997 0.55641 0.254425 -0.719504 0.638232 0.273813 0.10812 -0.924797 0.364776 -0.25326 0.53753 0.804314 0.729118 -0.563631 0.388211 0.865781 -0.455848 0.206462 0.846547 0.532121 -0.0143462 -0.0489987 0.935547 0.349786 -0.254829 0.760277 0.597529 0.973235 -0.136778 0.184678 -0.141831 0.205874 0.968246 0.488184 -0.763036 0.423618 -0.0435011 -0.952082 0.302735 -0.395765 0.0134497 0.918253 -0.515157 0.159005 0.842218 0.474373 0.80863 0.347976 0.949255 -0.00633564 0.314445 0.298152 -0.550109 0.780055 -0.631633 -0.694907 0.343721 0.84532 0.483306 0.227703 0.495374 0.868355 -0.0237651 0.821594 0.268215 0.503035 0.631856 0.736019 0.242968 0.89175 0.285413 0.351171 0.907176 0.215579 0.361327 0.819176 0.564837 0.0995471 0.242959 0.963666 0.110993 0.667538 0.694527 0.268376 0.822615 0.252407 0.509506 -0.819691 -0.428533 0.380088 -0.96872 -0.12925 0.211838 -0.88256 -0.335217 0.329722 -0.929195 0.36746 -0.0396139 -0.757188 0.650621 -0.0579629 0.182738 0.510301 0.840357 0.219435 0.557607 0.800577 -0.110552 0.703876 0.701667 -0.184735 -0.950643 0.2493 -0.748713 0.609082 0.261625 0.220568 -0.219624 0.950324 -0.00873939 -0.18042 0.983551 -0.802991 0.564303 0.191748 -0.826557 -0.485383 0.284967 -0.924677 -0.312475 0.21756 0.0189495 0.918894 0.394049 -0.553443 0.779318 0.293878 0.213681 0.742324 0.635055 -0.769636 -0.570138 0.287407 -0.0229456 -0.945171 0.325769 0.595334 0.692207 0.407955 0.814891 0.579609 0.00271007 0.319756 -0.366573 0.873716 0.940817 -0.254688 0.223599 0.122151 0.767198 0.629672 0.133485 0.826651 0.546654 0.369496 0.908356 0.195862 -0.952791 0.300963 0.0401406 -0.891091 0.413407 0.187217 -0.814748 0.518394 0.25972 -0.136159 -0.966923 0.215687 0.635727 0.771837 -0.0108552 0.937832 0.331084 0.104184 0.923506 0.290853 0.250081 0.554462 -0.769201 0.317651 0.638998 0.672521 0.37336 -0.197618 -0.0311148 0.979785 0.92083 0.203082 0.332911 0.798075 0.390254 0.459106 0.0301952 -0.360699 0.932193 -0.156716 -0.122631 0.980001 -0.227843 -0.129733 0.965017 -0.299908 0.0710257 0.951321 -0.414754 0.244842 0.876374 -0.283057 0.357119 0.890137 -0.965159 -0.0942754 0.244093 -0.427681 -0.305251 0.85083 -0.308914 0.506408 0.805061 -0.457178 0.532335 0.712466 0.486076 0.481271 0.729457 0.194997 0.417574 0.887473 -0.252448 0.451556 0.855785 -0.326346 0.646636 0.689464 -0.690888 -0.659441 0.296331 -0.964031 0.00372079 0.265763 -0.0198076 0.750654 0.660398 0.0101693 -0.973066 0.230301 -0.372014 0.288193 0.882355 0.269976 -0.923579 0.272242 -0.148233 -0.936949 0.316471 -0.110469 0.934348 0.338808 0.468405 -0.759262 0.451794 0.274809 0.943733 0.183979 0.756002 0.627836 0.185156 -0.844547 0.0502544 0.533119 0.718934 -0.515484 0.466272 -0.576191 -0.17992 0.797266 -0.875134 0.458631 0.154267 -0.835177 0.468842 0.287518 -0.769849 0.514431 0.377748 0.947579 -0.0611408 0.313619 -0.765481 0.458591 0.451368 -0.614311 0.621792 0.485796 0.542213 -0.823741 0.165699 0.0217954 -0.989064 0.145869 0.545172 0.8346 0.078931 0.296223 0.935149 -0.194289 0.726472 0.681624 0.0873289 0.11721 0.984362 -0.131506 0.670913 0.692062 0.266321 0.948425 0.0859209 0.305135 0.84476 0.473933 0.248531 0.842816 -0.337529 0.419207 -0.437214 0.51907 0.734446 0.864542 -0.0556384 0.499471 0.896509 0.273972 0.348152 0.92357 0.0324114 0.382058 -0.260896 0.516756 0.815412 -0.459503 -0.793486 0.399045 0.882491 -0.334894 0.330237 0.8085 -0.529374 0.25708 0.124759 0.566969 0.814237 0.00754395 0.5396 0.841888 0.813408 0.476994 0.332933 0.736759 0.642961 0.209255 -0.878595 -0.238673 0.41365 -0.985551 -0.111045 0.127902 0.306515 0.939887 0.150535 0.685825 0.703294 0.187139 0.793046 0.517216 0.321816 0.86706 0.34741 0.35709 -0.876451 -0.340045 0.340886 0.74317 0.579797 0.333968 -0.814457 0.2295 0.532907 -0.567739 0.161248 0.807262 -0.783837 -0.4712 0.404438 -0.618638 0.659205 0.427477 -0.423625 -0.814386 0.396633 -0.721387 0.372288 0.583955 -0.910645 0.41003 0.050995 -0.724574 0.438353 0.531826 -0.853578 0.426897 0.298602 0.0300045 0.722962 0.690236 0.500373 0.502566 0.705021 -0.0142666 0.591884 0.805897 0.532743 0.557144 0.637005 -0.217097 -0.874059 0.434615 -0.773076 0.452084 0.444942 -0.496238 0.612623 0.615175 -0.635066 -0.53481 0.557378 -0.75199 0.411098 0.515276 -0.932759 0.0709831 0.353444 -0.714481 0.583791 0.385623 -0.83227 -0.0164102 0.554128 0.0273286 0.881299 0.471768 0.388341 -0.725775 0.567839 -0.361248 -0.825876 0.43293 0.0293402 -0.91225 0.408581 0.584584 -0.62536 0.5169 -0.922722 -0.102395 0.371617 0.769297 0.450361 0.453163 0.562629 0.814369 -0.142309 0.914491 0.403662 -0.0276149 -0.634378 0.592013 0.497077 0.302734 0.94884 0.0897522 0.628533 0.687584 0.363558 -0.718705 0.679763 0.146234 0.756261 0.651232 0.0629823 0.0383755 0.596612 0.801612 0.348942 0.547002 0.760939 -0.180444 0.466371 0.86599 -0.3536 0.380149 0.854666 -0.742742 0.234582 0.627141 -0.226457 0.321633 0.919385 -0.747488 0.462005 0.477298 -0.82924 0.276018 0.485979 -0.168491 0.862383 0.477395 -0.676797 -0.412551 0.609711 0.902737 -0.00576769 0.430154 -0.86398 0.315166 0.392695 0.031434 -0.737617 0.674487 -0.0931608 0.373275 0.923031 -0.644581 0.422221 0.637374 0.109326 0.376973 0.919749 0.783929 -0.154693 0.601269 -0.817649 0.426021 0.387241 -0.00783638 0.336172 0.941768 -0.396209 0.638211 0.660079 0.685892 -0.507868 0.521174 0.313935 -0.876274 0.365498 0.4023 -0.777942 0.48266 0.818823 0.204378 0.536431 0.624379 0.461012 0.630571 0.618665 0.634473 0.463355 0.738298 0.610599 0.286504 0.763117 0.458454 0.45549 0.379314 0.91564 -0.133133 0.569614 0.768557 0.291306 -0.706795 -0.021318 0.707097 0.771769 0.415086 0.481744 -0.809752 -0.286714 0.511954 -0.846571 0.387632 0.364774 0.188617 -0.931675 0.310493 0.117636 -0.933451 0.338867 -0.75631 0.537277 0.373267 -0.68087 0.452636 0.575793 -0.769024 0.158575 0.619238 -0.617445 0.44348 0.649682 0.680384 -0.37659 0.628695 0.737913 -0.358622 0.571729 -0.641061 -0.258203 0.722753 0.436647 0.659839 0.611516 0.1008 -0.849472 0.517916 -0.56342 0.567452 0.600463 -0.00195317 0.292444 0.956281 -0.752281 0.322205 0.57468 0.0904241 0.482058 0.871461 0.59958 -0.417046 0.683064 0.655828 0.730879 -0.18896 -0.695887 0.352035 0.62595 -0.409731 0.844997 0.343658 0.102416 0.348408 0.931731 0.741609 -0.225854 0.631669 0.697723 0.462154 0.547354 -0.461619 0.560297 0.687732 0.173836 0.572547 0.801231 0.606678 0.440523 0.661726 -0.821665 -0.346266 0.452733 -0.263009 0.285086 0.921712 -0.709417 -0.414442 0.570058 -0.471676 -0.543742 0.694166 -0.35497 -0.549965 0.755999 -0.675121 0.208807 0.707539 -0.676037 -0.397875 0.620218 0.678125 -0.259987 0.687425 0.380396 0.00318419 0.924818 -0.718091 0.488541 0.495655 -0.760931 0.0878486 0.642858 0.600245 0.0142675 0.799689 0.496052 -0.00746247 0.868261 0.266369 0.355875 0.895768 0.479774 0.289825 0.828141 -0.730769 -0.0690538 0.679123 0.583474 0.341244 0.73696 0.26586 -0.427151 0.864211 -0.416269 -0.34222 0.842381 -0.229131 -0.762663 0.604851 0.797944 0.4401 0.411823 -0.655217 -0.213549 0.724629 -0.57049 -0.0283321 0.820816 0.531316 0.835438 -0.14052 -0.838667 0.061862 0.54112 -0.0634773 0.100599 0.9929 -0.436946 -0.239725 0.866955 0.682587 0.724612 0.0949286 0.0444129 -0.833915 0.550104 -0.735425 0.389177 0.554699 -0.335689 0.115973 0.934807 -0.428656 -0.331997 0.840257 0.208268 0.438332 0.874351 0.0870659 -0.497547 0.863056 0.63946 0.520031 0.566267 -0.631455 0.0606341 0.773039 0.519501 -0.253714 0.815934 0.587695 -0.135361 0.797679 -0.51971 -0.170121 0.837234 0.935117 0.348076 -0.0663284 -0.518241 -0.571911 0.63588 -0.596973 0.44903 0.664827 -0.11079 0.510416 0.852761 0.753464 0.268818 0.600024 -0.756246 0.597801 0.265943 0.0294041 0.973144 0.228312 0.133799 0.211605 0.968154 -0.0952123 0.287525 0.953029 -0.326603 -0.266763 0.906735 -0.442839 -0.407841 0.798473 0.487294 0.286701 0.824832 0.277695 0.127445 0.952178 0.245428 0.0715115 0.966774 -0.155615 -0.352993 0.922594 0.509473 -0.0602306 0.858376 0.407868 0.0170004 0.912882 0.288855 0.105526 0.951539 -0.609546 0.488437 0.624407 -0.36592 -0.205204 0.907741 -0.220978 -0.534829 0.815553 -0.385342 -0.551882 0.739552 -0.650366 0.359222 0.669316 0.300759 -0.377202 0.875935 0.143635 0.31811 0.93711 0.225951 -0.236953 0.944881 0.258645 -0.334495 0.90621 0.508404 -0.540098 0.670686 0.460787 -0.475087 0.749645 -0.375984 -0.171012 0.910709 -0.346481 0.0398847 0.937209 0.228349 0.226687 0.946821 -0.436594 0.170184 0.883416 -0.434 0.0832917 0.897054 0.490379 -0.377339 0.785585 0.311824 -0.0544133 0.948581 0.179227 -0.147419 0.9727 -0.0483254 -0.819031 0.571711 0.181282 -0.36063 0.914922 0.389681 0.176584 0.903862 0.43379 -0.467606 0.770176 -0.0699715 -0.0661749 0.995352 0.0561911 -0.846755 0.529007 0.290989 -0.485999 0.824094 0.0403301 -0.962974 0.266559 -0.138268 0.0916748 0.986143 0.398271 -0.220391 0.890398 -0.160878 -0.320633 0.933441 -0.167337 -0.0817371 0.982506 -0.114509 -0.224575 0.967706 0.744948 0.639619 0.189579 0.263099 0.174052 0.948939 -0.555983 0.217493 0.802234 -0.27171 0.468469 0.840661 0.826309 0.529882 0.19089 0.0919381 0.354668 0.930461 -0.481228 -0.0883233 0.872134 -0.643895 0.51504 0.565803 -0.611767 -0.184157 0.769304 -0.107496 0.282099 0.953344 -0.587223 -0.0126449 0.809327 -0.513258 -0.152576 0.844563 -0.532424 0.163602 0.830517 -0.256326 -0.373037 0.891707 0.454066 0.79001 0.411958 0.296666 -0.345927 0.890126 -0.605474 0.524516 0.598569 -0.328374 0.285992 0.90021 0.766343 0.603662 0.219797 0.747551 0.388266 0.538904 -0.448717 -0.131525 0.883942 -0.535927 0.421002 0.731806 -0.426276 0.318738 0.846578 -0.0363976 0.574248 0.817872 -0.0159728 -0.164533 0.986242 -0.31752 -0.26633 0.910082 0.653921 0.230052 0.720738 -0.0422415 0.292958 0.955192 -0.18015 0.22058 0.958588 0.0934798 -0.0186227 0.995447 -0.504854 0.404507 0.762559 0.699865 0.377045 0.606651 0.392068 -0.389866 0.833239 -0.370832 0.0325098 0.928131 -0.29681 -0.43329 0.850978 0.518915 0.0051813 0.85481 -0.414482 -0.723053 0.552629 -0.0801309 -0.450341 0.889253 -0.182822 -0.0729739 0.980434 0.799692 0.283177 0.529437 0.124016 0.197342 0.972459 -0.0373694 -0.929153 0.367801 0.15226 -0.112326 0.981937 -0.398241 0.167007 0.90195 0.314637 0.0679614 0.946776 -0.417089 -0.256451 0.871934 0.222654 0.0912209 0.97062 0.414564 -0.136616 0.899707 -0.345042 -0.0528408 0.937099 -0.19627 -0.318412 0.927411 -0.0522958 0.21466 0.975288 0.230203 0.537446 0.81127 -0.0184497 0.257418 0.966124 0.245006 -0.101592 0.964184 -0.668673 0.33871 0.66193 -0.446059 0.394919 0.803163 -0.472473 0.216049 0.854454 0.275732 -0.231824 0.932861 0.252253 -0.0115419 0.967593 -0.307501 -0.388755 0.868512 0.0373002 -0.251943 0.967023 0.319806 -0.330933 0.887811 0.214332 -0.264111 0.940376 0.20073 -0.00222655 0.979644 -0.14854 -0.108783 0.982905 0.0829176 0.475475 0.875813 -0.218128 -0.528787 0.820247 -0.0142107 0.441476 0.89716 -0.0535285 0.258528 0.96452 0.0722077 0.399188 0.914021 -0.337339 0.603953 0.722111 0.0602814 -0.152768 0.986422 0.152976 -0.046469 0.987137 0.286364 -0.2702 0.919232 0.671402 0.296201 0.679327 -0.3581 0.204216 0.911076 -0.540325 0.132148 0.831015 -0.671218 0.23584 0.702742 0.468906 -0.0866263 0.87899 0.56043 -0.0654268 0.825613 -0.0301713 -0.555011 0.831296 -0.230607 -0.644556 0.72895 0.317252 -0.267671 0.909782 -0.322462 0.0115596 0.946512 -0.69942 0.323842 0.637133 0.0661049 0.364261 0.928948 0.566606 -0.34823 0.746789 -0.195391 -0.524181 0.828889 0.186209 0.0571162 0.980849 0.191643 0.0164897 0.981326 0.184868 0.571338 0.799623 0.6234 -0.101733 0.775257 0.359288 -0.198047 0.91197 -0.121896 -0.380323 0.916786 0.416926 0.228259 0.879813 -0.125853 0.224809 0.966241 -0.57605 0.100951 0.811156 0.0265189 0.0148258 -0.999538 -0.708699 0.0076266 -0.70547 -0.260383 0.111106 -0.959091 0.190356 0.0342842 -0.981116 -0.957458 0.113122 -0.265477 -0.831962 0.107058 -0.544406 -0.255152 0.0790233 -0.963666 0.134891 0.0775559 -0.987821 -0.664823 0.0926833 -0.741229 0.030198 0.0939802 -0.995116 -0.0223016 0.034957 -0.99914 0.158342 0.0718197 -0.984769 -0.996499 0.0161723 0.0820246 -0.996543 0.0062205 0.0828494 -0.983771 -0.0198878 0.178325 -0.991742 -0.0249171 0.125808 -0.993671 0.0900831 -0.0671086 -0.987654 0.100981 -0.119757 -0.997579 -0.021158 -0.0662527 -0.993585 0.0384904 0.106334 -0.999161 0.0296166 0.028272 -0.998387 0.0552352 0.0131443 -0.998383 0.0440825 0.0359016 -0.9979 0.0529475 -0.0373142 -0.996937 -0.00567466 -0.0780014 -0.998301 0.038343 -0.0438716 -0.999127 0.0417836 -0.000397286 -0.999637 0.01431 -0.0228251 -0.99939 -0.0167446 0.0306488 -0.997347 0.00994403 0.0721114 -0.999002 0.0304397 -0.032683 -0.989985 -0.00273093 -0.141144 -0.998628 0.0415706 -0.0318542 -0.982954 0.0782535 0.166365 -0.99326 0.0533535 -0.102895 -0.999403 0.024966 -0.0238823 -0.964355 -0.0222849 0.263674 -0.910402 -0.0106859 0.413586 -0.883906 -0.0630787 0.463392 -0.996673 -0.00375325 0.0814148 -0.999152 -0.00664361 -0.0406451 -0.980771 -0.0525326 0.18796 -0.998272 0.00937845 -0.0580172 0.142045 -0.0621194 0.987909 0.176144 -0.0858512 0.980613 -0.286715 -0.0639313 0.95588 0.0056807 -0.0156706 0.999861 -0.023144 -0.0190333 0.999551 -0.85015 0.0169725 0.526266 -0.689236 -0.0708295 0.721066 -0.93366 -0.0291893 0.356969 -0.975734 0.0579183 0.21116 -0.923455 0.0150333 0.383413 -0.00488264 0.00129077 0.999987 -0.0123558 -0.00223351 0.999921 0.00358911 0.042644 0.999084 0.0196684 0.0132122 0.999719 0.0235099 -0.00230793 0.999721 -0.622866 -0.284131 0.728908 -0.141095 -0.0740015 0.987226 -0.633465 -0.127415 0.763209 0.0078034 -0.000991421 0.999969 -0.0720815 0.159908 0.984497 0.00591081 0.00192488 0.999981 0.162922 -0.0620937 0.984683 0.187281 -0.0763839 0.979332 0.67947 -0.215635 0.7013 -0.00725283 -0.0121949 0.999899 -0.114065 0.0282508 0.993072 -0.131569 0.0240404 0.991016 -0.0199116 0.00136552 0.999801 0.0196524 -0.0214867 0.999576 0.659962 -0.22663 0.716302 -0.505352 0.122672 0.854149 0.15151 -0.0414549 0.987586 0.0162651 0.0209252 0.999649 -0.538677 -0.196794 0.819207 -0.0145834 -0.0162186 0.999762 0.025669 -0.0311937 0.999184 0.00237051 -0.0235288 0.99972 0.5943 -0.10873 0.79686 -0.578675 0.125738 0.805807 -0.034183 0.00692169 0.999392 -0.960134 0.0213554 0.278724 -0.555995 0.0361216 0.8304 -0.181234 -0.0405609 0.982603 -0.00835887 -0.0205435 0.999754 -0.0151734 -0.0146193 0.999778 -0.552323 -0.0407273 0.832635 -0.0154965 -0.00830836 0.999845 0.0560246 0.00659187 0.998408 0.0306101 -0.00151627 0.99953 0.0228054 -0.00913798 0.999698 0.00117686 -0.0415292 0.999137 0.0233625 -0.0533143 0.998304 0.0528595 -0.0253747 0.99828 0.270421 0.0293095 0.962296 0.0864353 0.0109906 0.996197 0.554679 0.0626663 0.829701 0.0345459 -0.0462946 0.99833 0.517409 -0.0437567 0.854619 0.143157 -0.02042 0.989489 0.165526 -0.035689 0.985559 0.0583844 0.0152782 0.998177 0.484474 0.07042 0.871967 0.0133535 -0.0258654 0.999576 0.169546 -0.0543347 0.984023 0.0536398 -0.03833 0.997824 0.0500083 -0.00175283 0.998747 0.661126 0.0316817 0.749606 0.161282 -0.00874667 0.98687 0.675482 0.0157249 0.737209 0.0133919 -0.0217129 0.999675 0.671576 -0.185298 0.717391 0.0913636 -0.0367442 0.995139 0.0120264 -0.0509984 0.998626 0.0282851 -0.0346246 0.999 -0.0151118 -0.003559 0.999879 0.515418 -0.0223681 0.856647 -0.00389551 -0.0212866 0.999766 0.00140229 0.00629094 0.999979 -0.588261 -0.0738194 0.805295 -0.0735979 -0.0272983 0.996914 -0.888871 -0.0933212 0.448553 0.0156465 -0.037996 0.999155 0.0123236 -0.00311479 0.999919 -0.0195348 -0.0155513 0.999688 -0.00354817 -0.0104707 0.999939 -0.000458463 -0.0360238 0.999351 0.00572392 0.0210363 0.999762 0.385592 -0.0299466 0.922183 0.0293314 -0.0312098 0.999082 0.580935 -0.0929279 0.808628 0.695225 -0.0645232 0.715891 0.0225878 -0.0317595 0.99924 0.0778445 -0.0209782 0.996745 -0.0307865 -0.0208111 0.999309 -0.0330098 0.000549869 0.999455 0.0584719 -0.0131575 0.998202 0.196959 -0.0721025 0.977757 0.017032 0.514875 0.857096 0.0811881 0.451483 0.888578 -0.00101249 0.186752 0.982407 0.0129993 -0.0500635 0.998661 0.0215515 0.532109 0.846402 0.01546 0.154779 0.987828 0.104799 0.467189 0.877925 0.0256361 -0.0620781 0.997742 0.0790447 0.190856 0.97843 0.331057 0.0417848 0.942685 0.192751 -0.0933021 0.976802 0.705157 -0.136092 0.695868 0.437446 0.0333203 0.898627 0.721613 -0.123568 0.681179 0.596309 0.182392 0.78176 -0.192684 -0.0256937 0.980924 -0.198574 -0.202478 0.958943 -0.659349 -0.254114 0.707591 0.157578 0.604026 0.781231 0.568927 0.587977 0.574983 0.142263 0.142856 0.979466 -0.248433 -0.24414 0.937378 -0.67333 -0.448178 0.588016 -0.802447 -0.406367 0.436972 0.0520871 -0.0197722 0.998447 -0.0442158 -0.0418381 0.998146 -0.166269 -0.0285036 0.985668 -0.169894 -0.0228011 0.985198 -0.0613424 -0.0241629 0.997824 -0.0254684 -0.0454102 0.998644 -0.676268 0.121881 0.726503 0.00159391 0.013131 0.999913 -0.135733 -0.0532128 0.989315 0.0223049 0.0251792 0.999434 0.279173 -0.0443409 0.959217 -0.106867 0.160641 0.98121 0.652765 -0.0450906 0.756217 -0.669284 0.526836 0.523931 0.0152993 0.943611 0.330703 0.0174207 -0.00531365 0.999834 0.0104814 -0.0248289 0.999637 0.195517 0.418047 0.887136 -0.00697803 0.105073 0.99444 -0.0232601 0.247781 0.968537 -0.0148466 0.122965 0.9923 -0.586308 -0.050373 0.80852 -0.00959213 -0.013347 0.999865 -0.109409 0.412316 0.904448 -0.0508959 0.00240477 0.998701 -0.0839423 0.520656 0.84963 -0.085348 0.458319 0.884681 0.0752528 -0.0276086 0.996782 -0.00136598 0.18835 0.982101 -0.676859 -0.152848 0.720069 0.112174 -0.00447793 0.993679 -0.236464 -0.229281 0.944201 0.615277 -0.0381683 0.787386 -0.701674 -0.126677 0.701147 0.310068 -0.00680825 0.95069 0.000365143 -0.0253788 0.999678 -0.328917 0.00986209 0.944307 0.0793806 -0.191682 0.978242 0.0241812 -0.0175697 0.999553 -0.132431 0.0347163 0.990584 -0.66809 0.11881 0.734534 -0.445063 0.186302 0.875906 -0.145599 0.385082 0.911325 0.283361 0.133428 0.949686 0.463146 0.474716 0.748425 -0.159416 0.00979128 0.987163 -0.294452 0.00875108 0.955626 0.054747 0.0447199 0.997498 0.0020961 -0.0133003 0.999909 0.0481611 -0.0429178 0.997917 -0.67405 0.00907481 0.73863 0.214398 -0.030317 0.976276 0.641599 -0.0433782 0.765813 0.61087 -0.0432226 0.79055 0.06115 -0.0296273 0.997689 0.00959259 -0.0518933 0.998607 -0.72518 -0.0015116 0.688558 0.511559 0.0697729 0.85641 0.240257 0.0344559 0.970098 -0.25229 -0.062626 0.965623 0.32879 -0.112516 0.937676 0.011831 -0.0187011 0.999755 0.022732 -0.0193525 0.999554 0.646643 0.0131257 0.76268 0.717771 -0.16292 0.67695 0.0708014 -0.0630293 0.995497 -0.422194 -0.108578 0.899979 -0.71606 -0.201973 0.66818 0.482517 -0.207902 0.850855 -0.0348886 -0.031513 0.998894 -0.0831283 -0.108676 0.990595 -0.410309 -0.113613 0.904842 -0.601059 -0.342109 0.722281 -0.19074 -0.504021 0.842366 0.484051 -0.231986 0.843728 0.0299439 -0.0469005 0.998451 -0.576979 0.588031 0.566846 -0.13024 0.212117 0.968527 -0.300653 -0.111007 0.947251 0.494095 -0.0628121 0.867136 0.684266 0.126766 0.71813 -0.389189 0.656383 0.646291 -0.310141 0.72949 0.609637 -0.031783 -0.0224937 0.999242 -0.80943 -0.0263936 0.586622 -0.0898448 0.00700455 0.995931 -0.128556 0.02573 0.991368 -0.564302 0.026803 0.825133 -0.158851 0.270292 0.949583 0.00155522 -0.00154567 0.999998 -0.00583848 -0.00499561 0.99997 -0.17457 0.0545435 0.983133 -0.486167 0.121816 0.865334 -0.482103 0.00944862 0.876063 -0.368703 -0.00466549 0.929535 -0.719511 -0.00806369 0.694434 0.208172 0.091098 0.973841 -0.461548 0.452061 0.763292 -0.399556 -0.0593157 0.914788 0.162974 -0.0249777 0.986314 0.404297 0.103674 0.908733 0.478288 0.150881 0.865145 -0.917757 -0.149138 0.368077 0.000271914 -0.0254265 0.999677 0.657362 -0.090209 0.748156 0.582409 -0.0862783 0.808304 0.311744 0.11063 0.943704 0.156506 -0.0189672 0.987495 -0.331178 -0.201032 0.921904 0.730158 -0.166025 0.662801 -0.786291 -0.408326 0.4637 0.424878 -0.0835297 0.901389 -0.326888 -0.178891 0.927977 0.84241 -0.238902 0.482981 0.227477 -0.0586022 0.972019 -0.00802639 -0.00689825 0.999944 0.0534733 -0.0236381 0.998289 -0.849457 -0.41346 0.327832 0.466037 0.355617 0.810152 0.382063 0.525535 0.760158 0.100542 0.190883 0.97645 0.311443 0.333081 0.889978 0.621057 0.323955 0.713681 0.740526 -0.0258865 0.671529 -0.0540031 -0.0137291 0.998446 0.0976862 0.0527907 0.993816 -0.0407418 0.0484079 0.997996 -0.0146333 0.320654 0.947083 -0.0748192 0.172881 0.982097 -0.0385976 -0.000719136 0.999255 -0.175582 0.112977 0.977961 -0.568188 0.168621 0.805437 -0.193652 0.0787113 0.977908 -0.682512 0.193953 0.70467 -0.59649 0.111767 0.794801 -0.641423 -0.122481 0.757347 -0.767301 -0.0200366 0.640974 -0.716479 0.0175545 0.697387 -0.0277551 0.00864389 0.999577 -0.706045 0.0167341 0.707969 -0.0311154 0.00231715 0.999513 -0.717109 -0.108228 0.688507 0.163699 -0.0684774 0.984131 -0.870385 -0.0150408 0.492142 -0.776212 0.0494885 0.628527 -0.782144 -0.0772715 0.618288 0.712488 -0.244643 0.657655 0.697619 0.362126 0.618217 -0.817169 0.129722 0.561611 -0.759417 0.0118647 0.650496 0.228713 0.263848 0.937056 0.0519516 -0.00919763 0.998607 0.0303933 0.0780273 0.996488 -0.140407 0.0262204 0.989747 -0.461362 0.1577 0.873084 -0.364535 0.129182 0.922186 0.520322 0.163889 0.838097 -0.673227 0.0231252 0.739074 0.2374 -0.029226 0.970972 0.197337 -0.0210999 0.980109 0.685819 -0.232313 0.689697 0.567754 -0.144041 0.810498 0.0398284 -0.0144277 0.999102 -0.48796 -0.0490989 0.871484 0.0044273 -0.0114781 0.999924 -0.0977248 0.0118594 0.995143 -0.0331795 -0.0344081 0.998857 0.103155 -0.309035 0.94544 0.129001 -0.483115 0.866002 0.056157 -0.0231064 0.998155 0.470567 0.238536 0.84951 0.183026 0.889407 0.418876 0.129948 0.847508 0.514629 -0.236064 -0.10654 0.965879 0.0420744 0.830401 0.555575 0.179069 -0.26311 0.948002 0.0168854 -0.013468 0.999767 0.00710599 -0.0149591 0.999863 -0.549924 -0.084476 0.830931 0.256389 0.818928 0.51344 -0.153064 -0.0925204 0.983876 0.0226268 -0.0279011 0.999355 0.0289449 -0.0242944 0.999286 0.928784 0.0754114 0.362869 -0.253844 0.949609 0.183862 0.0667679 -0.0439091 0.996802 0.06273 0.99762 -0.0286418 0.0146447 -0.0156439 0.99977 -0.942905 0.0786761 0.323637 -0.981123 -0.0385358 0.189507 -0.970276 0.00514823 0.241948 -0.922107 -0.174316 0.345445 0.154086 -0.408501 0.899658 -0.0685322 0.0125121 0.99757 -0.970074 -0.205136 0.129904 0.212818 -0.299622 0.930019 -0.952987 -0.176773 0.246105 -0.571272 -0.549137 0.609998 -0.768685 -0.140631 0.623976 -0.544508 -0.73563 0.402938 -0.590526 -0.0172248 0.806835 -0.914779 -0.315311 0.252502 0.661204 -0.0901201 0.744774 0.246216 -0.201283 0.948084 -0.838219 0.280635 0.467582 0.231068 -0.193962 0.953408 -0.89311 0.255228 0.370424 -0.804391 -0.214146 0.554162 -0.748164 -0.0443007 0.662033 -0.876795 0.221552 0.426784 -0.751687 -0.0939453 0.652795 -0.114937 -0.00718173 0.993347 -0.930339 -0.0187926 0.366218 -0.939012 0.14634 0.311193 0.0358877 -0.0354615 0.998726 -0.935559 0.034514 0.351481 -0.958984 -0.0545512 0.278163 -0.28487 0.0678039 0.956165 0.619861 0.143172 0.77154 0.218073 0.0539911 0.974438 0.819461 0.316247 0.477987 0.0523013 -0.00948941 0.998586 0.033427 -0.0153029 0.999324 0.044571 -0.0187793 0.99883 0.829132 -0.0672468 0.554994 0.205444 0.0113011 0.978604 0.75966 0.0103629 0.650238 0.0404994 -0.0661667 0.996986 0.0765587 0.260596 0.962408 -0.892734 -0.107722 0.437517 0.0374892 -0.0222703 0.999049 0.184029 -0.158688 0.970027 0.821287 -0.0639465 0.566921 -0.366263 -0.159394 0.916758 -0.950996 -0.242404 0.191953 -0.931498 -0.314354 0.18301 -0.955615 -0.137788 0.26041 0.852498 -0.0613401 0.519119 -0.917408 -0.397766 -0.0120429 -0.958371 -0.19815 0.205576 -0.916818 -0.39708 0.0421055 0.508902 0.475565 0.717535 0.63173 0.566438 0.529213 0.796847 -0.238263 0.555217 -0.00731913 -0.00261087 0.99997 0.542377 0.679516 0.494049 0.372081 0.290131 0.881691 0.015029 -0.0128135 0.999805 0.765018 -0.275788 0.58197 0.195135 0.52648 0.827491 0.273742 0.679461 0.680733 0.0223487 -0.0260774 0.99941 -0.885509 -0.105927 0.452387 0.268631 -0.230988 0.935137 -0.419633 -0.294107 0.858726 -0.2991 0.608947 0.734658 0.0140356 0.00283288 0.999897 0.0420051 -0.0100877 0.999066 0.0481173 -0.0167685 0.998701 0.869364 0.0314897 0.493168 0.751689 -0.237814 0.615149 0.809807 -0.0391728 0.585388 -0.979247 0.121521 0.162195 -0.648604 0.749782 0.130921 -0.954486 0.0737908 0.288983 0.965667 -0.00871486 0.259637 0.944604 -0.0119431 0.327995 0.0217849 -0.121412 0.992363 -0.0997697 0.953673 0.283821 0.930314 -0.193072 0.311832 -0.937226 0.0141611 0.348435 0.79966 -0.0293971 0.599733 0.974552 -0.149336 0.167173 0.945137 -0.271868 0.181119 -0.0891819 -0.0845427 0.992421 0.017146 0.844781 0.534837 0.76088 -0.00627808 0.648862 -0.979266 0.0100694 0.202331 0.736401 0.109862 0.667566 0.941662 -0.313186 0.123234 -0.805711 0.0748995 0.587554 0.806219 0.161441 0.569164 0.936502 -0.300878 0.180104 0.90722 0.106977 0.406826 -0.269613 0.142173 0.952416 -0.149994 0.144867 0.978016 -0.942792 -0.201052 0.265934 0.947751 -0.225462 0.225689 0.934965 -0.265095 0.235724 0.893945 0.105699 0.435533 -0.970454 0.191865 0.146313 0.95653 0.0170886 0.291132 0.0162172 -0.0161043 0.999739 0.504275 0.844097 0.182228 0.323265 0.376828 0.868044 0.74347 0.637734 0.201365 0.0123709 -0.0208376 0.999706 -0.232173 0.0920949 0.968305 -0.212264 0.884175 0.416148 -0.242172 0.457693 0.855494 -0.0850399 0.812297 0.577012 0.340071 0.879541 0.332806 -0.296866 0.858784 0.417565 0.718378 0.253335 0.647885 -0.0938637 0.850975 0.516751 0.737014 0.0634996 0.672888 0.765446 -0.0325244 0.642678 -0.563643 0.636263 0.526759 0.790282 0.226372 0.569394 -0.763016 -0.0863954 0.64058 -0.947674 -0.25518 0.191827 0.0747729 -0.255294 0.963968 -0.104718 0.0161808 0.99437 -0.0447552 -0.0119765 0.998926 -0.440875 0.205769 0.873664 -0.460141 0.128032 0.878566 -0.249122 0.0147426 0.96836 -0.0126847 -0.334052 0.942469 -0.21287 -0.150001 0.965498 -0.302115 0.0189222 0.953084 -0.256326 0.131348 0.957624 -0.436528 0.116429 0.892125 0.0570333 -0.263568 0.962953 0.0428959 -0.135445 0.989856 0.0984436 -0.481896 0.870681 0.0919225 -0.361449 0.92785 0.106299 -0.291122 0.950762 -0.972323 -0.15825 0.171887 -0.974709 -0.196319 0.106776 -0.977507 -0.174819 0.11798 -0.927935 0.164478 0.33449 -0.863575 0.159777 0.478236 -0.578557 0.25071 0.776155 0.817302 0.331696 0.471164 0.0689517 -0.2116 0.974921 0.067686 -0.00976208 0.997659 -0.300236 0.0621224 0.95184 -0.687092 0.299405 0.662012 -0.345055 -0.0274988 0.93818 -0.137527 -0.0870076 0.986669 -0.264344 -0.0158216 0.964299 -0.436861 0.14606 0.887592 -0.00335161 -0.274707 0.961522 0.888252 -0.00190986 0.459353 -0.21144 -0.0283943 0.976979 -0.458121 -0.223625 0.860301 0.915359 -0.399225 -0.0523159 -0.351101 -0.0449973 0.935256 0.929596 -0.277404 -0.242689 0.989365 -0.128762 -0.06766 -0.833602 -0.154526 0.530311 -0.361803 -0.0805252 0.92877 0.0236272 -0.0290174 0.9993 0.18206 -0.231963 0.955535 0.0105446 -0.0381793 0.999215 0.0729808 0.994721 -0.0721359 -0.0827252 -0.0399 0.995773 -0.600085 0.0490949 0.798428 -0.0394172 0.0192436 0.999038 0.248089 0.965393 -0.0804241 -0.491479 0.117774 0.862889 -0.041361 0.924414 -0.379141 0.849764 -0.212027 0.482644 0.814812 -0.128308 0.565348 -0.201271 0.0857434 0.975776 -0.324515 0.180552 0.928488 -0.201626 -0.0618413 0.977508 0.073076 -0.0325907 0.996794 0.103185 -0.0225083 0.994408 -0.473438 0.351774 0.807534 -0.349948 0.137413 0.926636 0.085526 -0.0401488 0.995527 0.0838982 -0.0250356 0.99616 -0.952881 0.274211 0.129716 -0.655643 -0.0530371 0.753206 -0.303964 -0.0383021 0.951913 -0.0919364 0.98848 -0.12023 0.136278 0.990665 -0.00335411 0.0253047 -0.0368603 0.999 -0.0287073 0.0483523 0.998418 -0.0113822 -0.0239893 0.999647 0.858707 0.476885 0.187625 0.903038 0.108361 0.415668 0.0123927 -0.0226199 0.999667 -0.377694 -0.00343786 0.925924 -0.989603 -0.0618908 -0.129825 -0.306879 0.461021 0.832637 0.00544104 0.127588 0.991812 0.0998535 -0.0136637 0.994908 -0.29058 0.729309 0.619412 -0.914247 -0.0679983 0.399411 -0.0340482 0.24556 0.968783 0.036163 0.0159062 0.999219 0.0924199 0.0132782 0.995632 0.714854 -0.103365 0.691592 0.777123 -0.0850302 0.623579 -0.0770264 0.728354 0.680858 0.827135 -0.0337191 0.560991 0.0354316 -0.0383187 0.998637 0.0514112 -0.0239632 0.99839 0.0568666 0.00200415 0.99838 -0.00542605 0.242561 0.970121 0.122406 0.732163 0.67004 -0.970515 -0.236391 0.047124 -0.774701 -0.109815 0.622719 -0.781881 -0.499266 0.373358 -0.95847 -0.261812 0.113096 -0.914961 -0.401944 -0.0358887 0.966118 -0.253371 0.0491858 0.965061 -0.208011 0.159339 0.966414 -0.253549 0.0419179 0.968545 -0.247439 0.0263631 0.645309 0.544876 0.535431 0.0915411 -0.0717625 0.993212 -0.791794 -0.024727 0.610288 0.516564 0.598766 0.612078 0.785337 0.122342 0.606859 0.379392 0.755199 0.534544 0.948234 -0.31408 0.0469684 -0.876929 0.220186 0.427217 -0.868355 0.357679 0.343547 -0.666888 0.721369 0.186778 0.00707471 -0.0267583 0.999617 0.964387 -0.263093 0.0271894 0.986968 0.0885566 -0.134357 0.0861332 -0.0319644 0.995771 0.973983 -0.216867 0.065764 0.79424 0.60406 0.0655338 0.462314 0.736029 0.494497 0.304581 -0.239099 0.921988 -0.978002 0.0221356 0.207419 -0.957 0.0791491 0.279082 -0.358411 -0.0271913 0.933168 -0.48659 -0.276154 0.828836 -0.778504 -0.197886 0.595628 0.0713351 -0.0519006 0.996101 -0.796661 -0.354137 0.489815 -0.330842 -0.187358 0.9249 -0.984083 -0.177652 -0.00463502 -0.968383 -0.241572 -0.0622702 -0.777282 -0.399707 0.485867 -0.471811 -0.210917 0.856101 -0.592252 -0.275816 0.757075 -0.817813 -0.368767 0.441806 0.0788437 -0.0583484 0.995178 -0.995288 -0.0894929 -0.0373078 0.791772 -0.0553322 0.608306 -0.355833 0.0679523 0.932076 -0.39654 -0.226656 0.889597 -0.81647 -0.4153 0.401126 -0.343809 0.119431 0.931414 -0.783812 -0.379213 0.491769 -0.935857 -0.154188 0.316855 -0.0971526 0.916204 -0.388756 -0.20585 0.977389 -0.0483492 0.562817 0.64664 -0.514873 0.507052 0.827975 -0.239491 -0.222735 0.962439 -0.155241 -0.0307876 0.998667 0.0414235 0.85009 0.2339 0.471845 0.263126 -0.166488 0.950288 0.0383499 -0.0210808 0.999042 -0.0855159 -0.0454381 0.9953 -0.386185 0.205044 0.899343 -0.357955 0.220333 0.907371 -0.179061 0.0654375 0.981659 -0.354801 0.0201339 0.934725 -0.265469 0.041169 0.96324 0.748844 0.591652 0.298632 -0.262938 0.90777 0.32683 0.913198 0.241685 0.328113 -0.294709 0.0736087 0.952748 0.922685 -0.00487274 0.385523 0.874119 -0.0622125 0.48171 -0.353744 -0.0262119 0.934975 -0.590419 -0.206914 0.780123 -0.979465 -0.173458 0.102766 0.329784 -0.183446 0.926062 0.0662642 -0.136206 0.988462 -0.96596 -0.13623 0.219917 -0.553777 -0.130238 0.822416 -0.272034 -0.0150557 0.96217 0.0467797 -0.0406487 0.998078 -0.0451606 0.975779 0.214046 0.070674 0.973149 0.219058 0.282651 0.933579 0.220315 0.868697 0.42653 -0.251869 -0.155273 0.0974436 0.983054 -0.0149346 0.00592385 0.999871 0.532454 -0.129327 0.836521 0.515746 0.847309 -0.126784 0.0269661 -0.022022 0.999394 -0.0206025 -0.0439057 0.998823 -0.111394 -0.0463153 0.992697 -0.0495238 0.00205756 0.998771 -0.0626842 0.0117074 0.997965 0.00497851 0.020483 0.999778 -0.179652 0.0675596 0.981408 -0.0865464 -0.0217018 0.996011 -0.599315 0.20623 0.773493 -0.732987 0.145988 0.664393 -0.200925 0.0940541 0.975081 0.068342 -0.0528413 0.996262 -0.0755639 0.0164954 0.997005 -0.981273 -0.186684 0.0474532 -0.9865 -0.0678778 0.149029 0.0473062 0.00659486 0.998859 -0.979574 -0.199615 -0.024272 -0.978098 -0.198673 -0.0620805 -0.974223 -0.224207 -0.0249204 0.00972353 0.0291737 0.999527 -0.814458 -0.255241 0.521066 -0.977349 -0.208913 0.033826 -0.880117 -0.420676 0.220058 -0.192751 -0.177974 0.964973 -0.0602363 -0.334306 0.940538 -0.959495 -0.264414 -0.0972343 0.674148 -0.116309 0.729381 -0.321358 -0.543195 0.775673 -0.564563 -0.434296 0.701895 0.00478474 -0.0314816 0.999493 -0.948227 -0.308346 -0.0760743 0.28864 -0.384356 0.876902 0.674034 0.430131 0.600555 0.633283 0.544441 0.550034 -0.131782 0.0145192 0.991172 -0.171559 0.0625762 0.983185 -0.763753 -0.419722 0.490423 0.840585 -0.163384 0.516451 -0.910796 0.314522 0.267446 0.391478 0.726381 0.564904 -0.0270985 0.874511 0.484248 0.3887 0.827126 -0.405925 -0.942642 0.330917 -0.0438237 -0.980287 0.147614 0.131332 -0.0988161 0.946534 -0.307097 0.0108765 0.933946 -0.35725 0.886707 -0.0749044 0.456224 0.887287 -0.135007 0.441016 -0.974075 0.0322298 0.223918 0.87684 0.216526 0.429265 0.404976 -0.214674 0.888769 0.755426 0.413123 0.508587 -0.938215 0.00187691 0.346047 -0.929441 0.0741758 0.361439 0.85528 0.233208 0.46272 0.990771 -0.135419 -0.00584562 -0.923211 0.158655 0.350015 0.268548 -0.0992533 0.958139 0.869581 -0.184378 0.458075 -0.79637 0.412463 0.442344 -0.0135918 0.917657 -0.39714 0.640159 -0.310797 0.702568 -0.00863357 0.881319 -0.472444 -0.0612936 0.00590376 0.998102 0.616093 0.77584 0.136022 -0.883007 -0.0924094 0.460174 -0.734539 0.203113 0.647455 -0.833745 -0.320842 0.449367 0.801299 -0.177011 0.571478 -0.318866 0.151226 0.935658 -0.98818 -0.143779 0.0531733 -0.789413 0.39435 0.470441 -0.103774 0.0579435 0.992912 -0.956218 0.257843 0.138436 -0.94462 -0.150932 0.291396 -0.619331 0.355032 0.700272 -0.737279 -0.327347 0.590986 -0.342177 0.142089 0.92883 -0.822761 0.565772 0.054465 -0.927506 0.183567 0.325632 -0.706274 0.666785 0.237856 -0.454422 -0.0162612 0.890638 -0.840913 0.287888 0.458243 -0.803567 0.150299 0.575926 -0.999754 -0.0218048 -0.00410594 -0.868202 -0.383816 0.3145 -0.565738 0.785582 0.250602 -0.83874 -0.331455 0.432033 -0.976576 0.0174402 0.214463 -0.994402 0.072652 0.0767193 -0.465496 0.885004 0.00900356 -0.317775 0.947022 0.0465597 0.851907 0.0786381 0.517756 0.928389 0.0276031 0.370584 -0.871811 0.174737 0.457616 -0.666919 0.0881652 0.739896 0.617631 0.761795 0.195451 0.317707 0.876565 0.361519 0.942302 0.258513 0.212693 0.356183 -0.173873 0.918097 0.68145 -0.354185 0.640452 0.681428 -0.348942 0.643347 0.964137 -0.00854201 0.265266 0.019171 0.503602 0.863723 0.456685 0.551555 0.698016 0.463281 -0.305384 0.831932 -0.232538 -0.0498745 0.971308 -0.94242 -0.0263449 0.333392 -0.732899 -0.0961957 0.673502 -0.353853 -0.0760587 0.932203 -0.777793 -0.185763 0.600441 -0.582624 -0.277616 0.763858 -0.100668 -0.325127 0.940297 -0.944801 0.224424 0.238716 -0.942862 0.210892 0.257945 0.970896 -0.116607 -0.209198 0.0694907 0.991255 0.112181 0.939071 0.208473 -0.273286 0.165407 0.986067 0.0176584 -0.990975 -0.130073 0.0324012 0.0391951 -0.61515 0.787435 -0.746725 -0.0453341 0.663586 0.948878 -0.0148974 0.315292 -0.965906 0.200173 0.164184 0.961256 0.0839497 0.262562 0.660013 0.662848 -0.353574 -0.526524 -0.55938 0.640209 0.417351 0.896017 -0.151564 -0.806297 -0.446503 0.38797 0.483153 -0.496217 0.721341 0.772938 -0.0133118 0.634342 0.3492 -0.251264 0.902732 0.475509 -0.223322 0.850893 -0.927007 0.269951 0.260356 -0.90442 0.397307 0.155473 0.152296 -0.164375 0.97457 -0.856471 0.442554 0.265713 0.775459 -0.0162464 0.631189 0.415009 -0.172804 0.893256 -0.986086 0.0943834 0.136841 -0.836596 -0.398334 0.376083 -0.890883 0.095267 0.444131 0.756269 0.0409155 0.652981 -0.125461 0.977279 -0.170835 0.0861153 0.976241 -0.198843 0.560017 -0.139331 0.816681 0.688813 -0.38401 0.614876 0.1079 0.616805 0.779685 -0.94665 -0.104934 0.304701 -0.984109 0.00915197 0.17733 -0.528079 0.494941 0.690048 0.898518 -0.0929229 0.428988 -0.28014 -0.252299 0.926211 0.754225 -0.437431 0.489693 -0.981826 -0.117566 0.148983 -0.83541 -0.548105 0.040864 -0.958616 -0.2529 0.130753 -0.94072 -0.323289 0.102617 -0.915737 -0.381829 -0.125028 -0.867411 -0.461732 0.185479 0.053598 0.9175 -0.394109 0.0465766 0.990279 0.131068 0.893243 -0.131467 0.429923 0.936634 -0.227209 0.266632 0.835976 0.535235 0.12111 0.926841 -0.255178 0.27541 0.366489 0.620244 0.69353 0.886542 0.199701 0.417328 0.951469 -0.282034 0.123139 0.367587 0.636403 0.678138 0.940823 0.00830845 0.338797 0.968516 -0.135485 0.208857 0.962666 -0.185502 0.197137 -0.0600881 0.938601 -0.339732 0.0641373 0.773704 0.630292 0.369496 0.536287 0.75886 -0.404185 0.847166 0.344884 -0.652121 0.746321 0.133201 -0.951379 -0.100512 0.291161 -0.889742 -0.0436465 0.454372 0.780427 0.265413 0.566118 -0.917492 0.2185 0.332364 -0.804478 0.298889 0.513304 0.946231 -0.321526 0.0356146 -0.970715 -0.237757 -0.0344062 -0.880598 -0.470428 0.056959 -0.742417 0.5152 0.428235 0.858292 -0.476352 -0.19085 -0.974144 0.0143887 -0.225467 -0.948776 0.258027 -0.182337 -0.639589 0.700056 -0.317565 -0.469852 0.874908 -0.117367 0.121535 0.945459 -0.302219 0.110109 0.993566 -0.0265222 0.0727473 0.993597 -0.0864411 0.0687855 0.969851 0.233788 0.727869 -0.0791717 0.68113 0.787713 0.231102 0.571051 -0.778568 0.0257507 0.627032 -0.958653 0.143555 0.245715 0.409002 0.348892 0.843203 0.732998 -0.301912 0.60956 0.894984 -0.401803 0.193798 0.805873 -0.124885 0.578769 0.870292 -0.0646385 0.488276 -0.893716 0.11785 0.432878 -0.832264 -0.542157 0.115765 -0.653184 -0.392956 0.647253 -0.529798 -0.454731 0.715915 0.149623 0.427932 0.89134 0.845681 -0.155503 0.510532 0.41542 -0.0723093 0.906751 0.0923421 0.0772054 0.99273 -0.254181 -0.00433415 0.967147 -0.947047 0.212892 0.240374 -0.0401123 -0.126653 0.991136 -0.116861 -0.492705 0.862314 -0.992107 0.0748332 -0.100614 0.909665 0.0367823 0.413711 0.217153 0.147543 0.964923 -0.357299 0.350536 0.865715 -0.421694 0.0377268 0.905953 0.630474 -0.383826 0.674671 0.806495 -0.153917 0.570855 -0.878032 0.477062 -0.0383735 0.250451 0.336799 0.907657 0.815233 0.120025 0.566559 0.754686 -0.105408 0.647563 0.780273 -0.150238 0.607126 -0.971684 0.216236 0.0952434 0.545124 0.576854 0.608342 0.689729 -0.0641877 0.721217 0.828336 0.454657 0.327331 -0.306083 0.94554 -0.11076 -0.893786 -0.150926 0.422335 -0.160945 0.970181 0.181234 -0.0547115 0.988677 0.139732 -0.881891 0.393656 0.259429 0.383378 -0.0693008 0.920988 -0.338993 -0.0314713 0.940263 -0.888349 0.457664 -0.0371536 -0.933557 0.282768 0.220258 -0.691575 -0.242908 0.680235 0.0436989 -0.0591776 0.997291 0.576155 -0.0961421 0.811666 -0.546063 -0.127929 0.827919 -0.774162 -0.0906904 0.626457 -0.568435 -0.0392745 0.82179 0.797757 -0.0187078 0.602688 -0.847912 0.0131862 0.529973 0.0698173 0.573771 0.816035 0.325139 0.460856 0.82577 0.77102 0.056421 0.634307 -0.81214 0.0659039 0.579728 -0.433981 0.454787 0.777707 0.618052 0.294906 0.728726 -0.742671 0.34548 0.573658 -0.722786 -0.119195 0.680715 -0.803319 0.131415 0.580868 -0.867576 8.51851e-05 0.497305 -0.902485 -0.186448 0.388276 -0.857375 -0.110631 0.502662 -0.801746 0.0849346 0.591599 0.793391 0.515982 -0.322943 -0.775838 0.231933 0.586755 -0.526714 0.811237 0.253903 0.556168 0.804311 -0.209192 0.383988 -0.181278 0.905368 0.68196 -0.36903 0.631464 0.576574 0.339185 0.743314 0.606992 0.316725 0.728866 -0.362605 -0.222134 0.905082 -0.288579 -0.214476 0.933125 0.0830239 -0.198842 0.976508 -0.277522 -0.142771 0.950052 0.166218 -0.199062 0.965788 0.24346 -0.1789 0.953269 0.264359 -0.194658 0.944575 0.417379 -0.130075 0.899375 0.955619 -0.216336 0.199976 0.934652 -0.273515 0.227191 0.958651 -0.21918 0.18152 -0.522988 -0.344776 0.779495 -0.62355 -0.744377 0.238931 -0.918492 -0.393137 -0.0426127 -0.986165 -0.111712 0.122468 0.328803 -0.00609631 0.944379 -0.193519 0.00885228 0.981057 -0.29572 -0.0414248 0.954376 -0.602767 0.40195 0.689281 -0.951332 -0.0113847 0.307956 -0.957483 -0.21318 0.194373 0.393993 0.138936 0.908552 0.778696 -0.202565 0.593802 -0.939824 0.0634012 0.335726 -0.955253 -0.28102 -0.0922991 -0.922583 -0.24609 0.297121 -0.0344499 0.288394 0.956892 -0.0395299 0.547614 0.835797 0.211055 0.259638 0.942361 0.793725 -0.50399 0.340582 -0.151599 0.658196 0.737425 0.379454 0.567311 0.730871 -0.605811 0.469993 0.64195 -0.263309 -0.033217 0.96414 0.407284 -0.0473135 0.912075 -0.526763 -0.0463484 0.848748 -0.947209 -0.240146 0.212427 0.177013 0.98037 -0.0868351 0.685047 -0.0629696 0.725773 -0.818392 -0.445809 0.362614 0.625923 0.695727 0.352398 0.262089 -0.404351 0.876247 -0.949478 -0.132309 0.284581 0.773114 0.607976 0.180721 -0.460454 0.0366545 0.886926 -0.898876 0.284107 0.333623 -0.825544 0.453658 0.335666 -0.780717 0.573771 0.247521 -0.466814 -0.0386612 0.88351 0.957998 -0.1122 0.263913 0.68807 0.647064 0.328433 -0.14324 -0.199473 0.969378 -0.494922 -0.0747594 0.865715 -0.176654 -0.208469 0.961943 -0.607947 -0.227681 0.760632 0.513776 -0.0853125 0.853672 0.993796 -0.0609456 0.0930349 -0.559037 0.827425 0.0533502 0.80244 0.231534 0.549984 0.205654 -0.202581 0.957428 -0.713048 -0.11113 0.692252 -0.602634 0.674453 0.426551 -0.77882 -0.126409 0.614378 -0.843103 0.537736 -0.00406303 -0.344336 -0.00150297 0.938845 0.0786797 0.981473 0.174698 -0.647328 0.201312 0.735146 0.0704891 -0.160015 0.984595 0.329712 -0.023511 0.943789 0.30596 0.00991788 0.951993 -0.171764 0.0998197 0.980068 -0.681794 0.634777 0.363613 -0.726836 0.300122 0.617767 -0.687173 0.24395 0.684312 0.542778 -0.0161527 0.839721 -0.552901 0.613656 0.563673 0.440055 -0.205062 0.874243 0.559221 -0.0361318 0.828231 0.00943881 0.215262 0.976511 -0.583887 0.0288952 0.81132 0.335369 -0.100828 0.936676 0.1981 -0.186428 0.962289 0.561711 -0.0432634 0.826201 0.363763 -0.0498052 0.930159 -0.0946665 0.0242553 0.995214 -0.498529 -0.0138562 0.866762 -0.290013 -0.094796 0.952316 -0.580818 0.0244265 0.813667 0.538372 0.155509 0.828234 -0.51418 -0.0254782 0.857304 0.45292 0.0375231 0.890761 -0.248459 0.0216706 0.9684 -0.35054 -0.00761269 0.936517 0.478519 -0.0628704 0.875823 0.557371 -0.0268609 0.829829 0.658081 -0.0242783 0.752556 0.382466 0.00297799 0.923965 0.644248 -0.0695398 0.761649 0.71707 0.0591409 0.694488 -0.456448 0.00310651 0.889745 -0.45905 -0.139291 0.877423 -0.420021 -0.050255 0.906122 -0.894111 0.105737 0.435184 0.0556867 -0.134054 0.989408 -0.524871 -0.0786158 0.847543 -0.559539 -0.0260019 0.828396 -0.75193 -0.0473829 0.657538 -0.168951 -0.249092 0.953629 0.0203451 0.991286 -0.130145 -0.0668367 -0.125812 0.9898 -0.795691 0.0414479 0.604283 0.590424 -0.00390682 0.807084 -0.11508 -0.137047 0.983857 0.548176 -0.125868 0.826838 -0.460435 -0.123584 0.879049 0.173171 -0.284573 0.942884 0.643874 -0.0530849 0.763288 0.642351 -0.416609 0.643289 0.224173 -0.249262 0.942133 -0.0808296 0.968388 -0.235991 -0.723224 0.132834 0.677718 -0.994402 -0.0577799 0.0884625 -0.530219 0.274101 0.802332 0.592961 0.123441 0.795713 -0.969121 -0.209528 0.13001 0.969988 0.242368 -0.0195077 0.968585 -0.0512096 0.243352 -0.910824 -0.400108 -0.101552 0.90152 -0.0945601 0.422279 0.474383 0.0624917 0.878097 0.735655 0.668401 -0.109776 0.927859 0.158002 0.337808 0.864748 0.116651 0.488471 0.262802 -0.104343 0.959191 0.195293 -0.199921 0.960152 0.259507 -0.173616 0.950007 0.912868 -0.279969 0.297135 0.929118 -0.252268 0.270372 -0.372494 -0.0660414 0.925682 -0.330554 -0.851857 0.406291 -0.233117 -0.324888 0.916572 -0.896456 -0.359938 0.258479 -0.243482 0.00803313 0.969872 -0.356808 0.11511 0.927059 0.362761 0.622251 0.693692 0.888313 0.441966 0.124766 0.821211 0.131462 0.555275 -0.338096 0.00107853 0.941111 0.846071 -0.260906 0.464857 0.709644 -0.122081 0.693903 -0.67917 -0.288714 0.674813 0.602498 -0.130773 0.787334 0.50348 -0.118958 0.855779 -0.601102 0.558988 0.571147 0.655676 -0.0333919 0.754304 -0.063578 0.119581 0.990787 -0.349346 -0.069092 0.934443 0.915282 -0.264442 0.303859 0.0394605 -0.181112 0.98267 0.147712 0.979425 0.137507 0.439102 -0.0340132 0.897793 -0.129978 0.225972 0.965423 0.040127 0.276522 0.960169 0.492253 0.861074 0.12743 -0.93155 -0.341331 0.125329 -0.857193 -0.0372541 0.513647 -0.878285 0.114164 0.464308 0.730407 0.59121 0.342018 -0.0474077 -0.174033 0.983598 -0.0698347 -0.185644 0.980132 0.108572 0.0189956 0.993907 0.581828 -0.0975109 0.807445 0.339393 -0.0492972 0.939352 -0.658551 0.714828 -0.235228 -0.790592 -0.203975 0.577372 0.45494 0.4819 0.748867 -0.846615 -0.23872 0.475663 -0.280518 -0.172881 0.944152 -0.377433 0.0882139 0.921826 -0.25837 0.441503 0.859255 -0.579317 -0.101704 0.808733 -0.243089 0.96866 0.0510549 -0.052996 0.988766 0.139765 -0.177844 -0.237796 0.954895 -0.218337 -0.0646614 0.973729 0.416465 0.0153381 0.909023 -0.445265 -0.0701762 0.892644 0.331951 -0.251858 0.909052 -0.408986 0.861043 0.302218 -0.05948 0.969548 0.23757 -0.389066 0.0413178 0.920283 -0.229771 -0.181351 0.956199 -0.888464 -0.241045 0.390549 -0.544815 0.316608 0.77649 0.0808341 0.0754191 0.99387 0.392513 -0.24833 0.885588 -0.286126 -0.0143266 0.958085 -0.507595 -0.116554 0.853676 0.456986 0.123164 0.880906 -0.927321 -0.178222 0.329109 0.406589 0.0465051 0.912427 -0.882822 -0.0694294 0.464547 -0.666432 0.0460046 0.744145 0.620482 0.02954 0.783664 -0.644587 0.480262 0.594858 0.376016 -0.0321091 0.926057 0.378539 -0.166913 0.910411 -0.911793 0.155369 0.380124 -0.803099 0.0824737 0.59011 -0.912339 0.174879 0.370211 -0.768618 0.240228 0.592889 -0.541461 0.527915 0.654313 0.189989 0.152277 0.969905 0.492278 -0.294893 0.818963 -0.392092 0.117404 0.912404 0.0735041 -0.260022 0.962801 -0.605934 -0.0153948 0.795366 -0.210689 0.971414 0.10939 -0.302789 0.951629 0.052154 0.190497 -0.244483 0.950757 0.0621235 -0.338079 0.939065 0.0848161 -0.213198 0.973321 -0.0977337 -0.29014 0.95198 -0.0193404 0.988218 -0.151824 0.368622 0.213445 0.904742 -0.52327 -0.124645 0.843002 0.249907 -0.0562495 0.966635 -0.93298 0.114556 0.341211 -0.080043 -0.789469 0.608548 0.337545 -0.515861 0.78737 0.601116 -0.556316 0.573735 -0.0673275 -0.330684 0.941337 -0.329142 -0.213758 0.919768 -0.940106 -0.340232 0.0210418 0.699003 -0.278794 0.658536 0.90652 0.0438228 0.419881 0.811342 0.154504 0.563784 0.700855 0.130951 0.701181 -0.100186 -0.337484 0.935985 0.507748 0.680722 0.528024 0.471111 0.861183 0.190835 -0.69299 -0.020804 0.720647 -0.400365 0.551076 0.732136 -0.431053 -0.120168 0.894289 0.721882 0.475284 0.502982 0.635733 0.59134 0.496146 0.744218 -0.148497 0.651221 0.590935 -0.185788 0.785035 0.522626 -0.266052 0.809987 -0.458393 -0.240456 0.855604 0.266274 0.0181528 0.963726 0.379138 -0.0692419 0.922746 -0.0903546 0.242292 0.965987 0.380998 0.550746 0.742644 0.0893099 0.0706506 0.993495 -0.0801923 -0.186707 0.979137 0.0224922 -0.0945608 0.995265 -0.39818 0.606232 0.68843 0.235977 -0.191507 0.952701 0.417063 -0.131696 0.899286 0.714414 0.205831 0.668764 0.849981 -0.252599 0.462305 0.0620216 -0.0758225 0.995191 0.360786 -0.0941972 0.927879 -0.116559 -0.212461 0.970193 0.84665 -0.266361 0.46069 -0.293187 0.19822 0.935281 -0.047731 0.00817396 0.998827 0.0407025 -0.206745 0.977548 -0.0565013 -0.244295 0.968054 0.884821 -0.266878 0.381926 0.832114 -0.171663 0.527369 -0.24081 -0.92034 0.308196 -0.635796 -0.719838 0.278562 -0.809275 -0.551972 0.200999 0.798946 0.0831249 0.59563 0.119668 0.13307 0.983856 0.0689796 -0.322346 0.944105 0.065783 0.0301995 0.997377 -0.661329 -0.280362 0.695731 -0.624968 -0.192652 0.756505 -0.721627 -0.234281 0.651434 0.724208 0.163592 0.669896 0.0184072 -0.0762529 0.996919 0.0176422 -0.137959 0.990281 -0.815351 0.127659 0.564718 -0.674676 -0.629816 0.384895 -0.375005 -0.0201054 0.926805 -0.807149 -0.0755927 0.585488 -0.827614 0.166378 0.536072 -0.439178 -0.506873 0.741757 0.23348 -0.0492022 0.971116 0.264913 0.0555583 0.96267 -0.156869 -0.389987 0.90736 -0.450251 0.105859 0.886605 0.186102 -0.396565 0.898945 0.064834 -0.403839 0.91253 -0.891502 0.413162 0.185803 -0.861508 0.500938 0.0828549 -0.550387 -0.0268242 0.834479 -0.843929 -0.237742 0.480898 -0.304152 0.0213922 0.952383 0.152715 -0.258321 0.953912 -0.279002 0.0246535 0.959974 0.0455044 0.485893 0.872833 -0.00364262 0.154074 0.988053 0.151043 -0.0837931 0.984969 0.393778 -0.0564011 0.917474 0.855394 -0.0827391 0.511327 -0.223745 -0.126613 0.966389 -0.785542 0.371853 0.494621 -0.856441 -0.211958 0.470726 0.0960496 -0.731445 0.675102 -0.569891 0.0639373 0.819229 -0.0044685 0.0087825 0.999951 -0.336346 -0.12284 0.933693 -0.165907 -0.073004 0.983436 -0.0514534 -0.129905 0.990191 -0.767963 0.402854 0.497937 -0.228977 -0.0347621 0.972811 0.151481 -0.0503025 0.987179 0.412538 -0.670755 0.61636 -0.147814 -0.0620251 0.987068 0.108627 0.907016 0.406844 -0.929381 -0.129873 0.345519 -0.0484254 0.918643 0.392109 0.0504829 -0.187879 0.980894 0.734851 0.519819 0.43564 0.864814 -0.192583 0.46369 -0.885831 0.210549 0.413488 0.744736 0.0323776 0.666573 0.754313 0.0579253 0.653955 -0.753147 0.589023 0.292953 -0.87232 0.485113 0.0610228 0.19799 -0.0958525 0.975506 0.011586 0.63453 0.772812 -0.509271 0.60073 0.616252 -0.254526 0.674465 0.693046 0.0246625 0.646621 0.762413 0.0321719 0.0354 0.998855 -0.546609 -0.0214744 0.837113 0.206448 0.156279 0.965897 -0.351039 -0.0263513 0.93599 0.409343 -0.496545 0.765429 -0.483471 0.0485311 0.874014 -0.346976 -0.0478028 0.936655 0.503225 -0.248547 0.827641 0.401415 -0.0479206 0.914642 0.458503 0.0214668 0.888434 0.626219 -0.0366001 0.778788 0.782798 0.237804 0.575045 0.719396 0.390959 0.574126 -0.601107 -0.143891 0.786108 0.0405095 -0.249225 0.967598 0.303527 0.0176966 0.952658 0.47017 -0.184723 0.863028 -0.383454 -0.21252 0.898776 -0.0258793 -0.248364 0.968321 0.762106 -0.216016 0.610353 0.184264 -0.370075 0.910545 -0.656867 -0.129821 0.742747 -0.709074 -0.292594 0.641563 0.287062 -0.0166938 0.957767 0.433527 -0.0980112 0.895795 0.151527 0.111709 0.98212 0.444866 -0.424389 0.788662 -0.0646786 0.0731611 0.995221 0.00220996 0.186509 0.982451 -0.72886 -0.0128787 0.684542 0.795644 -0.26488 0.544784 0.704745 -0.364063 0.608927 -0.736265 0.184108 0.651167 0.151235 -0.410111 0.899409 0.893753 0.127458 0.43007 -0.48033 -0.0214247 0.876826 -0.131491 0.0250863 0.991 -0.217958 -0.070414 0.973415 -0.825734 -0.114797 0.552254 0.662613 -0.0858318 0.744027 0.782451 -0.230503 0.57848 -0.927159 0.00476523 0.374638 0.157695 -0.106525 0.981725 -0.090289 -0.0271841 0.995545 -0.448754 -0.195957 0.871907 0.0730291 -0.128815 0.988976 -0.434104 -0.158662 0.886781 -0.448609 -0.477683 0.75536 -0.415335 -0.20961 0.885189 -0.829413 0.0174235 0.558365 0.405834 -0.0667726 0.911504 0.22357 -0.00537489 0.974673 -0.728207 -0.435585 0.529131 -0.207046 -0.0555225 0.976754 -0.838021 -0.277712 0.469677 0.314676 -0.0971254 0.944217 0.423179 0.0913287 0.901432 -0.675754 0.162958 0.718889 0.0149783 -0.753967 0.656741 0.156737 -0.722076 0.673824 -0.278775 0.0916135 0.955977 -0.769999 0.528812 0.357014 -0.165156 -0.0479697 0.9851 0.0966133 -0.420153 0.902296 -0.122626 -0.0795462 0.98926 -0.685428 0.354415 0.636065 0.343094 -0.381457 0.858357 0.204803 0.0242054 0.978504 -0.272385 0.61821 0.737307 -0.0839879 -0.0973284 0.991702 -0.127125 0.578472 0.805735 -0.834733 -0.548089 0.0530917 -0.0109685 -0.390898 0.920369 -0.198207 0.00277091 0.980156 -0.491793 -0.174169 0.853115 -0.335069 -0.146087 0.930799 0.392314 0.765665 0.509752 -0.807323 0.0563833 0.58741 -0.436553 -0.213574 0.873961 0.617236 0.102255 0.780105 0.626261 0.401214 0.66845 -0.373922 -0.263982 0.889098 0.0420716 -0.153312 0.987282 0.530369 -0.173293 0.829867 0.367771 -0.131795 0.920529 -0.330239 -0.0487529 0.942637 0.153698 -0.0261888 0.987771 0.651609 -0.262427 0.711714 0.601724 0.48007 0.638327 0.399651 -0.251962 0.881359 0.575591 0.198313 0.793327 -0.532646 0.718358 0.447493 -0.319533 -0.20758 0.924559 0.729276 -0.25985 0.632957 -0.312961 -0.122984 0.94177 -0.842631 0.456672 0.285347 0.101821 -0.141203 0.98473 0.48422 -0.18241 0.855721 -0.51144 0.174808 0.841351 -0.531963 0.695034 0.483678 0.823223 -0.203112 0.53014 -0.770832 -0.22339 0.596586 0.0566355 -0.128946 0.990033 0.177659 -0.070698 0.981549 -0.215596 0.065873 0.974258 -0.18738 0.560031 0.807003 -0.670205 0.400944 0.624555 -0.532376 0.504857 0.679482 -0.117242 0.613636 0.780836 0.0138287 0.650841 0.759088 0.744481 0.540056 0.39254 0.0995299 0.674641 0.731405 0.31562 0.57139 0.75756 -0.128012 0.153166 0.979874 -0.0163728 0.070918 0.997348 -0.708814 -0.314595 0.631358 -0.887166 -0.155174 0.434577 -0.00939298 0.957516 0.288226 0.486594 0.478579 0.730883 0.043496 -0.0173827 0.998902 0.479596 -0.151899 0.864242 -0.799669 -0.049679 0.598382 0.454674 -0.188164 0.870555 -0.0748704 -0.150306 0.985801 -0.71322 0.0303825 0.700282 -0.622044 0.135587 0.771154 0.458663 -0.170042 0.872189 0.679387 -0.119517 0.723981 0.427597 -0.303977 0.851328 -0.712642 -0.219718 0.666232 -0.716935 -0.236639 0.655749 0.73666 -0.267435 0.621137 -0.784026 -0.13856 0.605066 -0.624215 0.146386 0.767416 -0.852895 -0.450668 0.263567 -0.921663 -0.386865 0.0295542 0.0832166 0.534423 0.84111 0.151617 0.441342 0.884438 0.229077 0.189873 0.95471 0.727237 -0.0507372 0.684509 0.285672 0.408619 0.866846 0.516521 0.449328 0.72891 0.325086 -0.188491 0.92671 -0.308324 -0.649643 0.694911 -0.254884 -0.183156 0.949467 -0.578087 -0.33595 0.743608 0.57716 0.670095 0.466754 0.195419 0.977418 0.0804104 -0.222283 -0.121912 0.96733 -0.158228 -0.385896 0.908872 0.684396 0.397318 0.611344 -0.142719 -0.190288 0.971299 0.172116 -0.152419 0.973214 -0.551403 -0.316541 0.771853 0.109794 -0.21468 0.970494 -0.0140436 -0.202491 0.979183 0.603638 0.0346933 0.796503 0.850663 -0.0730194 0.520615 0.212674 -0.205235 0.955326 -0.259317 0.00920917 0.965748 0.392313 -0.093363 0.915081 -0.630557 0.247666 0.735568 -0.494768 0.207203 0.843962 -0.436117 -0.0179973 0.89971 0.357339 -0.099741 0.928634 0.26853 -0.411053 0.871164 0.135981 -0.368727 0.919538 0.329464 -0.383291 0.862868 0.558366 0.164713 0.813079 0.641141 -0.00265753 0.767419 -0.638916 0.502981 0.582062 -0.435595 -0.168426 0.884245 0.201988 -0.191024 0.960578 0.447218 -0.0710596 0.891598 0.0134133 -0.247171 0.968879 -0.0163013 0.798974 0.601145 -0.450972 0.0848402 0.888497 -0.408528 -0.0578994 0.910908 -0.328185 -0.167781 0.929594 -0.369441 -0.19582 0.908387 -0.529687 0.623592 0.574947 -0.437009 -0.24783 0.864641 -0.560378 -0.221543 0.798057 -0.268736 0.42838 0.862711 0.63812 0.0482877 0.768422 0.475674 -0.269159 0.83743 -0.196937 0.980235 -0.0188627 -0.424866 0.00743006 0.905226 -0.367932 0.635913 0.67841 -0.132515 0.464132 0.875798 0.0767285 0.410744 0.908516 0.174646 0.570232 0.802704 -0.617561 -0.219509 0.755271 0.508434 -0.220334 0.832435 0.277164 0.398234 0.874408 0.373259 0.511282 0.774124 0.418312 0.355098 0.836015 -0.413058 0.0853744 0.906694 -0.428401 -0.0749596 0.900474 -0.607801 0.116082 0.785559 0.0769108 0.929055 0.361859 0.621406 -0.140459 0.770796 -0.193643 -0.150024 0.969534 0.305072 -0.224272 0.925545 0.310926 0.283826 0.907066 -0.0334852 0.221044 0.974689 0.175506 -0.323183 0.929919 -0.505696 -0.160675 0.847617 0.337446 0.200154 0.91982 -0.837497 -0.500084 0.22026 0.473082 -0.123186 0.872364 0.0785419 -0.107408 0.991108 0.573878 -0.121312 0.809906 0.0792256 -0.249747 0.965065 -0.212383 -0.0451889 0.976141 -0.251561 -0.279244 0.926682 0.479514 0.170778 0.860756 0.360613 0.0985359 0.927496 -0.362473 -0.0949092 0.927149 0.361919 -0.0770927 0.929016 0.14862 -0.333527 0.930952 -0.402309 0.135039 0.90549 -0.187685 0.500494 0.845151 0.559592 -0.187617 0.807252 -0.553194 0.0637393 0.83061 -0.186065 -0.23027 0.955173 0.401426 -0.105685 0.909774 -0.526294 -0.211434 0.823596 0.417129 -0.243512 0.875617 -0.717354 -0.157034 0.678781 -0.271959 -0.175891 0.946098 0.00703904 -0.188731 0.982004 0.867573 0.171726 0.46672 -0.291627 0.0103467 0.956476 -0.254293 -0.183523 0.949555 -0.248925 -0.286036 0.925321 0.59319 -0.141512 0.792528 -0.0346903 -0.428666 0.902797 -0.316206 -0.285639 0.904668 -0.137895 0.562808 0.815005 0.0906217 0.751011 0.654042 0.243142 -0.554199 0.796081 0.0123554 0.768646 0.639555 -0.477956 -0.611486 0.630589 0.687538 -0.31363 0.654926 -0.166721 -0.601478 0.781299 -0.0597129 0.615843 0.785603 0.408567 0.598458 0.689146 -0.434822 -0.200539 0.877903 0.615009 -0.60843 0.501575 -0.552094 0.0493554 0.83232 0.89555 -0.269482 0.354076 -0.70014 0.624178 0.346707 -0.93927 -0.278161 0.200994 -0.75253 -0.531524 0.38882 -0.381577 0.65008 0.657112 -0.905788 0.0420234 0.421643 -0.131174 0.91511 0.381271 -0.249469 0.396424 0.883523 -0.106641 0.245623 0.963482 -0.226875 0.185707 0.956055 0.624864 0.00680954 0.780704 -0.466838 0.13946 0.873277 -0.620975 -0.057262 0.781736 0.0372466 0.272063 0.961558 0.0631197 0.183373 0.981015 0.109104 0.151502 0.982417 -0.217558 0.0245186 0.975739 0.359118 0.00987868 0.93324 0.545461 0.133134 0.827495 0.158647 -0.334259 0.929033 0.440813 -0.116491 0.890008 -0.0553409 -0.31657 0.946953 -0.443934 0.246913 0.861369 -0.127318 0.0470813 0.990744 -0.432059 0.344926 0.833277 0.304655 0.16946 0.937267 -0.411042 -0.0598497 0.90965 -0.0882044 0.399141 0.912637 -0.409667 0.228511 0.883151 0.393041 0.0777844 0.916225 0.0100408 0.367135 0.930114 0.391953 0.0727095 0.917107 0.448905 -0.164766 0.878258 -0.391267 -0.0955199 0.915307 -0.507038 -0.183637 0.842134 0.439963 0.0347043 0.897345 -0.0805398 -0.188591 0.978747 0.121863 0.171357 0.977643 0.145638 -0.958877 0.243607 0.502626 -0.826815 0.252474 0.169579 -0.369709 0.913541 0.372866 -0.0671349 0.925453 0.774079 -0.621166 0.122286 0.131604 -0.199366 0.971048 -0.239586 -0.154745 0.958464 -0.696429 -0.591447 0.406419 0.504375 0.00711524 0.863456 0.940615 -0.0852931 0.328585 -8.99276e-05 -0.140653 0.990059 0.13525 0.411499 0.901319 0.655034 0.134478 0.743537 -0.08098 0.402934 0.91164 -0.481457 -0.0445453 0.875337 0.212692 0.0160721 0.976987 0.23559 0.127546 0.963447 0.184284 -0.182045 0.965867 0.139568 0.269951 0.952705 -0.0343843 0.247535 0.968269 -0.595821 0.0916246 0.797874 -0.163252 0.268104 0.949457 0.221443 0.19818 0.954823 -0.355588 -0.0134215 0.934546 -0.523319 -0.114923 0.844352 0.276433 -0.166037 0.946582 0.33521 0.162677 0.927993 0.115724 0.174077 0.977908 -0.0159065 0.181875 0.983193 -0.323058 -0.0905497 0.942037 0.413959 -0.318072 0.852917 -0.202184 -0.951368 0.232423 -0.414756 -0.903547 0.107613 0.800208 0.43761 0.410079 0.566944 -0.0991635 0.817766 -0.144464 0.219842 0.96478 0.400327 -0.531939 0.746177 -0.24006 -0.185932 0.952786 0.136304 0.225348 0.964697 0.209535 0.0884897 0.973789 -0.285919 -0.175395 0.942065 -0.0284797 0.417003 0.908459 0.524067 0.655419 0.543857 -0.551186 -0.138671 0.822779 0.43329 0.261141 0.862592 0.391041 0.463151 0.795348 0.0212108 0.54394 0.838856 0.0839492 0.537713 0.838938 -0.65359 -0.327314 0.682411 -0.0553779 0.383801 0.921754 0.403316 0.0162574 0.914916 0.451935 -0.0331842 0.891433 -0.240011 -0.0435333 0.969794 -0.0377555 -0.177675 0.983365 -0.670869 -0.728466 0.13882 -0.501933 -0.0137826 0.864797 -0.400809 0.118311 0.90849 -0.2158 -0.00170381 0.976436 0.51991 0.134169 0.843619 -0.460036 0.0865752 0.88367 -0.444264 0.144309 0.884197 0.435623 0.0426332 0.899119 0.425573 0.069551 0.902247 -0.871877 0.318948 0.371621 -0.245778 0.0158172 0.969197 0.271455 0.00159148 0.96245 -0.232173 0.534498 0.812655 -0.471429 0.379777 0.795943 0.499101 -0.021736 0.866271 0.238861 0.0511 0.969708 -0.256566 0.500987 0.826551 -0.0526541 -0.328035 0.943197 0.0300151 -0.196991 0.979946 0.00375203 -0.142254 0.989823 -0.182891 0.15403 0.970992 0.133218 0.21182 0.968187 -0.368524 0.12798 0.920767 -0.315616 0.160079 0.935287 -0.295496 0.0678184 0.952934 -0.169936 0.0241302 0.98516 -0.166702 -0.0290018 0.985581 -0.19443 0.108659 0.97488 -0.353576 0.0321545 0.934853 -0.150526 0.104142 0.983105 -0.273536 0.0403552 0.961015 -0.0654667 -0.0111534 0.997792 -0.0577391 0.110174 0.992234 -0.329062 -0.101359 0.938853 0.199696 0.7823 0.590024 -0.426346 -0.549705 0.718369 0.293964 0.148973 0.944136 0.289465 0.00789217 0.957156 0.0925234 -0.0955248 0.991118 0.355222 -0.0966794 0.929769 -0.25887 0.207835 0.943287 -0.892369 -0.425308 0.150968 0.287461 0.0562069 0.956142 -0.0532372 -0.170359 0.983943 0.266054 -0.143384 0.953235 -0.591708 0.578554 0.561388 -0.176154 -0.0792285 0.981169 0.195906 -0.174471 0.964977 -0.102447 0.350932 0.93078 -0.20656 0.805761 0.555051 0.0571693 0.176774 0.98259 0.0656215 0.0494427 0.996619 -0.339495 0.00140362 0.940607 -0.0232712 0.0707996 0.997219 -0.333217 0.0035927 0.942843 0.161999 -0.320085 0.933435 -0.376571 -0.321834 0.868687 -0.336092 -0.158903 0.928328 -0.152959 0.190887 0.969622 0.0719748 0.0550209 0.995888 -0.285042 0.0937518 0.953919 -0.139496 -0.0841784 0.986638 -0.00347919 -0.270255 0.962783 -0.0548294 -0.0870453 0.994694 0.239678 0.0666654 0.968561 -0.0777471 -0.114753 0.990347 0.883801 -0.368741 0.287968 0.0911356 0.115486 0.98912 0.109826 0.145535 0.983239 0.0435015 0.04324 0.998117 0.086285 -0.204703 0.975014 0.173159 -0.0587406 0.983141 0.150446 -0.0467571 0.987512 0.339297 -0.104716 0.934833 0.127429 -0.0805876 0.988568 -0.435256 -0.898509 0.0568616 -0.050503 -0.990081 0.131109 0.594239 0.508378 0.623243 -0.137401 -0.0058604 0.990498 0.135415 -0.0154382 0.990669 -0.0115295 0.0659275 0.997758 0.143409 0.0819595 0.986264 -0.917741 -0.0598466 0.392646 0.0531776 -0.0818929 0.995221 -0.0519074 -0.0620578 0.996722 0.0903732 -0.0300989 0.995453 0.91906 -0.0729513 0.387307 -0.708703 -0.705294 0.0173477 0.0715797 0.178455 0.981341 -0.0802561 0.0256981 0.996443 -0.158574 -0.0405053 0.986516 0.0208615 0.00697941 0.999758 -0.0121188 -0.0667322 0.997697 0.00426896 0.0865351 0.99624 0.0423247 -0.0975913 0.994326 0.115618 0.126206 0.985243 0.156181 0.801573 0.577139 -0.152788 0.0538845 0.986789 0.188156 -0.0223527 0.981885 0.0878999 -0.0977055 0.991326 -0.0918645 -0.15652 0.983393 -0.0122503 -0.338734 0.940802 -0.108926 -0.00329841 0.994044 0.03474 -0.109786 0.993348 0.0827452 -0.219277 0.972148 0.131063 -0.0235544 0.991094 0.0492315 -0.187385 0.981052 -0.181041 -0.535658 0.8248 -0.0636229 -0.338858 0.938684 -0.624183 -0.562697 0.542003 0.0458497 -0.511975 0.857776 -0.702399 0.208347 0.680609 0.526005 -0.837087 0.150348 -0.196189 0.820303 0.537226 -0.354842 0.647658 0.67426 -0.784746 0.374557 0.493843 0.11802 -0.473671 0.872759 -0.882527 -0.428156 0.194497 0.808134 0.327313 0.489679 0.203902 -0.359791 0.91048 0.0553094 -0.238117 0.96966 0.626172 0.311802 0.714625 -0.954592 0.104772 0.278885 0.292153 -0.322302 0.900427 0.310524 -0.85947 0.406061 0.708959 -0.53733 0.456785 -0.0795019 -0.52459 0.847635 0.837057 -0.299692 0.457734 -0.91829 -0.0904956 0.385428 0.570998 0.54236 0.616284 0.887045 0.280153 0.366969 0.229603 0.684838 0.691577 -0.313641 -0.529653 0.788097 -0.589934 0.576372 0.565485 -0.763449 0.41886 0.491633 -0.367646 -0.36326 0.856083 -0.746361 -0.545285 0.381589 0.216189 -0.300529 0.928948 -0.292431 0.741088 0.604378 0.615262 0.51051 0.600693 -0.372056 -0.801551 0.468071 0.0323812 -0.719732 0.693497 -0.0241291 -0.346925 0.937583 0.854616 -0.0203607 0.518862 0.600871 0.57337 0.556957 0.225187 0.791703 0.567888 0.437931 -0.483261 0.758073 -0.390071 -0.492984 0.777696 -0.648593 0.21671 0.729632 -0.703447 -0.212125 0.678355 -0.157773 0.566725 0.80866 -0.0505432 -0.284984 0.957199 -0.359206 -0.101038 0.927773 0.508625 -0.188586 0.840081 0.26697 -0.313829 0.911174 0.490914 0.184556 0.851436 0.250095 0.471805 0.84549 0.069018 -0.0228983 0.997353"/>
   </IndexedFaceSet>
  </Shape>
 </Scene>
</X3D>
